<?xml version="1.0" encoding="US-ASCII" standalone="yes"?>
<component type="serialArticle" version="2.0" xml:id="voxs12365" xml:lang="en" xmlns="http://www.wiley.com/namespaces/wiley" xmlns:wiley="http://www.wiley.com/namespaces/wiley/wiley">
<header>
<publicationMeta level="product">
<doi origin="wiley" registered="yes">10.1111/(ISSN)1751-2824</doi>
<issn type="print">1751-2816</issn>
<issn type="electronic">1751-2824</issn>
<idGroup>
<id type="product" value="VOXS"/>
</idGroup>
<titleGroup>
<title sort="ISBT SCIENCE SERIES" type="main">ISBT Science Series</title>
<title type="short">VOXS</title>
</titleGroup>
</publicationMeta>
<publicationMeta level="part" position="10"><doi origin="wiley">10.1111/voxs.2018.13.issue-1</doi>
<titleGroup>
<title type="specialIssueTitle">27th Regional Congress of the International Society of Blood Transfusion, Copenhagen, Denmark, June 17&#x2010;21, part II</title>
</titleGroup>
<copyright ownership="thirdParty">Copyright ISBT Science Series &#x00A9; 2018 International Society of Blood Transfusion</copyright><numberingGroup><numbering type="journalVolume" number="13">13</numbering><numbering type="journalIssue">1</numbering></numberingGroup><coverDate startDate="2018-02">February 2018</coverDate>
</publicationMeta>
<publicationMeta level="unit" position="20" status="forIssue" type="reviewArticle">
<doi>10.1111/voxs.12365</doi>
<idGroup>
<id type="unit" value="VOXS12365"/>
</idGroup>
<countGroup>
<count number="8" type="pageTotal"/>
</countGroup>
<titleGroup>
<title type="articleCategory">Congress Review</title>
<title type="tocHeading1">27th Regional Congress of the International Society of Blood Transfusion, Copenhagen, Denmark, June 17&#x2010;21, part II</title>
<title type="tocHeading2">Congress Reviews</title>
</titleGroup>
<copyright ownership="thirdParty">&#x00A9; 2017 International Society of Blood Transfusion</copyright>
<eventGroup>
<event agent="SPS" date="2017-07-11" type="xmlCreated"/>
</eventGroup>
<numberingGroup><numbering type="pageFirst">3</numbering><numbering type="pageLast">10</numbering></numberingGroup>
<correspondenceTo>
<lineatedText>
<line><i>Correspondence</i>: Annika K. Hult, Division of Laboratory Medicine, Clinical Immunology and Transfusion Medicine, Office of Medical Services, Klinikgatan 21, SE&#x2010;221 85 Lund, Sweden.</line>
<line>E&#x2010;mail: <email>Annika.Hult@med.lu.se</email></line>
</lineatedText>
</correspondenceTo>
<linkGroup>
<link type="toTypesetVersion" href="file:voxs12365.pdf"/>
<link type="toAuthorManuscriptVersion" href="file:voxs12365_am.pdf"/>
</linkGroup>
</publicationMeta>
<contentMeta><countGroup><count type="figureTotal" number="1"/><count type="tableTotal" number="0"/><count type="wordTotal" number="5706"/></countGroup>
<titleGroup>
<title type="main">Flow cytometry in transfusion medicine: an overview</title>
<title type="shortAuthors">A. K. Hult</title>
</titleGroup>
<creators>
<creator affiliationRef="#voxs12365-aff-0001 #voxs12365-aff-0002" corresponding="yes" creatorRole="author" xml:id="voxs12365-cr-0001">
<personName><givenNames>A. K.</givenNames> <familyName>Hult</familyName></personName>
<contactDetails>
<email>Annika.Hult@med.lu.se</email>
</contactDetails>
</creator>
</creators>
<affiliationGroup>
<affiliation countryCode="SE" type="organization" xml:id="voxs12365-aff-0001"><orgDiv>Division of Laboratory Medicine</orgDiv> <orgDiv>Clinical Immunology and Transfusion Medicine</orgDiv> <orgName>Office of Medical Services</orgName> <address><city>Lund</city> <country>Sweden</country></address></affiliation>
<affiliation countryCode="SE" type="organization" xml:id="voxs12365-aff-0002"><orgDiv>Division of Hematology and Transfusion Medicine</orgDiv> <orgDiv>Department of Laboratory Medicine</orgDiv> <orgName>Lund University</orgName> <address><city>Lund</city> <country>Sweden</country></address></affiliation>
</affiliationGroup>
<keywordGroup type="author">
<keyword xml:id="voxs12365-kwd-0001">blood groups</keyword>
<keyword xml:id="voxs12365-kwd-0002">flow cytometry</keyword>
<keyword xml:id="voxs12365-kwd-0003">FMH</keyword>
<keyword xml:id="voxs12365-kwd-0004">genetics</keyword>
<keyword xml:id="voxs12365-kwd-0005">immunohaematology</keyword>
</keywordGroup>
<abstractGroup>
<abstract type="main" xml:id="voxs12365-abs-0001" xml:lang="en">
<section xml:id="voxs12365-sec-0001">
<title type="main">Background</title>
<p>Flow cytometry has been used in many different settings to, for example, analyse subpopulations of leucocytes in quality control of stem cell grafts and in the diagnosis of lymphoma and leukaemia. In transfusion medicine, it has mainly been utilized for detection and semiquantification of various blood group antigens as a complement to traditional serology, for quality control of blood components and detection of fetomaternal haemorrhage. Today, when flow cytometers are becoming smaller, cheaper and more user friendly and are available in many routine laboratories, the method should be considered as a valuable tool to use in addition to serology and genomic typing.</p>
</section>
<section xml:id="voxs12365-sec-0002">
<title type="main">Objectives</title>
<p>To give an overview of how flow cytometry can be useful in a transfusion medicine setting as a complement to both traditional serology and molecular testing.</p>
</section>
<section xml:id="voxs12365-sec-0003">
<title type="main">Conclusion</title>
<p>Flow cytometry has the advantages of a higher sensitivity for some antigens than in traditional serology and the ability to easily distinguish between two or more populations of cells, which makes it a useful tool in many clinical settings, for example in defining chimeras and in detection of fetomaternal bleeding. The combination of molecular testing and the detection of surface antigens by flow cytometry are found useful. When resolving clinically relevant <fc>ABO</fc> discrepancies we have found the combination of genetic testing and semiquantification of <fc>ABO</fc> antigens by flow cytometry very helpful. Taken together flow cytometry is a handy tool in clinical routine analysis as well as in research focusing on transfusion medicine.</p>
</section>
</abstract>
</abstractGroup>
</contentMeta>
<noteGroup xml:id="voxs00000-ntgp-1001">
<note numbered="no" xml:id="voxs00000-note-1001">2B&#x2013;04&#x2013;01</note>
</noteGroup>
</header>
<body sectionsNumbered="no" xml:id="voxs12365-body-0001">
<section xml:id="voxs12365-sec-0004">
<title type="main">Introduction</title>
<p>Flow cytometry is a technique utilized in many different settings, both in the routine laboratory and in research facilities. Many types of material can be tested, for example cells, DNA and bacteria. Through the years flow cytometry has been used to examine RBCs in different immunohaematology settings <link href="#voxs12365-bib-0001 #voxs12365-bib-0002 #voxs12365-bib-0003"/>, although it has never completely found its way into the routine transfusion medicine laboratories as detection of normal expression of blood group antigens is readily and quickly performed with traditional serological methods. Today, the main use of flow cytometric analysis in transfusion medicine is for quality control of blood components (leucocyte counts), detection of fetomaternal haemorrhage, elucidating aberrant antigen expression, for red blood cell (RBC) phenotyping in the reference laboratory setting and analysis of platelets. When analysing RBCs by flow cytometry there are methodological considerations to take into account, for example avoiding agglutination. Different methods used for staining and analysis of RBCs used by immunohaematology laboratories as well as in a research was very nicely reviewed by Arndt &#x0026; Garratty <link href="#voxs12365-bib-0004"/>.</p>
<p>Cellular therapies are part of the transfusion medicine laboratories in many places, and flow cytometry is widely used in the haematopoietic stem cell transplantation (HSCT) setting. The most important analysis is to define content of CD34&#x2010;positive haematopoietic progenitor cells in stem cell grafts <link href="#voxs12365-bib-0005"/> and to measure T&#x2010;cell content prior to allogeneic transplantations. Guidelines are issued by JACIE (Joint Accreditation Committee&#x2010;ISCT &#x0026; EBMT). More recently, the possibility to perform an <i>ex vivo</i> T&#x2010;cell depletion prior to transplantation has made it possible to use haploidentical donors for some patient groups. This has made analysis of recipient and donors samples more complex and put a demand on flow cytometry laboratories to develop gating strategies and stringent analysis. As this is a field in its own right, analysis in the HSCT setting will not be discussed further.</p>
<p>The first clinical flow cytometers came into use in the 1970s and enabled the measurement of different characteristics of single cells (or particles) by streaming them in a &#x2018;sheath&#x2019; fluid past a laser light source. Briefly, light scattering (FSC, forward scatter and SSC, side scatter) can distinguish cells of different size and granularity. When cells labelled with fluorochrome&#x2010;conjugated antibodies pass the laser, the fluorochrome is excited and emits light of a different wavelength. The light is sent to different detectors known as photo multiplier tubes (PMTs) by the use of optical filters and reflectors. The electrical pulses originating from the light signal detected by the PMTs are then processed and each event can be plotted on a graphical scale, and dot plots or histograms can be used to visualize the results.</p>
<p>The following is an overview on how analysis by flow cytometry can be used within the field of transfusion medicine.</p>
</section>
<section xml:id="voxs12365-sec-0005">
<title type="main">Detection and semiquantification of erythrocyte antigens</title>
<p>Flow cytometry has been used to examine erythrocyte antigens for many years and is considered as a very good complement when aberrant expression of various antigens needs to be elucidated. Many research groups have included testing by flow cytometry in discovery of new variants of blood group antigens and also to verify new blood group systems <link href="#voxs12365-bib-0006 #voxs12365-bib-0007 #voxs12365-bib-0008 #voxs12365-bib-0009 #voxs12365-bib-0010 #voxs12365-bib-0011"/>. The use of flow cytometry for analysis of (glyco)protein blood group antigens&#x002F;systems will be very briefly touched upon and exemplified by RHD and KEL where many different antibodies directed to specific epitopes are used in combination to examine the expressed protein.</p>
<p>At the clinical Nordic Reference Laboratory for Genomic Blood Group Typing and at the transfusion medicine research laboratory at Lund University we use flow cytometry frequently to evaluate and examine antigens within different carbohydrate blood group systems, for example ABO, P1PK, GLOB and FORS <link href="#voxs12365-bib-0006 #voxs12365-bib-0012 #voxs12365-bib-0013 #voxs12365-bib-0014 #voxs12365-bib-0015"/>. Flow cytometry was also included when the genetic background of the VEL blood group system was elucidated <link href="#voxs12365-bib-0007 #voxs12365-bib-0016"/>.</p>
<section xml:id="voxs12365-sec-0006">
<title type="main">Investigation of RhD expression</title>
<p>Flow cytometry is primarily used to evaluate D antigen expression and antigen site density in D variants. Analysis of samples carrying partial D expression and more commonly, D<sub>weak</sub> samples is complex and is a task that takes significant thought and consideration prior to testing. There are many monoclonal anti&#x2010;D that have been evaluated by monoclonal antibody workshops for use in flow cytometry, and there are also comments on techniques used for staining and how to evaluate antigen density <link href="#voxs12365-bib-0017 #voxs12365-bib-0018"/>. In a study by Wagner <i>et al</i>. <link href="#voxs12365-bib-0019"/>, they very nicely present the examination of <i>D</i><sub><i>weak</i></sub> alleles where flow cytometry was part of the investigation, and in total more than 50 anti&#x2010;D reagents were used. Others have also characterized new <i>RHD</i> alleles and correlated genotype with phenotype <link href="#voxs12365-bib-0020 #voxs12365-bib-0021"/>. Silvy <i>et al</i>. <link href="#voxs12365-bib-0022"/> used epitope mapping of different D variants by flow cytometry with workshop&#x2010;verified reagents.</p>
</section>
<section xml:id="voxs12365-sec-0007">
<title type="main">Kell</title>
<p>Thirty&#x2010;six different blood group antigens have been described on the Kell glycoprotein. Various antibodies to specific antigens, as well as anti&#x2010;CD238, an antibody towards the complete glycoprotein, have been used for elucidating weak expression, new antigens and K<sub>O</sub> phenotypes. Velliquette <i>et al</i>. <link href="#voxs12365-bib-0023"/> used flow cytometry in the elucidation of high&#x2010;prevalence antigens in the Kell blood group system. In a Dutch study, Ji <i>et al</i>. <link href="#voxs12365-bib-0024"/> examined a large cohort of donors for antigen variants in the Kell blood group system. They also included samples from individuals with a K<sub>0</sub> phenotype and a sample from an individual with McLeod syndrome, in which Kell antigens are weakly expressed. In a Brazilian study, three K<sub>0</sub> samples were confirmed by flow cytometry to be K&#x2212;, k&#x2212;Kp(a&#x2212;b&#x2212;), Jsb&#x2212; <link href="#voxs12365-bib-0025"/>.</p>
</section>
<section xml:id="voxs12365-sec-0008">
<title type="main">ABO expression and flow cytometry</title>
<p>For ABO, flow cytometry has previously been used for a variety of purposes: (1) to try (pregenomic testing) to define homo and heterozygosity for alleles exhibiting normal amounts of ABH antigens <link href="#voxs12365-bib-0026"/>; (2) to examine if alterations of ABH antigens occur during storage in the blood bank <link href="#voxs12365-bib-0027"/>; (3) to analyse the decrease of ABH antigen levels in leukaemia patients. It was reported that both loss of A and B antigens could be detected, as well as a decrease in H antigen levels <link href="#voxs12365-bib-0028"/>. The problem encountered in these reports is that the sensitivity of the assay appeared to be quite low. Many of the studies did not include weak control RBCs and in the two studies where they did include A<sub>x</sub> RBCs they were unable to detect any A antigen on these RBCs at all <link href="#voxs12365-bib-0026 #voxs12365-bib-0028"/>.</p>
<p>In a previous study, we devised a method for detection of A and B antigen with flow cytometry optimized to detect very small amounts of antigen on RBCs, remaining after treatment with a family of newly discovered exoglycosidases from bacteria <link href="#voxs12365-bib-0029"/>. A large number of different ABO reagents were screened and tested with a variety of secondary antibodies to find the optimal settings. This method has also been validated for detection of weak expression in genetically defined A and B subgroups and is now in clinical use for resolving ABO discrepancies <link href="#voxs12365-bib-0012 #voxs12365-bib-0013"/>.</p>
</section>
<section xml:id="voxs12365-sec-0009">
<title type="main">ABO discrepancies</title>
<p>As we at the Nordic Reference Laboratory for Genomic Blood Group Typing encounter many samples with aberrant ABO expression we have been able to correlate expression to genetically defined background <link href="#voxs12365-bib-0012"/>, which has shown a remarkable reproducibility from sample to sample. Some ABO subgroups are very distinct and just by analysing the histogram and dot plot the genetic background can be predicted with accuracy, for example the A<sub>finn</sub> phenotype. In addition, flow cytometry has been used for discrepancies of Bombay and para&#x2010;Bombay samples and investigation into samples with weakened expression due to either pregnancy or haematological malignancy. The combination of serology, flow cytometry and genetic testing gives a very thorough and complete picture of ABO variants and defined subgroups.</p>
<p>Two examples are given here where flow cytometry has been useful in the elucidation of intriguing ABO discrepancies and where genetic testing could be correlated to the results.</p>
<p>
<list style="1" xml:id="voxs12365-list-0001">

<listItem>The most common ABO subtype in northern Europe is the A<sub>3</sub> phenotype. A<sub>3</sub> was already identified in the 1930s <link href="#voxs12365-bib-0030 #voxs12365-bib-0031"/>, and the mixed field definition of A<sub>3</sub> was characterized by a few large agglutinates among a large number of free unagglutinated RBCs. This was very well corroborated when A<sub>3</sub> samples were tested by flow cytometry. Two populations of cells, group A and group O, were detected but also seen were cells expressing the antigen at an intermediate level (Fig. <link href="#voxs12365-fig-0001"/>a) and therefore clearly distinguishable from a chimera, where two distinct populations of cells are seen (Fig. <link href="#voxs12365-fig-0001"/>b). A mixed field pattern seen in traditional serology could also indicate previous transfusions with nonidentical ABO units and if the transfusion history of the patient is not known it would be difficult to define if it is an ABO subgroup, that is A<sub>3</sub>, or a transfusions related mixed field pattern. By flow cytometry this is possible to achieve. Genetic testing for the A<sub>3</sub> phenotype seen in our population has until recently not been available. The mutation causing the A<sub>3</sub> phenotype is not in the open reading frame of the <i>ABO</i> gene but in a regulatory region of intron 1 <link href="#voxs12365-bib-0032"/>. The mutation is found in close proximity to a GATA site approximately 5&#x00B7;8 kilo base pairs into the intron. Three different mutations were shown to give rise to an A<sub>3</sub> or A<sub>3</sub>&#x2010;like flow cytometry pattern of which one was by far the most frequent and could be correlated with the original A<sub>3</sub> phenotype reported.
</listItem>

<listItem>In the setting of a minor ABO&#x2010;incompatible HSCT, where group O donor haematopoietic stem cells are transplanted to a group A recipient we have in our laboratory encountered problems in routine ABO typing. Even though these patients have been defined as complete donor chimeras according to DNA&#x2010;based short&#x2010;tandem repeat analysis, that is they should type as group O, aberrant ABO expression in forward typing was detected. The question then arising was whether this was due to reoccurrence of RBCs derived from a recipient&#x2010;specific erythroid progenitor which may indicate relapse or something else. In a recently published paper <link href="#voxs12365-bib-0033"/>, we showed that the reaction seen is not a true mixed field reaction which would indicate relapse but a low level expression of ABO antigen on all RBCs in the sample (Fig. <link href="#voxs12365-fig-0001"/>c). The expression was shown to be due to A&#x002F;B antigen adsorption of type 1 glycolipids from plasma (derived from nonhaematopoietic cells) in secretor individuals and in these cases rejection of the HSCT could be ruled out.</listItem>
</list>
</p>
<figure xml:id="voxs12365-fig-0001">
<mediaResourceGroup>
<mediaResource alt="image" href="urn:x-wiley:17512816:media:voxs12365:voxs12365-fig-0001"/>
<mediaResource alt="image" href="image_m/voxs12365-fig-0001-m.png" mimeType="image/png" rendition="webHiRes"/>
<mediaResource alt="image" href="image_n/voxs12365-fig-0001.png" mimeType="image/png" rendition="webOriginal"/>
<mediaResource alt="image" href="image_t/voxs12365-fig-0001-t.gif" mimeType="image/gif" rendition="webLoRes"/>
</mediaResourceGroup>
<caption>In the histograms, <fc>PE</fc>&#x2010;derived fluorescence is displayed on the <i>x</i> axis on a logarithmic scale and the number of cells on the <i>y</i> axis. The cells were tested with anti&#x2010;A (clone <fc>ES</fc>&#x2010;15), and a rabbit anti&#x2010;mouse kappa <fc>PE</fc> secondary antibody was used. Controls included the following: A<sub>2</sub>, positive control (green), O, negative control (black), A<sub>x</sub> weak control (<i>A</i><sup>x</sup> <i>&#x2212;</i> 1&#x002F;<i>O</i><sup>1</sup>, orange), B, very weak control (blue), sample of interest (red). a. A sample with an A<sub>3</sub> phenotype. Two populations of cells with cells in between expressing A antigen at an intermediate level. b. Example of a chimeric sample with two distinct populations of cells. c. <fc>RBC</fc>s from a patient originally blood group A and transplanted with cells from a group O donor. The A antigen level seen on these donor&#x2010;derived group O <fc>RBC</fc>s is comparable to the level seen on the native A<sub>x</sub> control.</caption>
</figure>
</section>
</section>
<section xml:id="voxs12365-sec-0010">
<title type="main">Detection of mixed field reactions and minor cell populations</title>
<p>Flow cytometry is very well suited to detect small populations of cells which are a feature routinely used for post&#x2010;treatment follow&#x2010;up of leukaemia and lymphoma, that is minimal residual disease analysis and for HLA&#x2010;based chimerism analysis post&#x2010;haploidentical HSCT.</p>
<p>The mixed field reactions in ABO and RhD routine typing which are encountered from time to time in the transfusion medicine laboratory may be due to several things of which previous transfusions of nonidentical ABO and&#x002F;or RhD blood units are the most common. When previous transfusions have been ruled out the mixed field reaction may be caused by; congenital chimerism; fetomaternal haemorrhage in the case of pregnancy; an ABO subgroup phenotype with a typical mixed field reaction as, for example A<sub>3</sub>; and non blood group identical HSCT.</p>
<section xml:id="voxs12365-sec-0011">
<title type="main">Chimerism</title>
<p>Chimerism as a cause of blood group typing discrepancies has been known for a long time, and there are several reports of case studies <link href="#voxs12365-bib-0034 #voxs12365-bib-0035"/>, and it has also been reviewed by Drexler <i>et al</i>. <link href="#voxs12365-bib-0036"/> and Bluth <i>et al</i>. <link href="#voxs12365-bib-0037"/>. A congenital chimeric state is present when two or more distinct cell populations containing genetic material from more than one zygote exist within an individual. From a transfusion medicine point of view, it is important to solve ABO discrepancies especially for blood donors to ensure safe transfusions for patients. If a potential blood donor is found to be chimeric it is recommended that he or she does not donate blood, whereas if the typing discrepancy is due to a genetically defined ABO subgroup the donor can donate. In the work up of cases like this flow cytometry will very clearly show if there are two distinct populations present.</p>
</section>
<section xml:id="voxs12365-sec-0012">
<title type="main">Fetomaternal haemorrhage</title>
<p>Fetomaternal haemorrhage (FMH) is defined as loss of foetal cells into the maternal circulation. To accurately detect and quantify, FMH is essential in the setting of obstetric management of alloimmunization in RhD&#x2010;negative women. The volume of foetal blood is used to calculate the correct dosage of prophylactic anti&#x2010;D (RhIg) to be distributed to avoid alloimmunization against RBCs from an RhD&#x2010;positive foetus.</p>
<p>Different methods have been applied to identify foetal cells <link href="#voxs12365-bib-0038"/>, but the Kleihauer&#x2013;Betke test has probably been the one most commonly used. The test was published in 1957 <link href="#voxs12365-bib-0039"/> and is based on the resistance of HbF to acid elution: RBCs containing HbF are stained, whereas adult RBCs are not. This method can be appropriate for screening for FMH but is subjective and the reproducibility can be poor. When it comes to dose determination of RhIg to be given the Kleihauer&#x2013;Betke test is semiquantitative, and calculations may result in an incorrect dose of RhIg to be given <link href="#voxs12365-bib-0040"/>.</p>
<p>One of the first reports about using anti&#x2010;D (polyclonal, unconjugated with a fluorochrome&#x2010;conjugated secondary antibody) to detect foetal cells in maternal circulation in a flow cytometry setting was published in 1984 by Medearis <i>et al</i>. <link href="#voxs12365-bib-0041"/> where they also suggested that flow cytometry analysis could be used for postpartum screening to determine which patients would require RhIg. In 1989, Nance <i>et al</i>. <link href="#voxs12365-bib-0042"/> presented a method using anti&#x2010;D for detection of foetal RBCs, and they concluded several advantages of flow cytometry in comparison with traditional methods. Bayliss <i>et al</i>. <link href="#voxs12365-bib-0043"/> compared five different methods used to detect foetal cells and concluded flow cytometry to provide objectivity and reproducibility to the testing. Further on methods describing testing with monoclonal fluorochrome&#x2010;conjugated anti&#x2010;D were published <link href="#voxs12365-bib-0044 #voxs12365-bib-0045 #voxs12365-bib-0046"/> and a in comparison between methods, Bromilow <i>et al</i>. <link href="#voxs12365-bib-0047"/> concluded that testing by flow cytometry with a fluorochrome&#x2010;conjugated antibody was superior to other methods.</p>
<p>In 1994, Thorpe <i>et al</i>. <link href="#voxs12365-bib-0048"/> described a flow cytometry method to detect different types of haemoglobin in RBCs by intracellular staining. The use of anti&#x2010;HbF to distinguish between foetal and maternal RBCs has both advantages and disadvantages. It can be used regardless of blood group, but maternal RBCs may contain a minor percentage of HbF, which may cause problems when it comes to clearly define foetal and maternal cell populations <link href="#voxs12365-bib-0049"/>. In addition, when testing samples from mothers with haemoglobinopathies this must be taken into account when evaluating the result.</p>
<p>Several groups have proposed the use of anti&#x2010;HbF for identification of foetal cells <link href="#voxs12365-bib-0050 #voxs12365-bib-0051"/> in different settings, used by itself <link href="#voxs12365-bib-0049"/> or in combination with anti&#x2010;D <link href="#voxs12365-bib-0052"/>. Anti&#x2010;HbF is also used in combination with an antibody towards carbonic anhydrase (CA), an enzyme that is fully expressed only after birth and hence all cells positive for CA are derived from the mother and maternal cells containing HbF can be distinguished from foetal cells <link href="#voxs12365-bib-0053"/>.</p>
<p>Taken together there is a consensus that the use of flow cytometry testing has several advantages to the traditional methods in terms of accurate detection and quantification. There are several kits available on the market for foetal cell count and how to choose kit or perhaps in&#x2010;house combination of antibodies is up to the discretion of each laboratory.</p>
</section>
</section>
<section xml:id="voxs12365-sec-0013">
<title type="main">Quality control of blood components</title>
<p>Flow cytometry is one of the methods used to evaluate residual leucocytes in leucodepleted blood components. International and national guidelines are issued <link href="#voxs12365-bib-0054 #voxs12365-bib-0055"/> and the requirements according to European and Swedish guidelines (<url href="http://www.kitm.se/sv/handboken">http://www.kitm.se/sv/handboken</url>) are that 90&#x0025; of blood components should contain less than 1 &#x00D7; 10<sup>6</sup> leucocytes&#x002F;unit (for details see Guide to the preparation, use and quality assurance of blood components 19th edition, European Committee on Blood Transfusion). The use of flow cytometry for quality assurance purposes in this setting was proposed and tested in the late 1980s and early 1990s <link href="#voxs12365-bib-0056 #voxs12365-bib-0057 #voxs12365-bib-0058"/> and have been used in many laboratories. Both in&#x2010;house methods and commercial kits have been used to enumerate residual white blood cells in blood components used for transfusion <link href="#voxs12365-bib-0059 #voxs12365-bib-0060"/>. Flow cytometry is now widely used for this application, but it has been emphasized that optimization of the instrument and standardization of gating strategies is important to avoid intra and interlaboratory variation <link href="#voxs12365-bib-0059 #voxs12365-bib-0060 #voxs12365-bib-0061"/>.</p>
</section>
<section xml:id="voxs12365-sec-0014">
<title type="main">Platelets</title>
<section xml:id="voxs12365-sec-0015">
<title type="main">Human Platelet Antigens</title>
<p>To date, there are 35 Human Platelet Antigens (HPA) reported, and they reside on six different glycoproteins (GP) of which the majority are expressed on the GPIIb&#x002F;IIIa complex (<url href="http://www.ebi.ac.uk/ipd/hpa/table1.html">http://www.ebi.ac.uk/ipd/hpa/table1.html</url>). Due to lack of serological reagents, HPA phenotyping by flow cytometry can only be performed for HPA&#x2010;1a, and hence, genotyping is the preferred method for HPA typing.</p>
<p>Anti&#x2010;HPA&#x2010;1a is clinically a very important platelet antibody and is implicated in around 80&#x0025; of cases with foetal and neonatal alloimmune thrombocytopenia in Caucasians <link href="#voxs12365-bib-0062"/>. In a transfusion medicine setting, it is essential to have a donor cohort defined as HPA&#x2010;1a&#x2013; and this can easily be achieved by flow cytometry screening. In a Caucasian population, the expected frequency to be HPA&#x2010;1a negative is approximately 2&#x0025; <link href="#voxs12365-bib-0063"/>. HPA&#x2010;1a phenotyping can easily be performed by flow cytometry using FITC&#x2010;conjugated anti&#x2010;HPA&#x2010;1a (BeckmanCoulter, clone SZ21). Kj&#x00E6;r Killie <i>et al</i>. <link href="#voxs12365-bib-0064"/> showed that to reduce the number of samples to be tested, screening can be performed on either platelet rich plasma or platelet concentrates produced from pools of four buffy coats in a simple, high&#x2010;throughput fashion.</p>
</section>
<section xml:id="voxs12365-sec-0016">
<title type="main">Platelet cross&#x2010;match</title>
<p>From time to time, transfusion services encounter patients with platelet refractoriness which manifests as poor response to platelet transfusions. This may be due to alloantibodies to either human leucocyte antigens (HLA) or more rarely HPA <link href="#voxs12365-bib-0065"/>. To manage these patients, several centres select platelet concentrates from HLA class I&#x2010;matched blood donors. Other centres have used flow cytometry&#x2010;based platelet cross&#x2010;match as an alternative strategy to identify platelets units in the blood bank&#x0027;s platelet inventory that were likely to give an adequate post&#x2010;transfusion platelet count increment <link href="#voxs12365-bib-0066 #voxs12365-bib-0067"/>. After introduction of Luminex&#x2010;based assays of determining the fine specificity of HLA and HPA antibodies it is now possible to select compatible platelets donors who lack the HLA and&#x002F;or HPA antigens.</p>
</section>
<section xml:id="voxs12365-sec-0017">
<title type="main">Platelets during storage</title>
<p>Collection and storage of platelets inevitably result in morphological and biochemical changes also known as the platelet storage lesion <link href="#voxs12365-bib-0068 #voxs12365-bib-0069 #voxs12365-bib-0070"/>. Several flow cytometry&#x2010;based assays have been used to evaluate storage lesions but have not gained wide acceptance for routine use as a quality control measure. Among the activation markers that have been tested by flow cytometry are expression of CD42b, CD62P as well as binding of AnnexinV, PAC&#x2010;1, antifibrinogen <link href="#voxs12365-bib-0071 #voxs12365-bib-0072 #voxs12365-bib-0073"/> of which CD62P (P&#x2010;selectin) is probably the most frequently used. It is often useful to determine the level of platelet activation both before and after addition of thrombin receptor&#x2010;activating peptides, TRAP <link href="#voxs12365-bib-0071"/>. Where changes in platelet collection procedures or storage medium have occurred, flow cytometry has been a used in several studies to assess the impact of the changed procedure <link href="#voxs12365-bib-0073 #voxs12365-bib-0074"/>.</p>
</section>
</section>
<section xml:id="voxs12365-sec-0018">
<title type="main">Conclusion</title>
<p>Today, when flow cytometers are becoming smaller, cheaper and more user friendly and are available in many routine laboratories, the method should be considered as a valuable tool to use in addition to serology and genomic typing. With that in mind it is important to give thought on how to set&#x2010;up experiments, assure that accurate settings are used and that the compensation is performed correctly.</p>
<p>Flow cytometry is today used in both routine and research laboratories and has been shown to help in investigations of patient samples and to be an important addition in research focused studies.</p>
</section>
<section type="acknowledgments" xml:id="voxs12365-sec-0019">
<title type="main">Acknowledgement</title>
<p>Thank you to Dr. Jill Storry and Dr. Jens Kjeldsen Kragh for helpful comments on this manuscript.</p>
</section>
<section xml:id="voxs12365-sec-0020">
<title type="main">Conflict of interests</title>
<p>The authors declare no conflict of interests.</p>
</section>
<bibliography cited="yes" style="numbered" xml:id="voxs12365-bibl-0001">
<title type="main">References</title>
<bib xml:id="voxs12365-bib-0001">
<citation type="journal" xml:id="voxs12365-cit-0001"><author><familyName>Nance</familyName> <givenNames>SJ</givenNames></author>: <articleTitle>Flow cytometry related to red cells</articleTitle>. <journalTitle>Transfus Sci</journalTitle> <pubYear year="1995">1995</pubYear>; <vol>16</vol>:<pageFirst>343</pageFirst>&#x2013;<pageLast>352</pageLast></citation>
</bib>
<bib xml:id="voxs12365-bib-0002">
<citation type="journal" xml:id="voxs12365-cit-0002"><author><familyName>Freedman</familyName> <givenNames>J</givenNames></author>, <author><familyName>Lazarus</familyName> <givenNames>AH</givenNames></author>: <articleTitle>Applications of flow cytometry in transfusion medicine</articleTitle>. <journalTitle>Transfus Med Rev</journalTitle> <pubYear year="1995">1995</pubYear>; <vol>9</vol>:<pageFirst>87</pageFirst>&#x2013;<pageLast>109</pageLast></citation>
</bib>
<bib xml:id="voxs12365-bib-0003">
<citation type="journal" xml:id="voxs12365-cit-0003"><author><familyName>Arndt</familyName> <givenNames>P</givenNames></author>, <author><familyName>Garraty</familyName> <givenNames>G</givenNames></author>: <articleTitle>Flow cytofluorometric analysis in red blood cell immunology</articleTitle>. <journalTitle>Transfus Med Hemother</journalTitle> <pubYear year="2004">2004</pubYear>; <vol>31</vol>:<pageFirst>163</pageFirst>&#x2013;<pageLast>174</pageLast></citation>
</bib>
<bib xml:id="voxs12365-bib-0004">
<citation type="journal" xml:id="voxs12365-cit-0004"><author><familyName>Arndt</familyName> <givenNames>PA</givenNames></author>, <author><familyName>Garratty</familyName> <givenNames>G</givenNames></author>: <articleTitle>A critical review of published methods for analysis of red cell antigen&#x2010;antibody reactions by flow cytometry, and approaches for resolving problems with red cell agglutination</articleTitle>. <journalTitle>Transfus Med Rev</journalTitle> <pubYear year="2010">2010</pubYear>; <vol>24</vol>:<pageFirst>172</pageFirst>&#x2013;<pageLast>194</pageLast></citation>
</bib>
<bib xml:id="voxs12365-bib-0005">
<citation type="journal" xml:id="voxs12365-cit-0005"><author><familyName>Whitby</familyName> <givenNames>A</givenNames></author>, <author><familyName>Whitby</familyName> <givenNames>L</givenNames></author>, <author><familyName>Fletcher</familyName> <givenNames>M</givenNames></author>, <i>et al</i>.: <articleTitle>ISHAGE protocol: are we doing it correctly?</articleTitle> <journalTitle>Cytometry B Clin Cytom</journalTitle> <pubYear year="2012">2012</pubYear>; <vol>82</vol>:<pageFirst>9</pageFirst>&#x2013;<pageLast>17</pageLast></citation>
</bib>
<bib xml:id="voxs12365-bib-0006">
<citation type="journal" xml:id="voxs12365-cit-0006"><author><familyName>Svensson</familyName> <givenNames>L</givenNames></author>, <author><familyName>Hult</familyName> <givenNames>AK</givenNames></author>, <author><familyName>Stamps</familyName> <givenNames>R</givenNames></author>, <i>et al</i>.: <articleTitle>Forssman expression on human erythrocytes: biochemical and genetic evidence of a new histo&#x2010;blood group system</articleTitle>. <journalTitle>Blood</journalTitle> <pubYear year="2013">2013</pubYear>; <vol>121</vol>:<pageFirst>1459</pageFirst>&#x2013;<pageLast>1468</pageLast></citation>
</bib>
<bib xml:id="voxs12365-bib-0007">
<citation type="journal" xml:id="voxs12365-cit-0007"><author><familyName>Storry</familyName> <givenNames>JR</givenNames></author>, <author><familyName>Joud</familyName> <givenNames>M</givenNames></author>, <author><familyName>Christophersen</familyName> <givenNames>MK</givenNames></author>, <i>et al</i>.: <articleTitle>Homozygosity for a null allele of SMIM1 defines the Vel&#x2010;negative blood group phenotype</articleTitle>. <journalTitle>Nat Genet</journalTitle> <pubYear year="2013">2013</pubYear>; <vol>45</vol>:<pageFirst>537</pageFirst>&#x2013;<pageLast>541</pageLast></citation>
</bib>
<bib xml:id="voxs12365-bib-0008">
<citation type="journal" xml:id="voxs12365-cit-0008"><author><familyName>Seltsam</familyName> <givenNames>A</givenNames></author>, <author><familyName>Gruger</familyName> <givenNames>D</givenNames></author>, <author><familyName>Just</familyName> <givenNames>B</givenNames></author>, <i>et al</i>.: <articleTitle>Aberrant intracellular trafficking of a variant B glycosyltransferase</articleTitle>. <journalTitle>Transfusion</journalTitle> <pubYear year="2008">2008</pubYear>; <vol>48</vol>:<pageFirst>1898</pageFirst>&#x2013;<pageLast>1905</pageLast></citation>
</bib>
<bib xml:id="voxs12365-bib-0009">
<citation type="journal" xml:id="voxs12365-cit-0009"><author><familyName>Yazdanbakhsh</familyName> <givenNames>K</givenNames></author>, <author><familyName>Rios</familyName> <givenNames>M</givenNames></author>, <author><familyName>Storry</familyName> <givenNames>JR</givenNames></author>, <i>et al</i>.: <articleTitle>Molecular mechanisms that lead to reduced expression of duffy antigens</articleTitle>. <journalTitle>Transfusion</journalTitle> <pubYear year="2000">2000</pubYear>; <vol>40</vol>:<pageFirst>310</pageFirst>&#x2013;<pageLast>320</pageLast></citation>
</bib>
<bib xml:id="voxs12365-bib-0010">
<citation type="journal" xml:id="voxs12365-cit-0010"><author><familyName>Hustinx</familyName> <givenNames>H</givenNames></author>, <author><familyName>Poole</familyName> <givenNames>J</givenNames></author>, <author><familyName>Bugert</familyName> <givenNames>P</givenNames></author>, <i>et al</i>.: <articleTitle>Molecular basis of the Rh antigen RH48 (JAL)</articleTitle>. <journalTitle>Vox Sang</journalTitle> <pubYear year="2009">2009</pubYear>; <vol>96</vol>:<pageFirst>234</pageFirst>&#x2013;<pageLast>239</pageLast></citation>
</bib>
<bib xml:id="voxs12365-bib-0011">
<citation type="journal" xml:id="voxs12365-cit-0011"><author><familyName>Danger</familyName> <givenNames>Y</givenNames></author>, <author><familyName>Danard</familyName> <givenNames>S</givenNames></author>, <author><familyName>Gringoire</familyName> <givenNames>V</givenNames></author>, <i>et al</i>.: <articleTitle>Characterization of a new human monoclonal antibody directed against the Vel antigen</articleTitle>. <journalTitle>Vox Sang</journalTitle> <pubYear year="2016">2016</pubYear>; <vol>110</vol>:<pageFirst>172</pageFirst>&#x2013;<pageLast>178</pageLast></citation>
</bib>
<bib xml:id="voxs12365-bib-0012">
<citation type="journal" xml:id="voxs12365-cit-0012"><author><familyName>Hult</familyName> <givenNames>AK</givenNames></author>, <author><familyName>Olsson</familyName> <givenNames>ML</givenNames></author>: <articleTitle>Many genetically defined ABO subgroups exhibit characteristic flow cytometric patterns</articleTitle>. <journalTitle>Transfusion</journalTitle> <pubYear year="2010">2010</pubYear>; <vol>50</vol>:<pageFirst>308</pageFirst>&#x2013;<pageLast>323</pageLast></citation>
</bib>
<bib xml:id="voxs12365-bib-0013">
<citation type="journal" xml:id="voxs12365-cit-0013"><author><familyName>Hult</familyName> <givenNames>AK</givenNames></author>, <author><familyName>Yazer</familyName> <givenNames>MH</givenNames></author>, <author><familyName>Jorgensen</familyName> <givenNames>R</givenNames></author>, <i>et al</i>.: <articleTitle>Weak A phenotypes associated with novel ABO alleles carrying the A2&#x2010;related 1061C deletion and various missense substitutions</articleTitle>. <journalTitle>Transfusion</journalTitle> <pubYear year="2010">2010</pubYear>; <vol>50</vol>:<pageFirst>1471</pageFirst>&#x2013;<pageLast>1486</pageLast></citation>
</bib>
<bib xml:id="voxs12365-bib-0014">
<citation type="journal" xml:id="voxs12365-cit-0014"><author><familyName>Hellberg</familyName> <givenNames>A</givenNames></author>, <author><familyName>Schmidt&#x2010;Melbye</familyName> <givenNames>AC</givenNames></author>, <author><familyName>Reid</familyName> <givenNames>ME</givenNames></author>, <i>et al</i>.: <articleTitle>Expression of a novel missense mutation found in the A4GALT gene of Amish individuals with the p phenotype</articleTitle>. <journalTitle>Transfusion</journalTitle> <pubYear year="2008">2008</pubYear>; <vol>48</vol>:<pageFirst>479</pageFirst>&#x2013;<pageLast>487</pageLast></citation>
</bib>
<bib xml:id="voxs12365-bib-0015">
<citation type="journal" xml:id="voxs12365-cit-0015"><author><familyName>Westman</familyName> <givenNames>JS</givenNames></author>, <author><familyName>Hellberg</familyName> <givenNames>A</givenNames></author>, <author><familyName>Peyrard</familyName> <givenNames>T</givenNames></author>, <i>et al</i>.: <articleTitle><i>P</i><sup><i>1</i></sup><i>&#x002F;P</i><sup><i>2</i></sup> genotyping of known and novel null alleles in the P1PK and GLOB histo&#x2010;blood group systems</articleTitle>. <journalTitle>Transfusion</journalTitle> <pubYear year="2013">2013</pubYear>; <vol>53</vol>:<pageFirst>2928</pageFirst>&#x2013;<pageLast>2939</pageLast></citation>
</bib>
<bib xml:id="voxs12365-bib-0016">
<citation type="journal" xml:id="voxs12365-cit-0016"><author><familyName>Christophersen</familyName> <givenNames>MK</givenNames></author>, <author><familyName>Joud</familyName> <givenNames>M</givenNames></author>, <author><familyName>Ajore</familyName> <givenNames>R</givenNames></author>, <i>et al</i>.: <articleTitle>SMIM1 variants rs1175550 and rs143702418 independently modulate Vel blood group antigen expression</articleTitle>. <journalTitle>Sci Rep</journalTitle> <pubYear year="2017">2017</pubYear>; <vol>7</vol>:<pageFirst>40451</pageFirst></citation>
</bib>
<bib xml:id="voxs12365-bib-0017">
<citation type="journal" xml:id="voxs12365-cit-0017"><author><familyName>Fletcher</familyName> <givenNames>A</givenNames></author>, <author><familyName>Bryant</familyName> <givenNames>JA</givenNames></author>, <author><familyName>Stavliotis</familyName> <givenNames>M</givenNames></author>: <articleTitle>Coordinator&#x0027;s report on the flow cytometric analysis of the Rh antibodies</articleTitle>. <journalTitle>Transfus Clin Biol</journalTitle> <pubYear year="1996">1996</pubYear>; <vol>3</vol>:<pageFirst>407</pageFirst>&#x2013;<pageLast>413</pageLast></citation>
</bib>
<bib xml:id="voxs12365-bib-0018">
<citation type="journal" xml:id="voxs12365-cit-0018"><author><familyName>Flegel</familyName> <givenNames>WA</givenNames></author>, <author><familyName>Curin&#x2010;Serbec</familyName> <givenNames>V</givenNames></author>, <author><familyName>Delamaire</familyName> <givenNames>M</givenNames></author>, <i>et al</i>.: <articleTitle>Section 1B: Rh flow cytometry. Coordinator&#x0027;s report. Rhesus index and antigen density: an analysis of the reproducibility of flow cytometric determination</articleTitle>. <journalTitle>Transfus Clin Biol</journalTitle> <pubYear year="2002">2002</pubYear>; <vol>9</vol>:<pageFirst>33</pageFirst>&#x2013;<pageLast>42</pageLast></citation>
</bib>
<bib xml:id="voxs12365-bib-0019">
<citation type="journal" xml:id="voxs12365-cit-0019"><author><familyName>Wagner</familyName> <givenNames>FF</givenNames></author>, <author><familyName>Frohmajer</familyName> <givenNames>A</givenNames></author>, <author><familyName>Ladewig</familyName> <givenNames>B</givenNames></author>, <i>et al</i>.: <articleTitle>Weak D alleles express distinct phenotypes</articleTitle>. <journalTitle>Blood</journalTitle> <pubYear year="2000">2000</pubYear>; <vol>95</vol>:<pageFirst>2699</pageFirst>&#x2013;<pageLast>2708</pageLast></citation>
</bib>
<bib xml:id="voxs12365-bib-0020">
<citation type="journal" xml:id="voxs12365-cit-0020"><author><familyName>Kormoczi</familyName> <givenNames>GF</givenNames></author>, <author><familyName>Legler</familyName> <givenNames>TJ</givenNames></author>, <author><familyName>Daniels</familyName> <givenNames>GL</givenNames></author>, <i>et al</i>.: <articleTitle>Molecular and serologic characterization of DWI, a novel &#x201C;high&#x2010;grade&#x201D; partial D</articleTitle>. <journalTitle>Transfusion</journalTitle> <pubYear year="2004">2004</pubYear>; <vol>44</vol>:<pageFirst>575</pageFirst>&#x2013;<pageLast>580</pageLast></citation>
</bib>
<bib xml:id="voxs12365-bib-0021">
<citation type="journal" xml:id="voxs12365-cit-0021"><author><familyName>Gassner</familyName> <givenNames>C</givenNames></author>, <author><familyName>Utz</familyName> <givenNames>I</givenNames></author>, <author><familyName>Schennach</familyName> <givenNames>H</givenNames></author>, <i>et al</i>.: <articleTitle>Novel RHD alleles with weak hemagglutination and genetic Exon 9 diversity: weak D Types 45.1, 75, and 76</articleTitle>. <journalTitle>Transfusion</journalTitle> <pubYear year="2013">2013</pubYear>; <vol>53</vol>:<pageFirst>2954</pageFirst>&#x2013;<pageLast>2959</pageLast></citation>
</bib>
<bib xml:id="voxs12365-bib-0022">
<citation type="journal" xml:id="voxs12365-cit-0022"><author><familyName>Silvy</familyName> <givenNames>M</givenNames></author>, <author><familyName>Chapel&#x2010;Fernandes</familyName> <givenNames>S</givenNames></author>, <author><familyName>Callebaut</familyName> <givenNames>I</givenNames></author>, <i>et al</i>.: <articleTitle>Characterization of novel RHD alleles: relationship between phenotype, genotype, and trimeric architecture</articleTitle>. <journalTitle>Transfusion</journalTitle> <pubYear year="2012">2012</pubYear>; <vol>52</vol>:<pageFirst>2020</pageFirst>&#x2013;<pageLast>2029</pageLast></citation>
</bib>
<bib xml:id="voxs12365-bib-0023">
<citation type="journal" xml:id="voxs12365-cit-0023"><author><familyName>Velliquette</familyName> <givenNames>RW</givenNames></author>, <author><familyName>Hue&#x2010;Roye</familyName> <givenNames>K</givenNames></author>, <author><familyName>Lomas&#x2010;Francis</familyName> <givenNames>C</givenNames></author>, <i>et al</i>.: <articleTitle>Molecular basis of two novel and related high&#x2010;prevalence antigens in the Kell blood group system, KUCI and KANT, and their serologic and spatial association with K11 and KETI</articleTitle>. <journalTitle>Transfusion</journalTitle> <pubYear year="2013">2013</pubYear>; <vol>53</vol>:<pageFirst>2872</pageFirst>&#x2013;<pageLast>2881</pageLast></citation>
</bib>
<bib xml:id="voxs12365-bib-0024">
<citation type="journal" xml:id="voxs12365-cit-0024"><author><familyName>Ji</familyName> <givenNames>Y</givenNames></author>, <author><familyName>Veldhuisen</familyName> <givenNames>B</givenNames></author>, <author><familyName>Ligthart</familyName> <givenNames>P</givenNames></author>, <i>et al</i>.: <articleTitle>Novel alleles at the Kell blood group locus that lead to Kell variant phenotype in the Dutch population</articleTitle>. <journalTitle>Transfusion</journalTitle> <pubYear year="2015">2015</pubYear>; <vol>55</vol>:<pageFirst>413</pageFirst>&#x2013;<pageLast>421</pageLast></citation>
</bib>
<bib xml:id="voxs12365-bib-0025">
<citation type="journal" xml:id="voxs12365-cit-0025"><author><familyName>Boturao&#x2010;Neto</familyName> <givenNames>E</givenNames></author>, <author><familyName>Yamamoto</familyName> <givenNames>M</givenNames></author>, <author><familyName>Chiba</familyName> <givenNames>AK</givenNames></author>, <i>et al</i>.: <articleTitle>Molecular basis of KELnull phenotype in Brazilians</articleTitle>. <journalTitle>Transfus Med Hemother</journalTitle> <pubYear year="2015">2015</pubYear>; <vol>42</vol>:<pageFirst>52</pageFirst>&#x2013;<pageLast>58</pageLast></citation>
</bib>
<bib xml:id="voxs12365-bib-0026">
<citation type="journal" xml:id="voxs12365-cit-0026"><author><familyName>Berneman</familyName> <givenNames>ZN</givenNames></author>, <author><familyName>Van Bockstaele</familyName> <givenNames>DR</givenNames></author>, <author><familyName>Uyttenbroeck</familyName> <givenNames>WM</givenNames></author>, <i>et al</i>.: <articleTitle>Flow&#x2010;cytometric analysis of erythrocytic blood group A antigen density profile</articleTitle>. <journalTitle>Vox Sang</journalTitle> <pubYear year="1991">1991</pubYear>; <vol>61</vol>:<pageFirst>265</pageFirst>&#x2013;<pageLast>274</pageLast></citation>
</bib>
<bib xml:id="voxs12365-bib-0027">
<citation type="journal" xml:id="voxs12365-cit-0027"><author><familyName>Fibach</familyName> <givenNames>E</givenNames></author>, <author><familyName>Sharon</familyName> <givenNames>R</givenNames></author>: <articleTitle>Changes in ABH antigen expression on red cells during in vivo aging: a flow cytometric analysis</articleTitle>. <journalTitle>Transfusion</journalTitle> <pubYear year="1994">1994</pubYear>; <vol>34</vol>:<pageFirst>328</pageFirst>&#x2013;<pageLast>332</pageLast></citation>
</bib>
<bib xml:id="voxs12365-bib-0028">
<citation type="journal" xml:id="voxs12365-cit-0028"><author><familyName>Bianco</familyName> <givenNames>T</givenNames></author>, <author><familyName>Farmer</familyName> <givenNames>BJ</givenNames></author>, <author><familyName>Sage</familyName> <givenNames>RE</givenNames></author>, <i>et al</i>.: <articleTitle>Loss of red cell A, B, and H antigens is frequent in myeloid malignancies</articleTitle>. <journalTitle>Blood</journalTitle> <pubYear year="2001">2001</pubYear>; <vol>97</vol>:<pageFirst>3633</pageFirst>&#x2013;<pageLast>3639</pageLast></citation>
</bib>
<bib xml:id="voxs12365-bib-0029">
<citation type="journal" xml:id="voxs12365-cit-0029"><author><familyName>Liu</familyName> <givenNames>QP</givenNames></author>, <author><familyName>Sulzenbacher</familyName> <givenNames>G</givenNames></author>, <author><familyName>Yuan</familyName> <givenNames>H</givenNames></author>, <i>et al</i>.: <articleTitle>Bacterial glycosidases for the production of universal red blood cells</articleTitle>. <journalTitle>Nat Biotechnol</journalTitle> <pubYear year="2007">2007</pubYear>; <vol>25</vol>:<pageFirst>454</pageFirst>&#x2013;<pageLast>464</pageLast></citation>
</bib>
<bib xml:id="voxs12365-bib-0030">
<citation type="other" xml:id="voxs12365-cit-0030"><author><familyName>Friedenreich</familyName> <givenNames>V</givenNames></author>: <otherTitle>Eine bischer unbekannte Blutgruppeneigenschaft (A3)</otherTitle>. Z Immun Forsch <pubYear year="1936">1936</pubYear>;(89) <pageFirst>409</pageFirst>&#x2013;<pageLast>422</pageLast>: Translation in Camp FR Jr, Ellis, eds. Fort Knox, KY US Army Medical Research Laboratory 1966</citation>
</bib>
<bib xml:id="voxs12365-bib-0031">
<citation type="other" xml:id="voxs12365-cit-0031"><author><familyName>Gammelgaard</familyName> <givenNames>A</givenNames></author>: <otherTitle>On rare, weak A antigens (A3, A4, A5 and Ax) in man</otherTitle>. Thesis. Translation in Camp FR Jr, Ellis, eds. Fort Knox, KY US Army Medical Research Laboratory <pubYear year="1966">1966</pubYear>:<pageFirst>126</pageFirst>&#x2013;<pageLast>136</pageLast>, Nyt Nordisk Forlag, Copenhagen, Denmark</citation>
</bib>
<bib xml:id="voxs12365-bib-0032">
<citation type="journal" xml:id="voxs12365-cit-0032"><author><familyName>Hult</familyName> <givenNames>AK</givenNames></author>, <author><familyName>Hellberg</familyName> <givenNames>&#x00C5;</givenNames></author>, <author><familyName>Ajore</familyName> <givenNames>R</givenNames></author>, <i>et al</i>.: <otherTitle>The genetic basis of A(3), an enigmatic ABO subgroup phenotype with dual cell populations</otherTitle>, <journalTitle>Transfusion</journalTitle> <pubYear year="2014">2014</pubYear>; <vol>54</vol>:<pageFirst>P1&#x2010;030A</pageFirst></citation>
</bib>
<bib xml:id="voxs12365-bib-0033">
<citation type="journal" xml:id="voxs12365-cit-0033"><author><familyName>Hult</familyName> <givenNames>AK</givenNames></author>, <author><familyName>Dykes</familyName> <givenNames>JH</givenNames></author>, <author><familyName>Storry</familyName> <givenNames>JR</givenNames></author>, <i>et al</i>.: <articleTitle>A and B antigen levels acquired by group O donor&#x2010;derived erythrocytes following ABO&#x2010;non&#x2010;identical transfusion or minor ABO&#x2010;incompatible haematopoietic stem cell transplantation</articleTitle>. <journalTitle>Transfus Med</journalTitle> <pubYear year="2017">2017</pubYear>; <vol>27</vol>:<pageFirst>181</pageFirst>&#x2013;<pageLast>191</pageLast></citation>
</bib>
<bib xml:id="voxs12365-bib-0034">
<citation type="journal" xml:id="voxs12365-cit-0034"><author><familyName>Dunsford</familyName> <givenNames>I</givenNames></author>, <author><familyName>Bowley</familyName> <givenNames>CC</givenNames></author>, <author><familyName>Hutchison</familyName> <givenNames>AM</givenNames></author>, <i>et al</i>.: <articleTitle>A human blood&#x2010;group chimera</articleTitle>. <journalTitle>Br Med J</journalTitle> <pubYear year="1953">1953</pubYear>; <vol>2</vol>:<pageFirst>81</pageFirst></citation>
</bib>
<bib xml:id="voxs12365-bib-0035">
<citation type="journal" xml:id="voxs12365-cit-0035"><author><familyName>Hosoi</familyName> <givenNames>T</givenNames></author>, <author><familyName>Yahara</familyName> <givenNames>S</givenNames></author>, <author><familyName>Kunitomo</familyName> <givenNames>K</givenNames></author>, <i>et al</i>.: <articleTitle>Blood chimeric twins: an example of blood cell chimerism</articleTitle>. <journalTitle>Vox Sang</journalTitle> <pubYear year="1977">1977</pubYear>; <vol>32</vol>:<pageFirst>339</pageFirst>&#x2013;<pageLast>341</pageLast></citation>
</bib>
<bib xml:id="voxs12365-bib-0036">
<citation type="journal" xml:id="voxs12365-cit-0036"><author><familyName>Drexler</familyName> <givenNames>C</givenNames></author>, <author><familyName>Wagner</familyName> <givenNames>T</givenNames></author>: <articleTitle>Blood group chimerism</articleTitle>. <journalTitle>Curr Opin Hematol</journalTitle> <pubYear year="2006">2006</pubYear>; <vol>13</vol>:<pageFirst>484</pageFirst>&#x2013;<pageLast>489</pageLast></citation>
</bib>
<bib xml:id="voxs12365-bib-0037">
<citation type="journal" xml:id="voxs12365-cit-0037"><author><familyName>Bluth</familyName> <givenNames>MH</givenNames></author>, <author><familyName>Reid</familyName> <givenNames>ME</givenNames></author>, <author><familyName>Manny</familyName> <givenNames>N</givenNames></author>: <articleTitle>Chimerism in the immunohematology laboratory in the molecular biology era</articleTitle>. <journalTitle>Transfus Med Rev</journalTitle> <pubYear year="2007">2007</pubYear>; <vol>21</vol>:<pageFirst>134</pageFirst>&#x2013;<pageLast>146</pageLast></citation>
</bib>
<bib xml:id="voxs12365-bib-0038">
<citation type="journal" xml:id="voxs12365-cit-0038"><author><familyName>Duguid</familyName> <givenNames>JK</givenNames></author>, <author><familyName>Bromilow</familyName> <givenNames>IM</givenNames></author>: <articleTitle>Laboratory measurement of fetomaternal hemorrhage and its clinical relevance</articleTitle>. <journalTitle>Transfus Med Rev</journalTitle> <pubYear year="1999">1999</pubYear>; <vol>13</vol>:<pageFirst>43</pageFirst>&#x2013;<pageLast>48</pageLast></citation>
</bib>
<bib xml:id="voxs12365-bib-0039">
<citation type="journal" xml:id="voxs12365-cit-0039"><author><familyName>Kleihauer</familyName> <givenNames>E</givenNames></author>, <author><familyName>Braun</familyName> <givenNames>H</givenNames></author>, <author><familyName>Betke</familyName> <givenNames>K</givenNames></author>: <articleTitle>[Demonstration of fetal hemoglobin in erythrocytes of a blood smear]</articleTitle>. <journalTitle>Klin Wochenschr</journalTitle> <pubYear year="1957">1957</pubYear>; <vol>35</vol>:<pageFirst>637</pageFirst>&#x2013;<pageLast>638</pageLast></citation>
</bib>
<bib xml:id="voxs12365-bib-0040">
<citation type="journal" xml:id="voxs12365-cit-0040"><author><familyName>Ramsey</familyName> <givenNames>G</givenNames></author>, <groupName>College of American Pathologists Transfusion Medicine Resource C</groupName>: <articleTitle>Inaccurate doses of R immune globulin after rh&#x2010;incompatible fetomaternal hemorrhage: survey of laboratory practice</articleTitle>. <journalTitle>Arch Pathol Lab Med</journalTitle> <pubYear year="2009">2009</pubYear>; <vol>133</vol>:<pageFirst>465</pageFirst>&#x2013;<pageLast>469</pageLast></citation>
</bib>
<bib xml:id="voxs12365-bib-0041">
<citation type="journal" xml:id="voxs12365-cit-0041"><author><familyName>Medearis</familyName> <givenNames>AL</givenNames></author>, <author><familyName>Hensleigh</familyName> <givenNames>PA</givenNames></author>, <author><familyName>Parks</familyName> <givenNames>DR</givenNames></author>, <i>et al</i>.: <articleTitle>Detection of fetal erythrocytes in maternal blood post partum with the fluorescence&#x2010;activated cell sorter</articleTitle>. <journalTitle>Am J Obstet Gynecol</journalTitle> <pubYear year="1984">1984</pubYear>; <vol>148</vol>:<pageFirst>290</pageFirst>&#x2013;<pageLast>295</pageLast></citation>
</bib>
<bib xml:id="voxs12365-bib-0042">
<citation type="journal" xml:id="voxs12365-cit-0042"><author><familyName>Nance</familyName> <givenNames>SJ</givenNames></author>, <author><familyName>Nelson</familyName> <givenNames>JM</givenNames></author>, <author><familyName>Arndt</familyName> <givenNames>PA</givenNames></author>, <i>et al</i>.: <articleTitle>Quantitation of fetal&#x2010;maternal hemorrhage by flow cytometry. A simple and accurate method</articleTitle>. <journalTitle>Am J Clin Pathol</journalTitle> <pubYear year="1989">1989</pubYear>; <vol>91</vol>:<pageFirst>288</pageFirst>&#x2013;<pageLast>292</pageLast></citation>
</bib>
<bib xml:id="voxs12365-bib-0043">
<citation type="journal" xml:id="voxs12365-cit-0043"><author><familyName>Bayliss</familyName> <givenNames>KM</givenNames></author>, <author><familyName>Kueck</familyName> <givenNames>BD</givenNames></author>, <author><familyName>Johnson</familyName> <givenNames>ST</givenNames></author>, <i>et al</i>.: <articleTitle>Detecting fetomaternal hemorrhage: a comparison of five methods</articleTitle>. <journalTitle>Transfusion</journalTitle> <pubYear year="1991">1991</pubYear>; <vol>31</vol>:<pageFirst>303</pageFirst>&#x2013;<pageLast>307</pageLast></citation>
</bib>
<bib xml:id="voxs12365-bib-0044">
<citation type="journal" xml:id="voxs12365-cit-0044"><author><familyName>Nelson</familyName> <givenNames>M</givenNames></author>, <author><familyName>Popp</familyName> <givenNames>H</givenNames></author>, <author><familyName>Horky</familyName> <givenNames>K</givenNames></author>, <i>et al</i>.: <articleTitle>Development of a flow cytometric test for the detection of D&#x2010;positive fetal cells after fetomaternal hemorrhage and a survey of the prevalence in D&#x2010;negative women</articleTitle>. <journalTitle>Immunohematology</journalTitle> <pubYear year="1994">1994</pubYear>; <vol>10</vol>:<pageFirst>55</pageFirst>&#x2013;<pageLast>59</pageLast></citation>
</bib>
<bib xml:id="voxs12365-bib-0045">
<citation type="journal" xml:id="voxs12365-cit-0045"><author><familyName>Lloyd&#x2010;Evans</familyName> <givenNames>P</givenNames></author>, <author><familyName>Kumpel</familyName> <givenNames>BM</givenNames></author>, <author><familyName>Bromelow</familyName> <givenNames>I</givenNames></author>, <i>et al</i>.: <articleTitle>Use of a directly conjugated monoclonal anti&#x2010;D (BRAD&#x2010;3) for quantification of fetomaternal hemorrhage by flow cytometry</articleTitle>. <journalTitle>Transfusion</journalTitle> <pubYear year="1996">1996</pubYear>; <vol>36</vol>:<pageFirst>432</pageFirst>&#x2013;<pageLast>437</pageLast></citation>
</bib>
<bib xml:id="voxs12365-bib-0046">
<citation type="journal" xml:id="voxs12365-cit-0046"><author><familyName>Kumpel</familyName> <givenNames>BM</givenNames></author>, <author><familyName>MacDonald</familyName> <givenNames>AP</givenNames></author>, <author><familyName>Bishop</familyName> <givenNames>DR</givenNames></author>, <i>et al</i>.: <articleTitle>Quantitation of fetomaternal haemorrhage and F cells in unusual maternal blood samples by flow cytometry using anti&#x2010;D and anti&#x2010;HbF</articleTitle>. <journalTitle>Transfus Med</journalTitle> <pubYear year="2013">2013</pubYear>; <vol>23</vol>:<pageFirst>175</pageFirst>&#x2013;<pageLast>186</pageLast></citation>
</bib>
<bib xml:id="voxs12365-bib-0047">
<citation type="journal" xml:id="voxs12365-cit-0047"><author><familyName>Bromilow</familyName> <givenNames>IM</givenNames></author>, <author><familyName>Duguid</familyName> <givenNames>JK</givenNames></author>: <articleTitle>Measurement of feto&#x2010;maternal haemorrhage: a comparative study of three Kleihauer techniques and tow flow cytometry methods</articleTitle>. <journalTitle>Clin Lab Haematol</journalTitle> <pubYear year="1997">1997</pubYear>; <vol>19</vol>:<pageFirst>137</pageFirst>&#x2013;<pageLast>142</pageLast></citation>
</bib>
<bib xml:id="voxs12365-bib-0048">
<citation type="journal" xml:id="voxs12365-cit-0048"><author><familyName>Thorpe</familyName> <givenNames>SJ</givenNames></author>, <author><familyName>Thein</familyName> <givenNames>SL</givenNames></author>, <author><familyName>Sampietro</familyName> <givenNames>M</givenNames></author>, <i>et al</i>.: <articleTitle>Immunochemical estimation of haemoglobin types in red blood cells by FACS analysis</articleTitle>. <journalTitle>Br J Haematol</journalTitle> <pubYear year="1994">1994</pubYear>; <vol>87</vol>:<pageFirst>125</pageFirst>&#x2013;<pageLast>132</pageLast></citation>
</bib>
<bib xml:id="voxs12365-bib-0049">
<citation type="journal" xml:id="voxs12365-cit-0049"><author><familyName>Davis</familyName> <givenNames>BH</givenNames></author>, <author><familyName>Olsen</familyName> <givenNames>S</givenNames></author>, <author><familyName>Bigelow</familyName> <givenNames>NC</givenNames></author>, <i>et al</i>.: <articleTitle>Detection of fetal red cells in fetomaternal hemorrhage using a fetal hemoglobin monoclonal antibody by flow cytometry</articleTitle>. <journalTitle>Transfusion</journalTitle> <pubYear year="1998">1998</pubYear>; <vol>38</vol>:<pageFirst>749</pageFirst>&#x2013;<pageLast>756</pageLast></citation>
</bib>
<bib xml:id="voxs12365-bib-0050">
<citation type="journal" xml:id="voxs12365-cit-0050"><author><familyName>Navenot</familyName> <givenNames>JM</givenNames></author>, <author><familyName>Merghoub</familyName> <givenNames>T</givenNames></author>, <author><familyName>Ducrocq</familyName> <givenNames>R</givenNames></author>, <i>et al</i>.: <articleTitle>New method for quantitative determination of fetal hemoglobin&#x2010;containing red blood cells by flow cytometry: application to sickle&#x2010;cell disease</articleTitle>. <journalTitle>Cytometry</journalTitle> <pubYear year="1998">1998</pubYear>; <vol>32</vol>:<pageFirst>186</pageFirst>&#x2013;<pageLast>190</pageLast></citation>
</bib>
<bib xml:id="voxs12365-bib-0051">
<citation type="journal" xml:id="voxs12365-cit-0051"><author><familyName>Dziegiel</familyName> <givenNames>MH</givenNames></author>, <author><familyName>Nielsen</familyName> <givenNames>LK</givenNames></author>, <author><familyName>Berkowicz</familyName> <givenNames>A</givenNames></author>: <articleTitle>Detecting fetomaternal hemorrhage by flow cytometry</articleTitle>. <journalTitle>Curr Opin Hematol</journalTitle> <pubYear year="2006">2006</pubYear>; <vol>13</vol>:<pageFirst>490</pageFirst>&#x2013;<pageLast>5</pageLast></citation>
</bib>
<bib xml:id="voxs12365-bib-0052">
<citation type="journal" xml:id="voxs12365-cit-0052"><author><familyName>Radel</familyName> <givenNames>DJ</givenNames></author>, <author><familyName>Penz</familyName> <givenNames>CS</givenNames></author>, <author><familyName>Dietz</familyName> <givenNames>AB</givenNames></author>, <i>et al</i>.: <articleTitle>A combined flow cytometry&#x2010;based method for fetomaternal hemorrhage and maternal D</articleTitle>. <journalTitle>Transfusion</journalTitle> <pubYear year="2008">2008</pubYear>; <vol>48</vol>:<pageFirst>1886</pageFirst>&#x2013;<pageLast>1891</pageLast></citation>
</bib>
<bib xml:id="voxs12365-bib-0053">
<citation type="journal" xml:id="voxs12365-cit-0053"><author><familyName>Porra</familyName> <givenNames>V</givenNames></author>, <author><familyName>Bernaud</familyName> <givenNames>J</givenNames></author>, <author><familyName>Gueret</familyName> <givenNames>P</givenNames></author>, <i>et al</i>.: <articleTitle>Identification and quantification of fetal red blood cells in maternal blood by a dual&#x2010;color flow cytometric method: evaluation of the Fetal Cell Count kit</articleTitle>. <journalTitle>Transfusion</journalTitle> <pubYear year="2007">2007</pubYear>; <vol>47</vol>:<pageFirst>1281</pageFirst>&#x2013;<pageLast>1289</pageLast></citation>
</bib>
<bib xml:id="voxs12365-bib-0054">
<citation type="other" xml:id="voxs12365-cit-0054"><author><familyName>Keitel</familyName> <givenNames>S</givenNames></author>, <otherTitle>European Directorate for the Quality of Medicine &#x0026; HealthCare: Guide to the preparation, use and quality assurance of blood components</otherTitle>, 19th Edition. <pubYear year="2017">2017</pubYear>.</citation>
</bib>
<bib xml:id="voxs12365-bib-0055">
<citation type="book" xml:id="voxs12365-cit-0055"><author><familyName>Fung</familyName> <givenNames>MK</givenNames></author>, <author><familyName>Grossman</familyName> <givenNames>BJ</givenNames></author>, <author><familyName>Hillyer</familyName> <givenNames>CD</givenNames></author>, <i>et al</i>.: <bookTitle>AABB Technical Manual</bookTitle>. <publisherLoc>18th edition. Bethesda, MD, USA</publisherLoc>, <publisherName>AABB (American Association of Blood Banks)</publisherName>, <pubYear year="2014">2014</pubYear></citation>
</bib>
<bib xml:id="voxs12365-bib-0056">
<citation type="journal" xml:id="voxs12365-cit-0056"><author><familyName>Bodensteiner</familyName> <givenNames>DC</givenNames></author>: <articleTitle>A flow cytometric technique to accurately measure post&#x2010;filtration white blood cell counts</articleTitle>. <journalTitle>Transfusion</journalTitle> <pubYear year="1989">1989</pubYear>; <vol>29</vol>:<pageFirst>651</pageFirst>&#x2013;<pageLast>653</pageLast></citation>
</bib>
<bib xml:id="voxs12365-bib-0057">
<citation type="journal" xml:id="voxs12365-cit-0057"><author><familyName>Dzik</familyName> <givenNames>WH</givenNames></author>, <author><familyName>Ragosta</familyName> <givenNames>A</givenNames></author>, <author><familyName>Cusack</familyName> <givenNames>WF</givenNames></author>: <articleTitle>Flow&#x2010;cytometric method for counting very low numbers of leukocytes in platelet products</articleTitle>. <journalTitle>Vox Sang</journalTitle> <pubYear year="1990">1990</pubYear>; <vol>59</vol>:<pageFirst>153</pageFirst>&#x2013;<pageLast>159</pageLast></citation>
</bib>
<bib xml:id="voxs12365-bib-0058">
<citation type="journal" xml:id="voxs12365-cit-0058"><author><familyName>Dumont</familyName> <givenNames>LJ</givenNames></author>, <author><familyName>Dumont</familyName> <givenNames>DF</givenNames></author>: <articleTitle>Enhanced flow cytometric method for counting very low numbers of white cells in platelet products</articleTitle>. <journalTitle>Cytometry</journalTitle> <pubYear year="1996">1996</pubYear>; <vol>26</vol>:<pageFirst>311</pageFirst>&#x2013;<pageLast>316</pageLast></citation>
</bib>
<bib xml:id="voxs12365-bib-0059">
<citation type="journal" xml:id="voxs12365-cit-0059"><author><familyName>Dzik</familyName> <givenNames>WH</givenNames></author>: <articleTitle>Leukocyte counting during process control of leukoreduced blood components</articleTitle>. <journalTitle>Vox Sang</journalTitle> <pubYear year="2000">2000</pubYear>; <vol>78</vol>(<issue>Suppl 2</issue>):<pageFirst>223</pageFirst>&#x2013;<pageLast>226</pageLast></citation>
</bib>
<bib xml:id="voxs12365-bib-0060">
<citation type="journal" xml:id="voxs12365-cit-0060"><author><familyName>Barnett</familyName> <givenNames>D</givenNames></author>, <author><familyName>Goodfellow</familyName> <givenNames>K</givenNames></author>, <author><familyName>Ginnever</familyName> <givenNames>J</givenNames></author>, <i>et al</i>.: <articleTitle>Low level leucocyte counting: a critical variable in the validation of leucodepleted blood transfusion components as highlighted by an external quality assessment study</articleTitle>. <journalTitle>Clin Lab Haematol</journalTitle> <pubYear year="2001">2001</pubYear>; <vol>23</vol>:<pageFirst>43</pageFirst>&#x2013;<pageLast>51</pageLast></citation>
</bib>
<bib xml:id="voxs12365-bib-0061">
<citation type="journal" xml:id="voxs12365-cit-0061"><author><familyName>Cardigan</familyName> <givenNames>R</givenNames></author>, <author><familyName>Phipps</familyName> <givenNames>A</givenNames></author>, <author><familyName>Seghatchian</familyName> <givenNames>J</givenNames></author>, <i>et al</i>.: <articleTitle>The development of a national standardized approach for the enumeration of residual leucocytes in blood components</articleTitle>. <journalTitle>Vox Sang</journalTitle> <pubYear year="2002">2002</pubYear>; <vol>83</vol>:<pageFirst>100</pageFirst>&#x2013;<pageLast>109</pageLast></citation>
</bib>
<bib xml:id="voxs12365-bib-0062">
<citation type="journal" xml:id="voxs12365-cit-0062"><author><familyName>Kamphuis</familyName> <givenNames>MM</givenNames></author>, <author><familyName>Paridaans</familyName> <givenNames>N</givenNames></author>, <author><familyName>Porcelijn</familyName> <givenNames>L</givenNames></author>, <i>et al</i>.: <articleTitle>Screening in pregnancy for fetal or neonatal alloimmune thrombocytopenia: systematic review</articleTitle>. <journalTitle>BJOG</journalTitle> <pubYear year="2010">2010</pubYear>; <vol>117</vol>:<pageFirst>1335</pageFirst>&#x2013;<pageLast>1343</pageLast></citation>
</bib>
<bib xml:id="voxs12365-bib-0063">
<citation type="journal" xml:id="voxs12365-cit-0063"><author><familyName>Curtis</familyName> <givenNames>BR</givenNames></author>, <author><familyName>McFarland</familyName> <givenNames>JG</givenNames></author>: <articleTitle>Human platelet antigens &#x2010; 2013</articleTitle>. <journalTitle>Vox Sang</journalTitle> <pubYear year="2014">2014</pubYear>; <vol>106</vol>:<pageFirst>93</pageFirst>&#x2013;<pageLast>102</pageLast></citation>
</bib>
<bib xml:id="voxs12365-bib-0064">
<citation type="journal" xml:id="voxs12365-cit-0064"><author><familyName>Killie</familyName> <givenNames>MK</givenNames></author>, <author><familyName>Kjeldsen&#x2010;Kragh</familyName> <givenNames>J</givenNames></author>, <author><familyName>Randen</familyName> <givenNames>I</givenNames></author>, <i>et al</i>.: <articleTitle>Evaluation of a new flow cytometric HPA 1a screening method. A rapid and reliable tool for HPA 1a screening of blood donors and pregnant women</articleTitle>. <journalTitle>Transfus Apher Sci</journalTitle> <pubYear year="2004">2004</pubYear>; <vol>30</vol>:<pageFirst>89</pageFirst>&#x2013;<pageLast>92</pageLast></citation>
</bib>
<bib xml:id="voxs12365-bib-0065">
<citation type="journal" xml:id="voxs12365-cit-0065"><author><familyName>Forest</familyName> <givenNames>SK</givenNames></author>, <author><familyName>Hod</familyName> <givenNames>EA</givenNames></author>: <articleTitle>Management of the platelet refractory patient</articleTitle>. <journalTitle>Hematol Oncol Clin North Am</journalTitle> <pubYear year="2016">2016</pubYear>; <vol>30</vol>:<pageFirst>665</pageFirst>&#x2013;<pageLast>677</pageLast></citation>
</bib>
<bib xml:id="voxs12365-bib-0066">
<citation type="journal" xml:id="voxs12365-cit-0066"><author><familyName>Kohler</familyName> <givenNames>M</givenNames></author>, <author><familyName>Dittmann</familyName> <givenNames>J</givenNames></author>, <author><familyName>Legler</familyName> <givenNames>TJ</givenNames></author>, <i>et al</i>.: <articleTitle>Flow cytometric detection of platelet&#x2010;reactive antibodies and application in platelet crossmatching</articleTitle>. <journalTitle>Transfusion</journalTitle> <pubYear year="1996">1996</pubYear>; <vol>36</vol>:<pageFirst>250</pageFirst>&#x2013;<pageLast>255</pageLast></citation>
</bib>
<bib xml:id="voxs12365-bib-0067">
<citation type="journal" xml:id="voxs12365-cit-0067"><author><familyName>Skogen</familyName> <givenNames>B</givenNames></author>, <author><familyName>Christiansen</familyName> <givenNames>D</givenNames></author>, <author><familyName>Husebekk</familyName> <givenNames>A</givenNames></author>: <articleTitle>Flow cytometric analysis in platelet crossmatching using a platelet suspension immunofluorescence test</articleTitle>. <journalTitle>Transfusion</journalTitle> <pubYear year="1995">1995</pubYear>; <vol>35</vol>:<pageFirst>832</pageFirst>&#x2013;<pageLast>836</pageLast></citation>
</bib>
<bib xml:id="voxs12365-bib-0068">
<citation type="journal" xml:id="voxs12365-cit-0068"><author><familyName>Taylor</familyName> <givenNames>MA</givenNames></author>, <author><familyName>Anstee</familyName> <givenNames>DJ</givenNames></author>: <articleTitle>The use of functional and quantitative assays to study glycoprotein Ib in platelets stored under various in vitro conditions</articleTitle>. <journalTitle>Thromb Haemost</journalTitle> <pubYear year="1984">1984</pubYear>; <vol>52</vol>:<pageFirst>271</pageFirst>&#x2013;<pageLast>275</pageLast></citation>
</bib>
<bib xml:id="voxs12365-bib-0069">
<citation type="journal" xml:id="voxs12365-cit-0069"><author><familyName>Shrivastava</familyName> <givenNames>M</givenNames></author>: <articleTitle>The platelet storage lesion</articleTitle>. <journalTitle>Transfus Apher Sci</journalTitle> <pubYear year="2009">2009</pubYear>; <vol>41</vol>:<pageFirst>105</pageFirst>&#x2013;<pageLast>113</pageLast></citation>
</bib>
<bib xml:id="voxs12365-bib-0070">
<citation type="journal" xml:id="voxs12365-cit-0070"><author><familyName>Devine</familyName> <givenNames>DV</givenNames></author>, <author><familyName>Serrano</familyName> <givenNames>K</givenNames></author>: <articleTitle>The platelet storage lesion</articleTitle>. <journalTitle>Clin Lab Med</journalTitle> <pubYear year="2010">2010</pubYear>; <vol>30</vol>:<pageFirst>475</pageFirst>&#x2013;<pageLast>487</pageLast></citation>
</bib>
<bib xml:id="voxs12365-bib-0071">
<citation type="journal" xml:id="voxs12365-cit-0071"><author><familyName>Hagberg</familyName> <givenNames>IA</givenNames></author>, <author><familyName>Akkok</familyName> <givenNames>CA</givenNames></author>, <author><familyName>Lyberg</familyName> <givenNames>T</givenNames></author>, <i>et al</i>.: <articleTitle>Apheresis&#x2010;induced platelet activation: comparison of three types of cell separators</articleTitle>. <journalTitle>Transfusion</journalTitle> <pubYear year="2000">2000</pubYear>; <vol>40</vol>:<pageFirst>182</pageFirst>&#x2013;<pageLast>192</pageLast></citation>
</bib>
<bib xml:id="voxs12365-bib-0072">
<citation type="journal" xml:id="voxs12365-cit-0072"><author><familyName>Hagberg</familyName> <givenNames>IA</givenNames></author>, <author><familyName>Lyberg</familyName> <givenNames>T</givenNames></author>: <articleTitle>Blood platelet activation evaluated by flow cytometry: optimised methods for clinical studies</articleTitle>. <journalTitle>Platelets</journalTitle> <pubYear year="2000">2000</pubYear>; <vol>11</vol>:<pageFirst>137</pageFirst>&#x2013;<pageLast>150</pageLast></citation>
</bib>
<bib xml:id="voxs12365-bib-0073">
<citation type="journal" xml:id="voxs12365-cit-0073"><author><familyName>Vucetic</familyName> <givenNames>D</givenNames></author>, <author><familyName>Ilic</familyName> <givenNames>V</givenNames></author>, <author><familyName>Vojvodic</familyName> <givenNames>D</givenNames></author>, <i>et al</i>.: <articleTitle>Flow cytometry analysis of platelet populations: usefulness for monitoring the storage lesion in pooled buffy&#x2010;coat platelet concentrates</articleTitle>. <journalTitle>Blood Transfus</journalTitle> <pubYear year="2016">2016</pubYear>. [E&#x2010;pub ahead of print]</citation>
</bib>
<bib xml:id="voxs12365-bib-0074">
<citation type="journal" xml:id="voxs12365-cit-0074"><author><familyName>Tynngard</familyName> <givenNames>N</givenNames></author>, <author><familyName>Trinks</familyName> <givenNames>M</givenNames></author>, <author><familyName>Berlin</familyName> <givenNames>G</givenNames></author>: <articleTitle>In vitro quality of platelets during prolonged storage after washing with three platelet additive solutions</articleTitle>. <journalTitle>Vox Sang</journalTitle> <pubYear year="2012">2012</pubYear>; <vol>102</vol>:<pageFirst>32</pageFirst>&#x2013;<pageLast>39</pageLast></citation>
</bib>
</bibliography>
</body>
</component>
