<?xml version="1.0" encoding="US-ASCII" standalone="yes"?>
<component type="serialArticle" version="2.0" xml:id="voxs12401" xml:lang="en" xmlns="http://www.wiley.com/namespaces/wiley" xmlns:wiley="http://www.wiley.com/namespaces/wiley/wiley">
<header>
<publicationMeta level="product">
<doi origin="wiley" registered="yes">10.1111/(ISSN)1751-2824</doi>
<issn type="print">1751-2816</issn>
<issn type="electronic">1751-2824</issn>
<idGroup>
<id type="product" value="VOXS"/>
</idGroup>
<titleGroup>
<title sort="ISBT SCIENCE SERIES" type="main">ISBT Science Series</title>
<title type="short">VOXS</title>
</titleGroup>
</publicationMeta>
<publicationMeta level="part" position="10"><doi origin="wiley">10.1111/voxs.2018.13.issue-1</doi>
<titleGroup>
<title type="specialIssueTitle">27th Regional Congress of the International Society of Blood Transfusion, Copenhagen, Denmark, June 17&#x2010;21, part II</title>
</titleGroup>
<copyright ownership="thirdParty">Copyright ISBT Science Series &#x00A9; 2018 International Society of Blood Transfusion</copyright><numberingGroup><numbering type="journalVolume" number="13">13</numbering><numbering type="journalIssue">1</numbering></numberingGroup><coverDate startDate="2018-02">February 2018</coverDate>
</publicationMeta>
<publicationMeta level="unit" position="100" status="forIssue" type="reviewArticle">
<doi>10.1111/voxs.12401</doi>
<idGroup>
<id type="unit" value="VOXS12401"/>
</idGroup>
<countGroup>
<count number="11" type="pageTotal"/>
</countGroup>
<titleGroup>
<title type="articleCategory">Congress Review</title>
<title type="tocHeading1">27th Regional Congress of the International Society of Blood Transfusion, Copenhagen, Denmark, June 17&#x2010;21, part II</title>
<title type="tocHeading2">Congress Reviews</title>
</titleGroup>
<copyright ownership="thirdParty">&#x00A9; 2017 International Society of Blood Transfusion</copyright>
<eventGroup>
<event date="2017-06-02" type="manuscriptReceived"/>
<event date="2017-10-18" type="manuscriptRevised"/>
<event date="2017-10-31" type="manuscriptAccepted"/>
<event agent="SPS" date="2017-11-08" type="xmlCreated"/>
</eventGroup>
<numberingGroup><numbering type="pageFirst">59</numbering><numbering type="pageLast">69</numbering></numberingGroup>
<correspondenceTo>
<lineatedText>
<line><i>Correspondence</i>: Ulrich J. Sachs, Institute for Clinical Immunology and Transfusion Medicine, Justus Liebig University, Langhansstr. 7, 35392 Giessen, Germany</line>
<line>E&#x2010;mail: <email>ulrich.sachs@med.uni-giessen.de</email></line>
</lineatedText>
</correspondenceTo>
<linkGroup>
<link type="toTypesetVersion" href="file:voxs12401.pdf"/>
<link type="toAuthorManuscriptVersion" href="file:voxs12401_am.pdf"/>
</linkGroup>
</publicationMeta>
<contentMeta><countGroup><count type="figureTotal" number="5"/><count type="tableTotal" number="1"/><count type="wordTotal" number="5506"/></countGroup>
<titleGroup>
<title type="main">Bleeding or no bleeding? Anti&#x2010;endothelial alphaVbeta3 antibodies as a major cause of intracranial haemorrhage in fetal&#x2013;neonatal alloimmune thrombocytopenia</title>
<title type="shortAuthors">U. J. Sachs &#x0026; S. Santoso</title>
</titleGroup>
<creators>
<creator affiliationRef="#voxs12401-aff-0001 #voxs12401-aff-0002 #voxs12401-aff-0003" corresponding="yes" creatorRole="author" xml:id="voxs12401-cr-0001">
<personName><givenNames>U. J.</givenNames> <familyName>Sachs</familyName></personName><contactDetails><email>ulrich.sachs@med.uni-giessen.de</email></contactDetails>
</creator>
<creator affiliationRef="#voxs12401-aff-0001" creatorRole="author" xml:id="voxs12401-cr-0002">
<personName><givenNames>S.</givenNames> <familyName>Santoso</familyName></personName>
</creator>
</creators>
<affiliationGroup>
<affiliation countryCode="DE" type="organization" xml:id="voxs12401-aff-0001"><orgDiv>Institute for Clinical Immunology and Transfusion Medicine</orgDiv> <orgName>Justus Liebig University</orgName> <address><city>Giessen</city> <country>Germany</country></address></affiliation>
<affiliation countryCode="DE" type="organization" xml:id="voxs12401-aff-0002"><orgDiv>Center for Transfusion Medicine and Hemotherapy</orgDiv> <orgName>University Hospital Giessen and Marburg</orgName> <address><city>Marburg</city> <country>Germany</country></address></affiliation>
<affiliation countryCode="DE" type="organization" xml:id="voxs12401-aff-0003"><orgDiv>German Center for Fetomaternal Incompatibility (DZFI)</orgDiv> <orgName>University Hospital Giessen and Marburg</orgName> <address><city>Giessen</city> <country>Germany</country></address></affiliation>
</affiliationGroup>
<keywordGroup type="author">
<keyword xml:id="voxs12401-kwd-0001">endothelial cells</keyword>
<keyword xml:id="voxs12401-kwd-0002">human platelet antigen&#x2010;1a</keyword>
<keyword xml:id="voxs12401-kwd-0003">intracranial haemorrhage</keyword>
<keyword xml:id="voxs12401-kwd-0004">neonatal alloimmune thrombocytopenia</keyword>
<keyword xml:id="voxs12401-kwd-0005">thrombocytopenia</keyword>
<keyword xml:id="voxs12401-kwd-0006">vitronectin receptor.</keyword>
</keywordGroup>
<fundingInfo>
<fundingAgency fundRefName="Else Kr&#x00F6;ner-Fresenius-Stiftung" funderDoi="10.13039/501100003042">Else Kr&#x00F6;ner&#x2010;Fresenius&#x2010;Stiftung</fundingAgency>
</fundingInfo>
<fundingInfo>
<fundingAgency>Bad Homburg vor der H&#x00F6;he, Germany</fundingAgency>
</fundingInfo>
<fundingInfo>
<fundingAgency fundRefName="Deutsche Forschungsgemeinschaft" funderDoi="10.13039/501100001659">Deutsche Forschungsgemeinschaft (DFG)</fundingAgency>
</fundingInfo>
<fundingInfo>
<fundingAgency>Excellence Cluster Cardiopulmonary System</fundingAgency>
</fundingInfo>
<abstractGroup>
<abstract type="main" xml:id="voxs12401-abs-0001" xml:lang="en">
<p>Fetal&#x002F;neonatal alloimmune thrombocytopenia (<fc>FNAIT</fc>) is a severe bleeding disorder which can result in intracranial haemorrhage (<fc>ICH</fc>), leading to death or neurological sequelae. In Caucasians, maternal anti&#x2010;<fc>HPA</fc>&#x2010;1a antibodies (abs) are responsible for the majority of <fc>FNAIT</fc> cases. However, the correlation between fetal platelet counts and risk of bleeding is loose. <fc>ICH</fc> was also observed in <fc>FNAIT</fc> cases with platelet counts within reference ranges. These observations question the exclusive role of thrombocytopenia in <fc>ICH</fc>. Recently, we observed stronger binding of anti&#x2010;<fc>HPA</fc>&#x2010;1a antibodies from mothers with <fc>ICH</fc>&#x2010;positive (&#x002B;<fc>ICH</fc>) FNAIT to endothelial cell&#x2010;derived <i>&#x03B1;</i>v<i>&#x03B2;</i>3 when compared to anti&#x2010;<fc>HPA</fc>&#x2010;1a from &#x2010;<fc>ICH</fc>. Differential absorption experiments demonstrated that anti&#x2010;<fc>HPA</fc>&#x2010;1a is not a single antibody entity. Sera from immunized women may contain three different subspecificities: anti&#x2010;<i>&#x03B2;</i>3, anti&#x2010;<i>&#x03B1;</i><fc>II</fc>b<i>&#x03B2;</i>3 and anti&#x2010;<i>&#x03B1;</i>v<i>&#x03B2;</i>3. Anti&#x2010;<i>&#x03B2;</i>3 appears to be the dominant subtype of anti&#x2010;<fc>HPA</fc>&#x2010;1a. However, anti&#x2010;<i>&#x03B1;</i>v<i>&#x03B2;</i>3 was only found in &#x002B;<fc>ICH</fc> sera, and only the anti&#x2010;<i>&#x03B1;</i>v<i>&#x03B2;</i>3, but not anti&#x2010;<i>&#x03B2;</i>3 subtype, induced apoptosis and disturbed tube formation of endothelial cells <i>in vitro</i>. Therefore, we believe that this anti&#x2010;<fc>HPA</fc>&#x2010;1a subtype plays a significant role in the development of <fc>ICH</fc>. Together with other subtypes, anti&#x2010;<i>&#x03B1;</i>v<i>&#x03B2;</i>3 may trigger bleeding in a threshold model of <fc>FNAIT</fc>&#x002F;<fc>ICH</fc>, where bleeding occurs if yet undefined levels of anti&#x2010;endothelial (loss of integrity) and&#x002F;or antiplatelet (low platelet count) activities are achieved. Thus, defining anti&#x2010;<fc>HPA</fc>&#x2010;1a subtypes may have significant potential in the prediction of <fc>ICH</fc>. With upcoming nation&#x2010;wide screening programmes, detection of anti&#x2010;<fc>HPA</fc>&#x2010;1a subtypes could prove helpful to allocate treatment to appropriate (at&#x2010;risk) cases, especially in countries with restricted resources.</p>
</abstract>
</abstractGroup>
</contentMeta>
<noteGroup xml:id="voxs00000-ntgp-1001">
<note numbered="no" xml:id="voxs00000-note-1001">4A&#x2013;S17&#x2013;02</note>
</noteGroup>
</header>
<body sectionsNumbered="no" xml:id="voxs12401-body-0001">
<section xml:id="voxs12401-sec-0001">
<title type="main">Introduction</title>
<p>Fetal&#x002F;neonatal alloimmune thrombocytopenia (FNAIT) is a bleeding disorder of the fetus and newborn in which maternal alloantibodies bind to the infant&#x0027;s platelets and cause their destruction during pregnancy and after birth. In Caucasians, approximately 80&#x0025; of FNAIT cases are induced by antibodies against human platelet antigen 1a (HPA&#x2010;1a) <link href="#voxs12401-bib-0001 #voxs12401-bib-0002"/>. Approximately 2000 out of 100 000 pregnancies occur in HPA&#x2010;1a&#x2010;negative women; 200 of these women will form anti&#x2010;HPA&#x2010;1a antibodies <link href="#voxs12401-bib-0003"/>. In &#x007E;60 cases, the resulting fetal or neonatal thrombocytopenia will be severe (less than 50 G&#x002F;l). The most devastating risk of FNAIT is intracranial haemorrhage (ICH), which will occur in approximately 6&#x002F;200 cases. According to data analysed by Tiller and colleagues <link href="#voxs12401-bib-0004"/>, most of these intracranial bleeds occur prior to gestational week 28. The prognosis of ICH is very poor, with 33&#x0025; mortality until day four and persistent neurological sequelae in more than 50&#x0025; of surviving children. In addition, ICH will occur in a subsequent child of the same two parents with high probability. In a Dutch study <link href="#voxs12401-bib-0005"/> including 27 mothers with 62 pregnancies, the risk of recurrence was 79&#x0025; (95&#x0025; confidence interval, 61&#x2013;97), and a literature&#x2010;based analysis performed by Bussel and colleagues <link href="#voxs12401-bib-0006"/> calculated a very similar risk of 85&#x0025; (95&#x0025; confidence interval, 79&#x2013;91). Although the recurrence rate of ICH is high and the clinical consequences are severe, it is currently unclear which factors determine whether ICH will occur.</p>
</section>
<section xml:id="voxs12401-sec-0002">
<title type="main">Factors that may influence the natural cause of FNAIT</title>
<p>Numerous investigators have addressed the question which additional factors may influence the natural cause of the disease and, eventually, lead to ICH. It is beyond the scope of this paper to discuss these different findings in detail. However, all potential factors should fall within one of the following three categories: (1) the maternal immune response, that is quality or quantity of the anti&#x2010;HPA&#x2010;1a formed in the mother; (2) the fetal&#x2013;maternal interface, that is placental function; and (3) intrafetal processes, that is presence of (immune) modulators in the fetus. In a literature review, we identified 11 factors that could in theory influence the natural cause of FNAIT (Table <link href="#voxs12401-tbl-0001"/>) and concluded that, based on current evidence, five of them should be considered possible candidates: antibodies which interfere with platelet function; antibodies with decreased Fc fucosylation which lead to increased platelet removal; high maternal antibody levels; increased platelet removal because of fetal inflammatory responses; and less as an underlying mechanism but more as a &#x2018;sum effect&#x2019;, the fetal&#x002F;neonatal platelet count. However, none of these candidate mechanisms is a good predictor of ICH.</p>
<tabular copyright="John Wiley &#x0026; Sons, Ltd" xml:id="voxs12401-tbl-0001">
<title type="main">Factors with a potential influence on the natural course of fetal&#x2010;neonatal alloimmune thrombocytopenia</title>
<table colsep="0" frame="topbot" pgwide="1" rowsep="0">
<tgroup cols="5">
<colspec colname="col1" colnum="1" colsep="0"/>
<colspec colname="col2" colnum="2" colsep="0"/>
<colspec colname="col3" colnum="3" colsep="0"/>
<colspec colname="col4" colnum="4" colsep="0"/>
<colspec colname="col5" colnum="5" colsep="0"/>
<thead valign="top">
<row rowsep="1">
<entry align="left" colname="col1">Potential factor or mechanism</entry>
<entry align="left" colname="col2">Hypothesis</entry>
<entry align="left" colname="col3">Selected related studies (Author, year)</entry>
<entry align="left" colname="col4">Main findings</entry>
<entry align="left" colname="col5">Is this a potential explanation for ICH in FNAIT?</entry>
</row>
</thead>
<tbody>
<row>
<entry align="left" nameend="col5" namest="col1">
<b><i>&#x2026;</i> related to the maternal immune response</b>
</entry>
</row>
<row>
<entry align="left" colname="col1" indentLevel="1">Quantity or quality of the maternal antibody: influence of the immunizing agent</entry>
<entry align="left" colname="col2">HPA&#x2010;1a is not only present on platelets, but also on spermatozoa and the trophoblast, which could lead to a different immune response compared to HPA&#x2010;1a immunization related to fetomaternal haemorrhage</entry>
<entry align="left" colname="col3">Fusi FM <i>et al</i>. <link href="#voxs12401-bib-0029"/> Kumpel BM &#x0026; Manoussaka MS <link href="#voxs12401-bib-0030"/></entry>
<entry align="left" colname="col4">None</entry>
<entry align="left" colname="col5">Unknown <i>Note: we speculate that &#x002B; ICH FNAIT may derive from immunization against trophoblast or spermatozoa, and &#x2013;ICH FNAIT comes from immunization against (activated) fetal platelets</i>.</entry>
</row>
<row>
<entry align="left" colname="col1" indentLevel="1">Quantity or quality of the maternal antibody: influence of the maternal HLA class II genotype</entry>
<entry align="left" colname="col2">Maternal HLA&#x2010;DRB genotype&#x002F;zygosity may affect disease severity</entry>
<entry align="left" colname="col3">
<p>Delbos F <i>et al</i>. <link href="#voxs12401-bib-0031"/></p>
<p>Sainio S <i>et al</i>. <link href="#voxs12401-bib-0032"/></p>
<p>Wienzek&#x2010;Lischka S <i>et al</i>. <link href="#voxs12401-bib-0033"/></p>
</entry>
<entry align="left" colname="col4">A single copy of HLA&#x2010;DRB3&#x002A;01:01 is sufficient to predispose alloimmunization; a gene&#x2010;dose effect or effect or compound heterozygosity with disease severity was not confirmed</entry>
<entry align="left" colname="col5">no</entry>
</row>
<row>
<entry align="left" colname="col1">Quality of the maternal antibody: IgG isotype</entry>
<entry align="left" colname="col2">Certain isotypes may have stronger effects on platelet destructions than others</entry>
<entry align="left" colname="col3">
<p>Mawas F <i>et al</i>. <link href="#voxs12401-bib-0034"/></p>
<p>Kelsch R <i>et al</i>. <link href="#voxs12401-bib-0035"/></p>
</entry>
<entry align="left" colname="col4">Not the subclass composition, but the maternal IgG3 anti&#x2010;HPA&#x2010;1a level may have a predictive value for severe thrombocytopenia. Only two cases with ICH were investigated, with contradictive findings.</entry>
<entry align="left" colname="col5">unlikely, but not formally excluded</entry>
</row>
<row>
<entry align="left" colname="col1" indentLevel="1">Quality of the maternal antibody: functional effects</entry>
<entry align="left" colname="col2">A functionally active antibody may contribute to bleeding by inhibiting platelet function</entry>
<entry align="left" colname="col3">Kroll H <i>et al</i>. <link href="#voxs12401-bib-0036"/></entry>
<entry align="left" colname="col4">9&#x0025; of HPA&#x2010;1a antibodies interfere with cell adhesion to fibrinogen. But out of 20 ICH sera tested, only four were functionally active.</entry>
<entry align="left" colname="col5">possible, but only in a minority of patients. <i>Note: confirmatory data not available. Remember that &#x03B1;IIb&#x03B2;3 has more functions that could be impaired in the presence of anti&#x2010;HPA&#x2010;1a antibodies</i>.</entry>
</row>
<row>
<entry align="left" colname="col1" indentLevel="1">Quality of the maternal antibody: IgG glycosylation</entry>
<entry align="left" colname="col2">different antibody fucosylation patterns may affect the effectiveness of platelet removal and modulate severity of thrombocytopenia</entry>
<entry align="left" colname="col3">Kapur R <i>et al</i>. <link href="#voxs12401-bib-0037"/></entry>
<entry align="left" colname="col4">decreased Fc fucosylation of Anti&#x2010;HPA&#x2010;1a leads to increased Fc<i>&#x03B3;</i>RIII affinity, increased platelet phagocytosis and correlates with platelet counts and disease severity</entry>
<entry align="left" colname="col5">possible, but no direct evidence <i>Note: subtype analysis may be of added value</i>.</entry>
</row>
<row>
<entry align="left" colname="col1" indentLevel="1">Quantity of the maternal antibody: maternal anti&#x2010;HPA&#x2010;1a concentration</entry>
<entry align="left" colname="col2">higher concentration of anti&#x2010;HPA&#x2010;1a may lead to increased platelet destruction; or, exert different&#x002F;additional effects not seen with lower concentrations</entry>
<entry align="left" colname="col3">Williamson LM <i>et al</i>. <link href="#voxs12401-bib-0038"/> Ghevaert C <i>et al</i>. <link href="#voxs12401-bib-0039"/> Killie MK <i>et al</i>. <link href="#voxs12401-bib-0040"/> Tiller H <i>et al</i>. <link href="#voxs12401-bib-0004"/></entry>
<entry align="left" colname="col4">A meta&#x2010;analysis is pending. Most studies demonstrate a correlation between the concentration and the platelet count, but this correlation can be very limited. A strong association between (maternal) antibody concentration and fetal ICH has not been demonstrated (5&#x002F;13 ICH cases had very low anti&#x2010;HPA&#x2010;1a in the study by Ghevaert <i>et al</i>.; no ICH cases included in the study by Killie <i>et al</i>.; and titres between one ICH case and four non&#x2010;ICH cases did not differ in Willamson&#x0027;s study). Antibody concentration appears to remain stable throughout pregnancy.</entry>
<entry align="left" colname="col5">possible, but no direct evidence <i>Note: comparison of anti&#x2010;HPA&#x2010;1a concentrations between laboratories is still very difficult. No laboratory standard has been agreed</i>.</entry>
</row>
<row>
<entry align="left" nameend="col5" namest="col1">
<b><i>&#x2026;</i> related to the fetal&#x2013;maternal interface</b>
</entry>
</row>
<row>
<entry align="left" colname="col1" indentLevel="1">Increased transplacental IgG transfer</entry>
<entry align="left" colname="col2">increased transfer of IgG due to FcRn polymorphisms may lead to higher antibody levels in the fetus</entry>
<entry align="left" colname="col3">
<p>Sachs UJ <i>et al</i>. <link href="#voxs12401-bib-0041"/></p>
<p>Freiberger T <i>et al</i>. <link href="#voxs12401-bib-0042"/></p>
</entry>
<entry align="left" colname="col4">functionally relevant polymorphisms of FcRn exist, but evidence for an influence on maternal&#x2013;fetal IgG transfer is lacking</entry>
<entry align="left" colname="col5">unlikely, but not formally excluded</entry>
</row>
<row>
<entry align="left" colname="col1" indentLevel="1">Antibody&#x2010;mediated placental lesions</entry>
<entry align="left" colname="col2">Placental dysfunction may affect fetal growth and predispose to critical bleeding</entry>
<entry align="left" colname="col3">Ducbruc E <i>et al</i>. <link href="#voxs12401-bib-0043"/></entry>
<entry align="left" colname="col4">chronic inflammatory reactions of the placenta are frequently seen in FNAIT cases, but evidence for an influence on fetal outcome is lacking</entry>
<entry align="left" colname="col5">unlikely, but not formally excluded</entry>
</row>
<row>
<entry align="left" nameend="col5" namest="col1">
<b><i>&#x2026;</i> related to intrafetal processes</b>
</entry>
</row>
<row>
<entry align="left" colname="col1" indentLevel="1">Modulation of fetal&#x002F;neonatal immunity</entry>
<entry align="left" colname="col2">antibody&#x2010;mediated platelet destruction may be enhanced by (inflammatory) plasmatic factors</entry>
<entry align="left" colname="col3">Kapur R <i>et al</i>. <link href="#voxs12401-bib-0044"/></entry>
<entry align="left" colname="col4">C&#x2010;reactive protein enhances antiplatelet IgG&#x2010;mediated destruction of platelets via Fc<i>&#x03B3;</i>R (Fc<i>&#x03B1;</i>RI). But: CRP levels did not correlate with ICH in FNAIT.</entry>
<entry align="left" colname="col5">possible, but no direct evidence <i>Note: inflammatory factors other than CRP may be more relevant</i>.</entry>
</row>
<row>
<entry align="left" colname="col1" indentLevel="1">Fetal&#x002F;neonatal platelet count</entry>
<entry align="left" colname="col2">a low platelet count predisposes to intracranial bleeding note that the platelet count can be affected by all mechanisms summarized in this table and, most likely, yet unknown additional factors (&#x2018;sum effect&#x2019;)</entry>
<entry align="left" colname="col3">Spencer JA &#x0026; Burrows RF <link href="#voxs12401-bib-0045"/> Radder CM <i>et al</i>. <link href="#voxs12401-bib-0005"/> Tiller H <i>et al</i>. <link href="#voxs12401-bib-0004"/></entry>
<entry align="left" colname="col4">Platelet counts are generally lower in children with ICH, but the median differences to non&#x2010;ICH cases were minor (2, 7&#x00B7;5 or 9 G&#x002F;l) and did not reach statistical significance in all reports. ICH was also reported in children with platelet counts &#x003E;50 G&#x002F;l (e.g. 15&#x0025; of ICH cases in the report from Radder <i>et al</i>.)</entry>
<entry align="left" colname="col5">possible, but no direct evidence</entry>
</row>
<row>
<entry align="left" nameend="col5" namest="col1">
<b>&#x2026; unknown</b>
</entry>
</row>
<row>
<entry align="left" colname="col1" indentLevel="1">Fetal gender</entry>
<entry align="left" colname="col2">Unknown; male gender could affect the maternal immune response, (inflammatory) processes on the fetal&#x2013;maternal interface, or (less likely) intrafetal processes.</entry>
<entry align="left" colname="col3">Tiller H <i>et al</i>. <link href="#voxs12401-bib-0004"/></entry>
<entry align="left" colname="col4">boys are overrepresented in the ICH group</entry>
<entry align="left" colname="col5">unknown</entry>
</row>
</tbody>
</tgroup>
</table>
</tabular>
</section>
<section xml:id="voxs12401-sec-0003">
<title type="main">Off the platelet: the HPA&#x2010;1a antigen is not platelet specific</title>
<p>HPA&#x2010;1a is formed by a single amino acid substitution (Leu<sub>33</sub>Pro) located on the flexible PSI domain of the integrin <i>&#x03B2;</i>3 chain <link href="#voxs12401-bib-0007"/>. On platelets, the <i>&#x03B2;</i>3 chain forms heterodimers with <i>&#x03B1;</i>IIb and functions as a (platelet&#x2010;specific) fibrinogen receptor (often referred to as GPIIb&#x002F;IIIa in platelet immunology) <link href="#voxs12401-bib-0008"/>. On platelets, <i>&#x03B2;</i>3 can also heterodimerize with the <i>&#x03B1;</i>v chain to form a vitronectin receptor. In contrast to <i>&#x03B1;</i>IIb<i>&#x03B2;</i>3, the <i>&#x03B1;</i>v<i>&#x03B2;</i>3 integrin is not only present on platelets, but also on numerous other cell types including, spermatozoa and the trophoblast <link href="#voxs12401-bib-0009"/>. Interestingly, it was demonstrated previously that <i>&#x03B1;</i>v<i>&#x03B2;</i>3 is also constitutively expressed on endothelial cells (ECs) and that endothelial <i>&#x03B1;</i>v<i>&#x03B2;</i>3 can bind anti&#x2010;HPA&#x2010;1a antibodies <link href="#voxs12401-bib-0010 #voxs12401-bib-0011"/>. The interaction between anti&#x2010;HPA&#x2010;1a and EC affects endothelial integrity and interferes with the spreading capability of these cells <link href="#voxs12401-bib-0012"/>. These intriguing findings could indicate that anti&#x2010;HPA&#x2010;1a antibody&#x2010;mediated vascular damage may be involved in the pathomechanism of FNAIT and contribute to intracranial bleeding. However, others have reported no effect of anti&#x2010;HPA&#x2010;1a antibodies on endothelial activation and&#x002F;or integrity <link href="#voxs12401-bib-0013"/>, prompting us to consider that immune responses between mothers may differ with regard to the binding specificity of their anti&#x2010;HPA&#x2010;1a antibodies <link href="#voxs12401-bib-0014"/>.</p>
</section>
<section xml:id="voxs12401-sec-0004">
<title type="main">Anti&#x2010;HPA&#x2010;1a antibodies from &#x002B;ICH and &#x2010;ICH cases bind differently to <i>&#x03B1;</i>v<i>&#x03B2;</i>3</title>
<p>We performed an initial study with sera from HPA&#x2010;1bb mothers who gave birth to children with FNAIT and ICH (&#x002B;ICH) and sera from HPA&#x2010;1bb mothers who gave birth to children with FNAIT, but without ICH (&#x2010;ICH). The presence of anti&#x2010;HPA&#x2010;1a was confirmed by standard MAIPA, where platelet <i>&#x03B1;</i>IIb<i>&#x03B2;</i>3 is immobilized to the microtitre plate by the use of a confirmation&#x2010;specific monoclonal antibody, Gi5 <link href="#voxs12401-bib-0015"/>. Apparently, no difference in binding was observed between the two cohorts (Fig. <link href="#voxs12401-fig-0001"/>a). The MAIPA was modified, and ECs instead of platelets were used. Integrin <i>&#x03B1;</i>v<i>&#x03B2;</i>3 was immobilized by the use of a <i>&#x03B2;</i>3&#x2010;specific monoclonal antibody (Fig. <link href="#voxs12401-fig-0001"/>b). A significant difference was observed between the &#x002B;ICH and the &#x2013;ICH cohort, indicating that &#x002B;ICH anti&#x2010;HPA&#x2010;1a must contain additional antibody specificities not present in &#x2013;ICH sera, most probably against <i>&#x03B1;</i>v<i>&#x03B2;</i>3&#x2010;&#x0027;specific&#x2019; (compound) epitopes. To generate further evidence for this hypothesis, we absorbed all sera with recombinant <i>&#x03B1;</i>IIb<i>&#x03B2;</i>3 and retested them in identical assays. As to be expected, reactivity with platelet&#x2010;derived <i>&#x03B1;</i>IIb<i>&#x03B2;</i>3 in MAIPA was virtually lost after this absorption step (Fig. <link href="#voxs12401-fig-0001"/>c), with no difference between the cohorts. In contrast, as shown in Fig. <link href="#voxs12401-fig-0001"/>d, 17 out of 18 &#x002B; ICH sera remained reactive with EC&#x2010;derived <i>&#x03B1;</i>v<i>&#x03B2;</i>3 but none of the &#x2010;ICH sera. We concluded from these serological studies that most &#x002B;ICH sera contain anti&#x2010;HPA&#x2010;1a antibodies specific for compound epitopes present on <i>&#x03B1;</i>v<i>&#x03B2;</i>3 <link href="#voxs12401-bib-0014"/>.</p>
<figure xml:id="voxs12401-fig-0001">
<mediaResourceGroup>
<mediaResource alt="image" href="urn:x-wiley:17512816:media:voxs12401:voxs12401-fig-0001"/>
<mediaResource alt="image" href="image_m/voxs12401-fig-0001-m.png" mimeType="image/png" rendition="webHiRes"/>
<mediaResource alt="image" href="image_n/voxs12401-fig-0001.png" mimeType="image/png" rendition="webOriginal"/>
<mediaResource alt="image" href="image_t/voxs12401-fig-0001-t.gif" mimeType="image/gif" rendition="webLoRes"/>
</mediaResourceGroup>
<caption>Anti&#x2010;<fc>HPA</fc>&#x2010;1a antibodies from &#x002B;<fc>ICH</fc> and &#x2010;<fc>ICH</fc> cases bind differently to <i>&#x03B1;</i>v<i>&#x03B2;</i>3. Serological analysis of maternal anti&#x2010;<fc>HPA</fc>&#x2010;1a antibodies derived from women who gave birth to a child with <fc>FNAIT</fc> and <fc>ICH</fc> (&#x002B; <fc>ICH</fc>, black squares; <i>n</i> &#x003D; 18) or to a child with <fc>FNAIT</fc>, but no <fc>ICH</fc> (&#x2010;<fc>ICH</fc>, open circles; <i>n</i> &#x003D; 18). Sera, either plane (a, b) or after absorption to <i>&#x03B1;</i><fc>II</fc>b<i>&#x03B2;</i>3 protein (c, d), were investigated in an antigen capture assay (<fc>MAIPA</fc>) with platelet&#x2010;derived <i>&#x03B1;</i><fc>II</fc>b<i>&#x03B2;</i>3 or with endothelial cell&#x2010;derived <i>&#x03B1;</i>v<i>&#x03B2;</i>3 as indicated. Statistical analysis was performed by Mann&#x2013;Whitney <i>U</i>&#x2010;test. Note the different binding of &#x002B;<fc>ICH</fc> versus &#x2013;<fc>ICH</fc> sera after absorption (d); dashed line indicates a theoretical cut&#x2010;off value. <fc>OD</fc>, optical density. Diagrams modified from Santoso <i>et al</i>., 2016 <link href="#voxs12401-bib-0014"/>.</caption>
</figure>
</section>
<section xml:id="voxs12401-sec-0005">
<title type="main">Only IgG from &#x002B;ICH cases has functional effects on endothelial cells</title>
<p>Based on the fact that &#x002B;ICH cases react predominantly with EC&#x2010;derived <i>&#x03B1;</i>v<i>&#x03B2;</i>3, we sought to investigate whether these antibodies would also interfere with EC function. It is well known in vascular biology that <i>&#x03B1;</i>v<i>&#x03B2;</i>3&#x2010;mediated adhesion to extracellular matrix is essential for EC growth and survival, whereas <i>&#x03B1;</i>v<i>&#x03B2;</i>3 antagonism can induce endothelial apoptosis <link href="#voxs12401-bib-0016"/>. Experimental interference with <i>&#x03B1;</i>v<i>&#x03B2;</i>3 ligation causes detachment&#x2010;induced programmed cell death of EC via activation of the caspase&#x2010;3 cascade <link href="#voxs12401-bib-0017 #voxs12401-bib-0018"/>. This programmed cell death is referred to as anoikis. In line with these observations, we could show that only the anti&#x2010; <i>&#x03B1;</i>v<i>&#x03B2;</i>3 subtype of anti&#x2010;HPA&#x2010;1a induced endothelial anoikis: binding of &#x002B;ICH IgG (black) triggered endothelial apoptosis as measured by caspase&#x2010;3&#x002F;7 assay (Fig. <link href="#voxs12401-fig-0002"/>). IgG obtained from &#x2013;ICH cases (white) did not induce EC apoptosis. The apoptosis rate induced by &#x002B;ICH IgG remained unchanged after removal of the other subtypes by absorbing the patient sera with <i>&#x03B1;</i>IIb<i>&#x03B2;</i>3 (pre&#x2010; vs. postabsorption, <i>P</i> &#x003D; 0&#x00B7;106). Apparently, anti&#x2010;HPA&#x2010;1a antibodies specific for compound epitopes present on <i>&#x03B1;</i>v<i>&#x03B2;</i>3 are capable of interfering with endothelial function and can induce programmed cell death <link href="#voxs12401-bib-0014"/>. Control experiments performed with HPA&#x2010;1bb endothelial cells demonstrated that the effects were specifically dependent on the presence of the HPA&#x2010;1a variant of the <i>&#x03B2;</i>3 chain.</p>
<figure xml:id="voxs12401-fig-0002">
<mediaResourceGroup>
<mediaResource alt="image" href="urn:x-wiley:17512816:media:voxs12401:voxs12401-fig-0002"/>
<mediaResource alt="image" href="image_m/voxs12401-fig-0002-m.png" mimeType="image/png" rendition="webHiRes"/>
<mediaResource alt="image" href="image_n/voxs12401-fig-0002.png" mimeType="image/png" rendition="webOriginal"/>
<mediaResource alt="image" href="image_t/voxs12401-fig-0002-t.gif" mimeType="image/gif" rendition="webLoRes"/>
</mediaResourceGroup>
<caption>IgG from &#x002B;<fc>ICH</fc> cases has functional effects on endothelial cells. Functional analysis of purified IgG from &#x002B;<fc>ICH</fc> (black; <i>n</i> &#x003D; 9) and &#x2013;<fc>ICH</fc> (open; <i>n</i> &#x003D; 9) <fc>FNAIT</fc> cases in a caspase&#x2010;3&#x002F;7 assay. Caspase activation is used a surrogate marker for the activation of programmed cell death (apoptosis). Statistical analysis was performed by one&#x2010;way <sc>anova</sc> and Bonferroni post hoc test. Note that only IgG from &#x002B;<fc>ICH</fc> cases induces caspase activation, with no difference between pre&#x2010; and postabsorption experiments. Ctr, control IgG from a healthy donor as negative control; <fc>cRGD</fc>, cyclic Arg&#x2010;Gly&#x2010;Asp peptide, as positive control. Diagram modified from Santoso <i>et al</i>., 2016 <link href="#voxs12401-bib-0014"/>.</caption>
</figure>
</section>
<section xml:id="voxs12401-sec-0006">
<title type="main">Anti&#x2010;HPA&#x2010;1a can consist of three antibody subtypes, anti&#x2010;<i>&#x03B1;</i>IIb<i>&#x03B2;</i>3, anti&#x2010;<i>&#x03B1;</i>v<i>&#x03B2;</i>3 and anti&#x2010;<i>&#x03B2;</i>3, of which only anti&#x2010;<i>&#x03B1;</i>v<i>&#x03B2;</i>3 affects endothelial function</title>
<p>To further dissect the specificity of anti&#x2010;HPA&#x2010;1a antibodies, transfected cells expressing either human <i>&#x03B1;</i>IIb<i>&#x03B2;</i>3 (cell line &#x0023;1), human <i>&#x03B1;</i>v<i>&#x03B2;</i>3 (cell line &#x0023;2) or a chimeric <i>&#x03B1;</i>IIb(mouse)<i>&#x03B2;</i>3(human) integrin (cell line &#x0023;3) were generated. These cell lines were used to isolate the suspected different anti&#x2010;HPA&#x2010;1a antibody specificities by absorption&#x002F;elution technique (Fig. <link href="#voxs12401-fig-0003"/>a), and antibodies from eluates (bound to the specific cell line; and then removed by acid elution) and absorbates (unbound; remaining in the supernatant after incubation with a specific cell line) were analysed in the apoptosis assay (Fig. <link href="#voxs12401-fig-0003"/>b). Analysis of eluates (Fig. <link href="#voxs12401-fig-0003"/>b, upper panel) showed that only anti&#x2010;HPA&#x2010;1a antibodies with anti&#x2010; <i>&#x03B1;</i>v<i>&#x03B2;</i>3 specificity were able to induce apoptosis, indicating that anti&#x2010;HPA&#x2010;1a reactive with <i>&#x03B2;</i>3 alone is not able to induce endothelial apoptosis, neither by itself nor in combination with anti&#x2010;<i>&#x03B1;</i>IIb<i>&#x03B2;</i>3. Analysis of absorbates (Fig. <link href="#voxs12401-fig-0003"/>b, lower panel) showed that only anti&#x2010;HPA&#x2010;1a antibodies with anti&#x2010; <i>&#x03B1;</i>v<i>&#x03B2;</i>3 specificity can induce apoptosis (absorbate from &#x0023;1 and &#x0023;3) and that removal of this specificity by a cell line expressing <i>&#x03B1;</i>v<i>&#x03B2;</i>3 (&#x0023;3; compare upper and lower panel) abolishes this effect. In control experiments with HPA&#x2010;1bb endothelial cells, none of the antibodies induced apoptosis (not shown). These results support our assumption that anti&#x2010;HPA&#x2010;1a antibodies reacting with the <i>&#x03B1;</i>v<i>&#x03B2;</i>3 complex are responsible for the induction of apoptosis in EC.</p>
<figure xml:id="voxs12401-fig-0003">
<mediaResourceGroup>
<mediaResource alt="image" href="urn:x-wiley:17512816:media:voxs12401:voxs12401-fig-0003"/>
<mediaResource alt="image" href="image_m/voxs12401-fig-0003-m.png" mimeType="image/png" rendition="webHiRes"/>
<mediaResource alt="image" href="image_n/voxs12401-fig-0003.png" mimeType="image/png" rendition="webOriginal"/>
<mediaResource alt="image" href="image_t/voxs12401-fig-0003-t.gif" mimeType="image/gif" rendition="webLoRes"/>
</mediaResourceGroup>
<caption>Anti&#x2010;<fc>HPA</fc>&#x2010;1a can consist of three antibody subtypes: anti&#x2010;<i>&#x03B1;</i><fc>II</fc>b<i>&#x03B2;</i>3, anti&#x2010; <i>&#x03B1;</i>v<i>&#x03B2;</i>3 anti&#x2010;<i>&#x03B2;</i>3. (a) Strategy for the differential analysis of sera from &#x002B; <fc>ICH</fc> cases. Three different transfected cell lines (&#x0023;1, &#x0023;2 and &#x0023;3) were used to dissect the three potentially present anti&#x2010;<fc>HPA</fc>&#x2010;1a antibody subtypes by an absorption and elution strategy. As an example, after incubating a serum with cell &#x0023;1, anti&#x2010; <i>&#x03B1;</i>v<i>&#x03B2;</i>3 will remain in the supernatant (absorbate), since it cannot bind to the <i>&#x03B1;</i><fc>II</fc>b<i>&#x03B2;</i>3 integrin present on the cell surface. In contrast, the other antibody specificities will get absorbed to the cell surface. They will be present in an eluate performed from these cells. (m), murine. (b) Functional analysis of purified IgG from the three different eluates and the three different absorbates, obtained from &#x002B; <fc>ICH</fc> sera as detailed in panel A, in a caspase&#x2010;3&#x002F;7 assay. Results obtained with IgG from healthy donors were used to determine the background activation rate, indicated by the horizontal dashed line. Caspase activation is used a surrogate marker for the activation of programmed cell death (apoptosis). Statistical analysis was performed by one&#x2010;way <sc>anova</sc> and Bonferroni post hoc test. Note that only anti&#x2010; <i>&#x03B1;</i>v<i>&#x03B2;</i>3 induces caspase activation, but none of the other specificities. There were no statistical differences between results obtained between three different &#x002B;<fc>ICH</fc> sera (not shown). <fc>NS</fc>, not significant.</caption>
</figure>
</section>
<section xml:id="voxs12401-sec-0007">
<title type="main">How can anti&#x2010;<i>&#x03B1;</i>v<i>&#x03B2;</i>3 antibodies lead to intracranial bleeding?</title>
<p>Interference with <i>&#x03B1;</i>v<i>&#x03B2;</i>3 ligation leads to anoikis, a process which impedes angiogenesis <link href="#voxs12401-bib-0019 #voxs12401-bib-0020 #voxs12401-bib-0021"/>. This well&#x2010;described effect could be reproduced for &#x002B;ICH sera in an endothelial tube formation assay: &#x002B;ICH IgG (black), but not &#x2010;ICH IgG (white), significantly reduced the length of endothelial tubes (Fig. <link href="#voxs12401-fig-0004"/>). Again, only the anti&#x2010; <i>&#x03B1;</i>v<i>&#x03B2;</i>3 subtype mediated the biological effect; removal of the other antibody subtypes by absorption had no influence on tube formation <link href="#voxs12401-bib-0014"/>.</p>
<figure xml:id="voxs12401-fig-0004">
<mediaResourceGroup>
<mediaResource alt="image" href="urn:x-wiley:17512816:media:voxs12401:voxs12401-fig-0004"/>
<mediaResource alt="image" href="image_m/voxs12401-fig-0004-m.png" mimeType="image/png" rendition="webHiRes"/>
<mediaResource alt="image" href="image_n/voxs12401-fig-0004.png" mimeType="image/png" rendition="webOriginal"/>
<mediaResource alt="image" href="image_t/voxs12401-fig-0004-t.gif" mimeType="image/gif" rendition="webLoRes"/>
</mediaResourceGroup>
<caption>Anti&#x2010;<fc>HPA</fc>&#x2010;1a antibodies of the anti&#x2010; <i>&#x03B1;</i>v<i>&#x03B2;</i>3 subtype interfere with endothelial cell tube formation (a) Functional analysis of purified IgG from &#x002B;<fc>ICH</fc> (black; <i>n</i> &#x003D; 9) and &#x2013;<fc>ICH</fc> (open; <i>n</i> &#x003D; 9) <fc>FNAIT</fc> cases in an endothelial cell tube formation assay. Endothelial cells were seeded on matrix gel in microtitre plates, before controls or IgG was added. The length of formed tubes was assessed on digitalized microscopy pictures taken after 20 hours of growth. Statistical analysis was performed by one&#x2010;way <sc>anova</sc> and Bonferroni post hoc test. Note that only IgG from &#x002B;<fc>ICH</fc> cases reduced tube length, with no difference between pre&#x2010; and postabsorption experiments. Ctr, control IgG from a healthy donor; Thr, thrombin. (b) Representative microphotographs from the experiments described in A. Diagram and microphotographs modified from Santoso <i>et al</i>., 2016 <link href="#voxs12401-bib-0014"/>.</caption>
</figure>
<p>It has been reported that vessel development in the brain depends on crosstalk between EC and perivascular astrocytes <link href="#voxs12401-bib-0022"/>. For this process, <i>&#x03B1;</i>v integrins play an important role through regulation of TGF&#x2010;<i>&#x03B2;</i> activation and expression of TGF&#x2010;<i>&#x03B2;</i> responsive genes that promote vessel differentiation and stabilization <link href="#voxs12401-bib-0023 #voxs12401-bib-0024 #voxs12401-bib-0025"/>. A critical period for ICH in FNAIT is before week 28 of gestation <link href="#voxs12401-bib-0004"/>. Of note, rapid development of premature medullary veins into shower&#x2010;like numerous vessels associated with extensive angiogenesis has been observed between weeks 19 and 24 of gestation <link href="#voxs12401-bib-0026"/>. It is feasible to speculate that antibodies against <i>&#x03B1;</i>v<i>&#x03B2;</i>3 interfere with these critical processes to provoke ICH, especially in the brain, within this period. Direct biological evidence other than from our association study is lacking. It is currently also unclear whether organ bleeding other than ICH (pulmonary, gastrointestinal, renal), which is only rarely reported in FNAIT, is also associated with anti&#x2010;endothelial activity <link href="#voxs12401-bib-0027"/>.</p>
</section>
<section xml:id="voxs12401-sec-0008">
<title type="main">Towards a serological assay to predict ICH</title>
<p>Once anti&#x2010;HPA&#x2010;1a of other subtypes has been removed from the serum, clinically relevant anti&#x2010;HPA&#x2010;1a of the anti&#x2010; <i>&#x03B1;</i>v<i>&#x03B2;</i>3 subtype can be demonstrated in an antigen capture assay (Fig. <link href="#voxs12401-fig-0001"/>d). Adjusting the current experimental assay to 100&#x0025; specificity (no false&#x2010;positive detection of anti&#x2010;<i>&#x03B1;</i>v<i>&#x03B2;</i>3 subtype in the &#x2010;ICH cohort), 1&#x002F;18 anti&#x2010;HPA&#x2010;1a of the anti&#x2010; <i>&#x03B1;</i>v<i>&#x03B2;</i>3 subtype was not identified in the &#x002B; ICH cohort, resulting in a negative predictive value of 94&#x00B7;7&#x0025; <link href="#voxs12401-bib-0014"/>. A routine assay for reliable diagnosis of the presence of anti&#x2010; <i>&#x03B1;</i>v<i>&#x03B2;</i>3 is currently under development.</p>
<p>Defining anti&#x2010;HPA&#x2010;1a subtypes in maternal serum may have significant potential in the diagnostic prediction of ICH development, and it may also allow for modification of prophylactic treatment. At the moment, we are unable to predict the outcome of a pregnancy in an immunized woman other than based on the outcome of her previous pregnancy: an ICH is very likely to re&#x2010;occur if the woman is not treated (79&#x2010;85&#x0025; reoccurrence rate) <link href="#voxs12401-bib-0005 #voxs12401-bib-0006"/>. The risk for intracranial bleeding is low, but not inexistent, if a previous child was diagnosed with FNAIT, but no ICH. Antibody titres seem to be rather poor biomarkers for predicting ICH (Table <link href="#voxs12401-tbl-0001"/>). Ideally, the absence of the anti&#x2010; <i>&#x03B1;</i>v<i>&#x03B2;</i>3 subtype indicates that no ICH will occur; women with a negative test result would then require no treatment.</p>
<p>Of course, under real&#x2010;world conditions, it seems unlikely that a single factor has such a strong predictive value. The authors currently believe that ICH mainly develops in fetuses with anti&#x2010;HPA&#x2010;1a antibodies of the anti&#x2010;<i>&#x03B1;</i>v<i>&#x03B2;</i>3 subtype and a low platelet count. We suggest that both mechanisms participate in overcoming an intracranial bleeding threshold, somewhat comparable to the Bux&#x2013;Sachs threshold model of TRALI <link href="#voxs12401-bib-0028"/>. Accordingly, the FNAIT intracranial bleeding threshold can be exceeded in fetuses with only moderately reduced platelet counts, if the anti&#x2010;endothelial activity is strong (Fig. <link href="#voxs12401-fig-0005"/>, example A). This example correlates with intracranial bleedings reported in FNAIT children with platelet counts &#x003E;50 G&#x002F;l; or even &#x003E;100 G&#x002F;l. Less anti&#x2010;endothelial activity is sufficient to overcome the threshold if the platelet count is low (Fig. <link href="#voxs12401-fig-0005"/>, example B). Whether ICH can even occur in the absence of anti&#x2010;<i>&#x03B1;</i>v<i>&#x03B2;</i>3 antibodies remains to be determined. Obviously, both anti&#x2010;endothelial activity and the platelet count might be modulated further by some of the factors mentioned in Table <link href="#voxs12401-tbl-0001"/> such as inflammatory changes in the fetal organism.</p>
<figure xml:id="voxs12401-fig-0005">
<mediaResourceGroup>
<mediaResource alt="image" href="urn:x-wiley:17512816:media:voxs12401:voxs12401-fig-0005"/>
<mediaResource alt="image" href="image_m/voxs12401-fig-0005-m.png" mimeType="image/png" rendition="webHiRes"/>
<mediaResource alt="image" href="image_n/voxs12401-fig-0005.png" mimeType="image/png" rendition="webOriginal"/>
<mediaResource alt="image" href="image_t/voxs12401-fig-0005-t.gif" mimeType="image/gif" rendition="webLoRes"/>
</mediaResourceGroup>
<caption><fc>FNAIT</fc> intracranial bleeding threshold model. This model suggests that a certain threshold must be overcome to induce intracranial bleeding in <fc>FNAIT</fc>. Overcoming the threshold depends on both, the anti&#x2010;endothelial activity of the anti&#x2010;<fc>HPA</fc>&#x2010;1a antibody (grey) and the platelet count (light). If the maternal antibody has strong anti&#x2010;endothelial activity, <fc>ICH</fc> may occur even with only moderately reduced&#x002F;near&#x2010;normal fetal platelet counts (circle A). On the other hand, if the fetal platelet count is very low (circle B), moderate anti&#x2010;endothelial activity will suffice to overcome the threshold. The model is adopted from the original <fc>TRALI</fc> threshold model from Bux &#x0026; Sachs, 2007 <link href="#voxs12401-bib-0028"/>.</caption>
</figure>
<p>Discussing anti&#x2010;endothelial activity, as a side note, the fact that the <i>&#x03B1;</i>v chain itself is also a polymorphic protein should not go unmentioned. We are unaware of studies demonstrating antigenicity for <i>&#x03B1;</i>v amino acid exchanges, but <i>&#x03B1;</i>v&#x2010;dependent antibodies (possibly triggering ICH) would apparently remain undetected, even with serological platelet cross&#x2010;matching, since <i>&#x03B1;</i>v<i>&#x03B2;</i>3 expression on platelets is very low. Further studies are required.</p>
</section>
<section xml:id="voxs12401-sec-0009">
<title type="main">Conclusion</title>
<p>Biomarkers predicting the occurrence of FNAIT&#x2010;associated ICH in pregnancies&#x2010;at&#x2010;risk are currently not available. If our recently published observation is confirmed in larger cohorts, a biomarker may become available that is helpful in separating pregnancies with a high bleeding risk from others. This would then have a number of therapeutic consequences. If prevention of intracranial bleeding, not prevention of low platelets, becomes our therapeutic goal in FNAIT, only very few women will require prophylactic treatment. And, apparently, if ICH is the consequence of anti&#x2010;endothelial activity, intrauterine platelet transfusions are not an appropriate therapeutic approach at all to prevent ICH.</p>
</section>
<section xml:id="voxs12401-sec-0010">
<title type="main">Funding</title>
<p>This work was supported by grants from the Else Kr&#x00F6;ner&#x2010;Fresenius&#x2010;Stiftung, Bad Homburg vor der H&#x00F6;he, Germany, and from the Deutsche Forschungsgemeinschaft (DFG), Excellence Cluster Cardiopulmonary System.</p>
</section>
<bibliography cited="yes" style="numbered" xml:id="voxs12401-bibl-0001">
<title type="main">References</title>
<bib xml:id="voxs12401-bib-0001">
<citation type="journal" xml:id="voxs12401-cit-0001"><author><familyName>Mueller&#x2010;Eckhardt</familyName> <givenNames>C</givenNames></author>, <author><familyName>Kiefel</familyName> <givenNames>V</givenNames></author>, <author><familyName>Grubert</familyName> <givenNames>A</givenNames></author>, <i>et al</i>.: <articleTitle>348 cases of suspected neonatal alloimmune thrombocytopenia</articleTitle>. <journalTitle>Lancet</journalTitle>. <pubYear year="1989">1989</pubYear>;<vol>1</vol>(<issue>8634</issue>):<pageFirst>363</pageFirst>&#x2013;<pageLast>366</pageLast></citation>
</bib>
<bib xml:id="voxs12401-bib-0002">
<citation type="journal" xml:id="voxs12401-cit-0002"><author><familyName>Kjeldsen&#x2010;Kragh</familyName> <givenNames>J</givenNames></author>, <author><familyName>Killie</familyName> <givenNames>MK</givenNames></author>, <author><familyName>Tomter</familyName> <givenNames>G</givenNames></author>, <i>et al</i>.: <articleTitle>A screening and intervention program aimed to reduce mortality and serious morbidity associated with severe neonatal alloimmune thrombocytopenia</articleTitle>. <journalTitle>Blood</journalTitle> <pubYear year="2007">2007</pubYear>; <vol>110</vol>(<issue>3</issue>):<pageFirst>833</pageFirst>&#x2013;<pageLast>839</pageLast></citation>
</bib>
<bib xml:id="voxs12401-bib-0003">
<citation type="journal" xml:id="voxs12401-cit-0003"><author><familyName>Kamphuis</familyName> <givenNames>MM</givenNames></author>, <author><familyName>Paridaans</familyName> <givenNames>N</givenNames></author>, <author><familyName>Porcelijn</familyName> <givenNames>L</givenNames></author>, <i>et al</i>.: <articleTitle>Screening in pregnancy for fetal or neonatal alloimmune thrombocytopenia: systematic review</articleTitle>. <journalTitle>BJOG</journalTitle> <pubYear year="2010">2010</pubYear>; <vol>117</vol>:<pageFirst>1335</pageFirst>&#x2013;<pageLast>1343</pageLast></citation>
</bib>
<bib xml:id="voxs12401-bib-0004">
<citation type="journal" xml:id="voxs12401-cit-0004"><author><familyName>Tiller</familyName> <givenNames>H</givenNames></author>, <author><familyName>Kamphuis</familyName> <givenNames>MM</givenNames></author>, <author><familyName>Flodmark</familyName> <givenNames>O</givenNames></author>, <i>et al</i>.: <articleTitle>Fetal intracranial haemorrhages caused by fetal and neonatal alloimmune thrombocytopenia: an observational cohort study of 43 cases from an international multicentre registry</articleTitle>. <journalTitle>BMJ Open</journalTitle> <pubYear year="2013">2013</pubYear>; <vol>3</vol>:<pageFirst>pii</pageFirst></citation>
</bib>
<bib xml:id="voxs12401-bib-0005">
<citation type="journal" xml:id="voxs12401-cit-0005"><author><familyName>Radder</familyName> <givenNames>CM</givenNames></author>, <author><familyName>Brand</familyName> <givenNames>A</givenNames></author>, <author><familyName>Kanhai</familyName> <givenNames>HH</givenNames></author>: <articleTitle>Will it ever be possible to balance the risk of intracranial haemorrhage in fetal or neonatal alloimmune thrombocytopenia against the risk of treatment strategies to prevent it?</articleTitle> <journalTitle>Vox Sang</journalTitle> <pubYear year="2003">2003</pubYear>; <vol>84</vol>:<pageFirst>318</pageFirst>&#x2013;<pageLast>325</pageLast></citation>
</bib>
<bib xml:id="voxs12401-bib-0006">
<citation type="journal" xml:id="voxs12401-cit-0006"><author><familyName>Bussel</familyName> <givenNames>JB</givenNames></author>, <author><familyName>Berkowitz</familyName> <givenNames>RL</givenNames></author>, <author><familyName>Hung</familyName> <givenNames>C</givenNames></author>, <i>et al</i>.: <articleTitle>Intracranial hemorrhage in alloimmune thrombocytopenia: stratified management to prevent recurrence in the subsequent affected fetus</articleTitle>. <journalTitle>Am J Obstet Gynecol</journalTitle> <pubYear year="2010">2010</pubYear>; <vol>203</vol>:<pageFirst>135</pageFirst></citation>
</bib>
<bib xml:id="voxs12401-bib-0007">
<citation type="journal" xml:id="voxs12401-cit-0007"><author><familyName>Newman</familyName> <givenNames>PJ</givenNames></author>, <author><familyName>Derbes</familyName> <givenNames>RS</givenNames></author>, <author><familyName>Aster</familyName> <givenNames>RH</givenNames></author>: <articleTitle>The human platelet alloantigens, PlA1 and PlA2, are associated with a leucine33&#x002F;proline33 amino acid polymorphism in membrane glycoprotein IIIa, and are distinguishable by DNA typing</articleTitle>. <journalTitle>J Clin Invest</journalTitle> <pubYear year="1989">1989</pubYear>; <vol>83</vol>:<pageFirst>1778</pageFirst>&#x2013;<pageLast>1781</pageLast></citation>
</bib>
<bib xml:id="voxs12401-bib-0008">
<citation type="journal" xml:id="voxs12401-cit-0008"><author><familyName>Bennett</familyName> <givenNames>JS</givenNames></author>, <author><familyName>Berger</familyName> <givenNames>BW</givenNames></author>, <author><familyName>Billings</familyName> <givenNames>PC</givenNames></author>: <articleTitle>The structure and function of platelet integrins</articleTitle>. <journalTitle>J Thromb Haemost</journalTitle> <pubYear year="2009">2009</pubYear>; <vol>7</vol>(<issue>Suppl. 1</issue>):<pageFirst>200</pageFirst>&#x2013;<pageLast>205</pageLast></citation>
</bib>
<bib xml:id="voxs12401-bib-0009">
<citation type="journal" xml:id="voxs12401-cit-0009"><author><familyName>Cheresh</familyName> <givenNames>DA</givenNames></author>, <author><familyName>Smith</familyName> <givenNames>JW</givenNames></author>, <author><familyName>Cooper</familyName> <givenNames>HM</givenNames></author>, <i>et al</i>.: <articleTitle>A novel vitronectin receptor integrin is responsible for distinct adhesive properties of carcinoma cells</articleTitle>. <journalTitle>Cell</journalTitle> <pubYear year="1989">1989</pubYear>; <vol>57</vol>:<pageFirst>59</pageFirst>&#x2013;<pageLast>69</pageLast></citation>
</bib>
<bib xml:id="voxs12401-bib-0010">
<citation type="journal" xml:id="voxs12401-cit-0010"><author><familyName>Leeksma</familyName> <givenNames>OC</givenNames></author>, <author><familyName>Giltay</familyName> <givenNames>JC</givenNames></author>, <author><familyName>Zandbergen&#x2010;Spaargaren</familyName> <givenNames>J</givenNames></author>, <i>et al</i>.: <articleTitle>The platelet alloantigen Zwa or PlA1 is expressed by cultured endothelial cells</articleTitle>. <journalTitle>Br J Haematol</journalTitle> <pubYear year="1987">1987</pubYear>; <vol>66</vol>:<pageFirst>369</pageFirst>&#x2013;<pageLast>373</pageLast></citation>
</bib>
<bib xml:id="voxs12401-bib-0011">
<citation type="journal" xml:id="voxs12401-cit-0011"><author><familyName>Giltay</familyName> <givenNames>JC</givenNames></author>, <author><familyName>Leeksma</familyName> <givenNames>OC</givenNames></author>, <author><familyName>Von dem Borne</familyName> <givenNames>AE</givenNames></author>, <i>et al</i>.: <articleTitle>Alloantigenic composition of the endothelial vitronectin receptor</articleTitle>. <journalTitle>Blood</journalTitle> <pubYear year="1988">1988</pubYear>; <vol>72</vol>:<pageFirst>230</pageFirst>&#x2013;<pageLast>233</pageLast></citation>
</bib>
<bib xml:id="voxs12401-bib-0012">
<citation type="journal" xml:id="voxs12401-cit-0012"><author><familyName>Van Gils</familyName> <givenNames>JM</givenNames></author>, <author><familyName>Stutterheim</familyName> <givenNames>J</givenNames></author>, <author><familyNamePrefix>van</familyNamePrefix> <familyName>Duijn</familyName> <givenNames>TJ</givenNames></author>, <i>et al</i>.: <articleTitle>HPA&#x2010;1a alloantibodies reduce endothelial cell spreading and monolayer integrity</articleTitle>. <journalTitle>Mol Immunol</journalTitle> <pubYear year="2009">2009</pubYear>; <vol>46</vol>:<pageFirst>406</pageFirst>&#x2013;<pageLast>415</pageLast></citation>
</bib>
<bib xml:id="voxs12401-bib-0013">
<citation type="journal" xml:id="voxs12401-cit-0013"><author><familyName>Radder</familyName> <givenNames>CM</givenNames></author>, <author><familyName>Beekhuizen</familyName> <givenNames>H</givenNames></author>, <author><familyName>Kanhai</familyName> <givenNames>HH</givenNames></author>, <i>et al</i>.: <articleTitle>Effect of maternal anti&#x2010;HPA&#x2010;1a antibodies and polyclonal IVIG on the activation status of vascular endothelial cells</articleTitle>. <journalTitle>Clin Exp Immunol</journalTitle> <pubYear year="2004">2004</pubYear>; <vol>137</vol>:<pageFirst>216</pageFirst>&#x2013;<pageLast>222</pageLast></citation>
</bib>
<bib xml:id="voxs12401-bib-0014">
<citation type="journal" xml:id="voxs12401-cit-0014"><author><familyName>Santoso</familyName> <givenNames>S</givenNames></author>, <author><familyName>Wihadmadyatami</familyName> <givenNames>H</givenNames></author>, <author><familyName>Bakchoul</familyName> <givenNames>T</givenNames></author>, <i>et al</i>.: <articleTitle>Antiendothelial <i>&#x03B1;</i>v<i>&#x03B2;</i>3 antibodies are a major cause of intracranial bleeding in fetal&#x002F;neonatal alloimmune thrombocytopenia</articleTitle>. <journalTitle>Arterioscler Thromb Vasc Biol</journalTitle> <pubYear year="2016">2016</pubYear>; <vol>36</vol>:<pageFirst>1517</pageFirst>&#x2013;<pageLast>1524</pageLast></citation>
</bib>
<bib xml:id="voxs12401-bib-0015">
<citation type="journal" xml:id="voxs12401-cit-0015"><author><familyName>Kiefel</familyName> <givenNames>V</givenNames></author>, <author><familyName>Santoso</familyName> <givenNames>S</givenNames></author>, <author><familyName>Weisheit</familyName> <givenNames>M</givenNames></author>, <i>et al</i>.: <articleTitle>Monoclonal antibody&#x2013;specific immobilization of platelet antigens (MAIPA): a new tool for the identification of platelet&#x2010;reactive antibodies</articleTitle>. <journalTitle>Blood</journalTitle> <pubYear year="1987">1987</pubYear>; <vol>70</vol>:<pageFirst>1722</pageFirst>&#x2013;<pageLast>1726</pageLast></citation>
</bib>
<bib xml:id="voxs12401-bib-0016">
<citation type="journal" xml:id="voxs12401-cit-0016"><author><familyName>Erdreich&#x2010;Epstein</familyName> <givenNames>A</givenNames></author>, <author><familyName>Tran</familyName> <givenNames>LB</givenNames></author>, <author><familyName>Cox</familyName> <givenNames>OT</givenNames></author>, <i>et al</i>.: <articleTitle>Endothelial apoptosis induced by inhibition of integrins alphavbeta3 and alphavbeta5 involves ceramide metabolic pathways</articleTitle>. <journalTitle>Blood</journalTitle> <pubYear year="2005">2005</pubYear>; <vol>105</vol>:<pageFirst>4353</pageFirst>&#x2013;<pageLast>4361</pageLast></citation>
</bib>
<bib xml:id="voxs12401-bib-0017">
<citation type="journal" xml:id="voxs12401-cit-0017"><author><familyName>Li</familyName> <givenNames>AE</givenNames></author>, <author><familyName>Ito</familyName> <givenNames>H</givenNames></author>, <author><familyName>Rovira</familyName> <givenNames>II</givenNames></author>, <i>et al</i>.: <articleTitle>A role for reactive oxygen species in endothelial anoikis</articleTitle>. <journalTitle>Circ Res</journalTitle> <pubYear year="1999">1999</pubYear>; <vol>85</vol>:<pageFirst>304</pageFirst>&#x2013;<pageLast>310</pageLast></citation>
</bib>
<bib xml:id="voxs12401-bib-0018">
<citation type="journal" xml:id="voxs12401-cit-0018"><author><familyName>Wang</familyName> <givenNames>WJ</givenNames></author>: <articleTitle>Acurhagin&#x2010;C, an ECD disintegrin, inhibits integrin alphavbeta3&#x2010;mediated human endothelial cell functions by inducing apoptosis via caspase&#x2010;3 activation</articleTitle>. <journalTitle>Br J Pharmacol</journalTitle> <pubYear year="2010">2010</pubYear>; <vol>160</vol>:<pageFirst>1338</pageFirst>&#x2013;<pageLast>1351</pageLast></citation>
</bib>
<bib xml:id="voxs12401-bib-0019">
<citation type="journal" xml:id="voxs12401-cit-0019"><author><familyName>Brooks</familyName> <givenNames>PC</givenNames></author>, <author><familyName>Clark</familyName> <givenNames>RA</givenNames></author>, <author><familyName>Cheresh</familyName> <givenNames>DA</givenNames></author>: <articleTitle>Requirement of vascular integrin alpha v beta 3 for angiogenesis</articleTitle>. <journalTitle>Science</journalTitle> <pubYear year="1994">1994</pubYear>; <vol>264</vol>:<pageFirst>569</pageFirst>&#x2013;<pageLast>571</pageLast></citation>
</bib>
<bib xml:id="voxs12401-bib-0020">
<citation type="journal" xml:id="voxs12401-cit-0020"><author><familyName>Gutheil</familyName> <givenNames>JC</givenNames></author>, <author><familyName>Campbell</familyName> <givenNames>TN</givenNames></author>, <author><familyName>Pierce</familyName> <givenNames>PR</givenNames></author>, <i>et al</i>.: <articleTitle>Targeted antiangiogenic therapy for cancer using Vitaxin: a humanized monoclonal antibody to the integrin alphavbeta3</articleTitle>. <journalTitle>Clin Cancer Res</journalTitle> <pubYear year="2000">2000</pubYear>; <vol>6</vol>:<pageFirst>3056</pageFirst>&#x2013;<pageLast>3061</pageLast></citation>
</bib>
<bib xml:id="voxs12401-bib-0021">
<citation type="journal" xml:id="voxs12401-cit-0021"><author><familyName>Zhang</familyName> <givenNames>D</givenNames></author>, <author><familyName>Pier</familyName> <givenNames>T</givenNames></author>, <author><familyName>McNeel</familyName> <givenNames>DG</givenNames></author>, <i>et al</i>.: <articleTitle>Effects of a monoclonal anti&#x2010;alpha v beta 3 integrin antibody on blood vessels &#x2010; a pharmacodynamic study</articleTitle>. <journalTitle>Invest New Drugs</journalTitle> <pubYear year="2007">2007</pubYear>; <vol>25</vol>:<pageFirst>49</pageFirst>&#x2013;<pageLast>55</pageLast></citation>
</bib>
<bib xml:id="voxs12401-bib-0022">
<citation type="journal" xml:id="voxs12401-cit-0022"><author><familyName>Ballabh</familyName> <givenNames>P</givenNames></author>, <author><familyName>Braun</familyName> <givenNames>A</givenNames></author>, <author><familyName>Nedergaard</familyName> <givenNames>M</givenNames></author>: <articleTitle>The blood&#x2010;brain barrier: an overview: structure, regulation, and clinical implications</articleTitle>. <journalTitle>Neurobiol Dis</journalTitle> <pubYear year="2004">2004</pubYear>; <vol>16</vol>:<pageFirst>1</pageFirst>&#x2013;<pageLast>13</pageLast></citation>
</bib>
<bib xml:id="voxs12401-bib-0023">
<citation type="journal" xml:id="voxs12401-cit-0023"><author><familyName>Cambier</familyName> <givenNames>S</givenNames></author>, <author><familyName>Gline</familyName> <givenNames>S</givenNames></author>, <author><familyName>Mu</familyName> <givenNames>D</givenNames></author>, <i>et al</i>.: <articleTitle>Integrin <i>&#x03B1;</i>v<i>&#x03B2;</i>8&#x2010;mediated activation of transforming growth factor&#x2010;<i>&#x03B2;</i> by perivascular astrocytes: an angiogenic control switch</articleTitle>. <journalTitle>Am J Pathol</journalTitle> <pubYear year="2005">2005</pubYear>; <vol>166</vol>:<pageFirst>1883</pageFirst>&#x2013;<pageLast>1894</pageLast></citation>
</bib>
<bib xml:id="voxs12401-bib-0024">
<citation type="journal" xml:id="voxs12401-cit-0024"><author><familyName>Scaffidi</familyName> <givenNames>AK</givenNames></author>, <author><familyName>Petrovic</familyName> <givenNames>N</givenNames></author>, <author><familyName>Moodley</familyName> <givenNames>YP</givenNames></author>, <i>et al</i>.: <articleTitle><i>&#x03B1;</i>v<i>&#x03B2;</i>3 integrin interacts with the transforming growth factor B (TGFB) type II receptor to potentiate the proliferative effects of TGFB1 in living human lung fibroblasts</articleTitle>. <journalTitle>J Biol Chem</journalTitle> <pubYear year="2004">2004</pubYear>; <vol>279</vol>:<pageFirst>37726</pageFirst>&#x2013;<pageLast>37733</pageLast></citation>
</bib>
<bib xml:id="voxs12401-bib-0025">
<citation type="journal" xml:id="voxs12401-cit-0025"><author><familyName>Wipff</familyName> <givenNames>PJ</givenNames></author>, <author><familyName>Hinz</familyName> <givenNames>B</givenNames></author>: <articleTitle>Integrins and the activation of latent transforming growth factor beta1 &#x2010; an intimate relationship</articleTitle>. <journalTitle>Eur J Cell Biol</journalTitle> <pubYear year="2008">2008</pubYear>; <vol>87</vol>:<pageFirst>601</pageFirst>&#x2013;<pageLast>615</pageLast></citation>
</bib>
<bib xml:id="voxs12401-bib-0026">
<citation type="journal" xml:id="voxs12401-cit-0026"><author><familyName>Pooh</familyName> <givenNames>RK</givenNames></author>, <author><familyName>Kurjak</familyName> <givenNames>A</givenNames></author>: <articleTitle>Fetal brain vascularity visualized by conventional 2D and 3D power doppler technology</articleTitle>. <journalTitle>Donald School J Ultrasound Obstet Gynecol</journalTitle> <pubYear year="2010">2010</pubYear>; <vol>4</vol>:<pageFirst>249</pageFirst>&#x2013;<pageLast>258</pageLast></citation>
</bib>
<bib xml:id="voxs12401-bib-0027">
<citation type="journal" xml:id="voxs12401-cit-0027"><author><familyName>Winkelhorst</familyName> <givenNames>D</givenNames></author>, <author><familyName>Kamphuis</familyName> <givenNames>MM</givenNames></author>, <author><familyNamePrefix>de</familyNamePrefix> <familyName>Kloet</familyName> <givenNames>LC</givenNames></author>, <i>et al</i>.: <articleTitle>Severe bleeding complications other than intracranial hemorrhage in neonatal alloimmune thrombocytopenia: a case series and review of the literature</articleTitle>. <journalTitle>Transfusion</journalTitle> <pubYear year="2016">2016</pubYear>; <vol>56</vol>:<pageFirst>1230</pageFirst>&#x2013;<pageLast>1235</pageLast></citation>
</bib>
<bib xml:id="voxs12401-bib-0028">
<citation type="journal" xml:id="voxs12401-cit-0028"><author><familyName>Bux</familyName> <givenNames>J</givenNames></author>, <author><familyName>Sachs</familyName> <givenNames>UJ</givenNames></author>: <articleTitle>The pathogenesis of transfusion&#x2010;related acute lung injury (TRALI)</articleTitle>. <journalTitle>Br J Haematol</journalTitle> <pubYear year="2007">2007</pubYear>; <vol>136</vol>:<pageFirst>788</pageFirst>&#x2013;<pageLast>799</pageLast></citation>
</bib>
<bib xml:id="voxs12401-bib-0029">
<citation type="journal" xml:id="voxs12401-cit-0029"><author><familyName>Fusi</familyName> <givenNames>FM</givenNames></author>, <author><familyName>Tamburini</familyName> <givenNames>C</givenNames></author>, <author><familyName>Mangili</familyName> <givenNames>F</givenNames></author>, <i>et al</i>.: <articleTitle>The expression of alpha v, alpha 5, beta 1, and beta 3 integrin chains on ejaculated human spermatozoa varies with their functional state</articleTitle>. <journalTitle>Mol Hum Reprod</journalTitle> <pubYear year="1996">1996</pubYear>; <vol>2</vol>:<pageFirst>169</pageFirst>&#x2013;<pageLast>175</pageLast></citation>
</bib>
<bib xml:id="voxs12401-bib-0030">
<citation type="journal" xml:id="voxs12401-cit-0030"><author><familyName>Kumpel</familyName> <givenNames>BM</givenNames></author>, <author><familyName>Manoussaka</familyName> <givenNames>MS</givenNames></author>: <articleTitle>Placental immunology and maternal alloimmune responses</articleTitle>. <journalTitle>Vox Sang</journalTitle> <pubYear year="2012">2012</pubYear>; <vol>102</vol>:<pageFirst>2</pageFirst>&#x2013;<pageLast>12</pageLast></citation>
</bib>
<bib xml:id="voxs12401-bib-0031">
<citation type="journal" xml:id="voxs12401-cit-0031"><author><familyName>Delbos</familyName> <givenNames>F</givenNames></author>, <author><familyName>Bertrand</familyName> <givenNames>G</givenNames></author>, <author><familyName>Croisille</familyName> <givenNames>L</givenNames></author>, <i>et al</i>.: <articleTitle>Fetal and neonatal alloimmune thrombocytopenia: predictive factors of intracranial hemorrhage</articleTitle>. <journalTitle>Transfusion</journalTitle> <pubYear year="2016">2016</pubYear>; <vol>56</vol>:<pageFirst>59</pageFirst>&#x2013;<pageLast>66</pageLast></citation>
</bib>
<bib xml:id="voxs12401-bib-0032">
<citation type="journal" xml:id="voxs12401-cit-0032"><author><familyName>Sainio</familyName> <givenNames>S</givenNames></author>, <author><familyName>Javela</familyName> <givenNames>K</givenNames></author>, <author><familyName>Tuimala</familyName> <givenNames>J</givenNames></author>, <i>et al</i>.: <articleTitle>Maternal HLA genotyping is not useful for predicting severity of fetal and neonatal alloimmune thrombocytopenia</articleTitle>. <journalTitle>Br J Haematol</journalTitle> <pubYear year="2017">2017</pubYear>; <vol>176</vol>:<pageFirst>111</pageFirst>&#x2013;<pageLast>117</pageLast></citation>
</bib>
<bib xml:id="voxs12401-bib-0033">
<citation type="journal" xml:id="voxs12401-cit-0033"><author><familyName>Wienzek&#x2010;Lischka</familyName> <givenNames>S</givenNames></author>, <author><familyName>K&#x00F6;nig</familyName> <givenNames>IR</givenNames></author>, <author><familyName>Papenkort</familyName> <givenNames>EM</givenNames></author>, <i>et al</i>.: <articleTitle>HLA&#x2010;DRB3&#x002A;01:01 is a predictor of immunization against human platelet antigen&#x2010;1a but not of the severity of fetal and neonatal alloimmune thrombocytopenia</articleTitle>. <journalTitle>Transfusion</journalTitle> <pubYear year="2017">2017</pubYear>; <vol>57</vol>:<pageFirst>533</pageFirst>&#x2013;<pageLast>540</pageLast></citation>
</bib>
<bib xml:id="voxs12401-bib-0034">
<citation type="journal" xml:id="voxs12401-cit-0034"><author><familyName>Mawas</familyName> <givenNames>F</givenNames></author>, <author><familyName>Wiener</familyName> <givenNames>E</givenNames></author>, <author><familyName>Williamson</familyName> <givenNames>LM</givenNames></author>, <i>et al</i>.: <articleTitle>Immunoglobulin G subclasses of anti&#x2010;human platelet antigen 1a in maternal sera: relation to the severity of neonatal alloimmune thrombocytopenia</articleTitle>. <journalTitle>Eur J Haematol</journalTitle> <pubYear year="1997">1997</pubYear>; <vol>59</vol>:<pageFirst>287</pageFirst>&#x2013;<pageLast>292</pageLast></citation>
</bib>
<bib xml:id="voxs12401-bib-0035">
<citation type="journal" xml:id="voxs12401-cit-0035"><author><familyName>Kelsch</familyName> <givenNames>R</givenNames></author>, <author><familyName>Hutt</familyName> <givenNames>K</givenNames></author>, <author><familyName>Cassens</familyName> <givenNames>U</givenNames></author>, <i>et al</i>.: <articleTitle>Semiquantitative measurement of IgG subclasses and IgM of platelet&#x2010;specific antibodies in a glycoprotein&#x2010;specific platelet&#x2010;antigen capture assay</articleTitle>. <journalTitle>Br J Haematol</journalTitle> <pubYear year="2002">2002</pubYear>; <vol>117</vol>:<pageFirst>141</pageFirst>&#x2013;<pageLast>150</pageLast></citation>
</bib>
<bib xml:id="voxs12401-bib-0036">
<citation type="journal" xml:id="voxs12401-cit-0036"><author><familyName>Kroll</familyName> <givenNames>H</givenNames></author>, <author><familyName>Penke</familyName> <givenNames>G</givenNames></author>, <author><familyName>Santoso</familyName> <givenNames>S</givenNames></author>: <articleTitle>Functional heterogeneity of alloantibodies against the human platelet antigen (HPA)&#x2010;1a</articleTitle>. <journalTitle>Thromb Haemost</journalTitle> <pubYear year="2005">2005</pubYear>; <vol>94</vol>:<pageFirst>1224</pageFirst>&#x2013;<pageLast>1229</pageLast></citation>
</bib>
<bib xml:id="voxs12401-bib-0037">
<citation type="journal" xml:id="voxs12401-cit-0037"><author><familyName>Kapur</familyName> <givenNames>R</givenNames></author>, <author><familyName>Kustiawan</familyName> <givenNames>I</givenNames></author>, <author><familyName>Vestrheim</familyName> <givenNames>A</givenNames></author>, <i>et al</i>.: <articleTitle>A prominent lack of IgG1&#x2010;Fc fucosylation of platelet alloantibodies in pregnancy</articleTitle>. <journalTitle>Blood</journalTitle> <pubYear year="2014">2014</pubYear>; <vol>123</vol>:<pageFirst>471</pageFirst>&#x2013;<pageLast>480</pageLast></citation>
</bib>
<bib xml:id="voxs12401-bib-0038">
<citation type="journal" xml:id="voxs12401-cit-0038"><author><familyName>Williamson</familyName> <givenNames>LM</givenNames></author>, <author><familyName>Hackett</familyName> <givenNames>G</givenNames></author>, <author><familyName>Rennie</familyName> <givenNames>J</givenNames></author>, <i>et al</i>.: <articleTitle>The natural history of fetomaternal alloimmunization to the platelet&#x2010;specific antigen HPA&#x2010;1a (PlA1, Zwa) as determined by antenatal screening</articleTitle>. <journalTitle>Blood</journalTitle> <pubYear year="1998">1998</pubYear>; <vol>92</vol>:<pageFirst>2280</pageFirst>&#x2013;<pageLast>2287</pageLast></citation>
</bib>
<bib xml:id="voxs12401-bib-0039">
<citation type="journal" xml:id="voxs12401-cit-0039"><author><familyName>Ghevaert</familyName> <givenNames>C</givenNames></author>, <author><familyName>Campbell</familyName> <givenNames>K</givenNames></author>, <author><familyName>Stafford</familyName> <givenNames>P</givenNames></author>, <i>et al</i>.: <articleTitle>HPA&#x2010;1a antibody potency and bioactivity do not predict severity of fetomaternal alloimmune thrombocytopenia</articleTitle>. <journalTitle>Transfusion</journalTitle> <pubYear year="2007">2007</pubYear>; <vol>47</vol>:<pageFirst>1296</pageFirst>&#x2013;<pageLast>1305</pageLast></citation>
</bib>
<bib xml:id="voxs12401-bib-0040">
<citation type="journal" xml:id="voxs12401-cit-0040"><author><familyName>Killie</familyName> <givenNames>MK</givenNames></author>, <author><familyName>Husebekk</familyName> <givenNames>A</givenNames></author>, <author><familyName>Kjeldsen&#x2010;Kragh</familyName> <givenNames>J</givenNames></author>, <i>et al</i>.: <articleTitle>A prospective study of maternal anti&#x2010;HPA 1a antibody level as a potential predictor of alloimmune thrombocytopenia in the newborn</articleTitle>. <journalTitle>Haematologica</journalTitle> <pubYear year="2008">2008</pubYear>; <vol>93</vol>:<pageFirst>870</pageFirst>&#x2013;<pageLast>877</pageLast></citation>
</bib>
<bib xml:id="voxs12401-bib-0041">
<citation type="journal" xml:id="voxs12401-cit-0041"><author><familyName>Sachs</familyName> <givenNames>UJ</givenNames></author>, <author><familyName>Socher</familyName> <givenNames>I</givenNames></author>, <author><familyName>Braeunlich</familyName> <givenNames>CG</givenNames></author>, <i>et al</i>.: <articleTitle>A variable number of tandem repeats polymorphism influences the transcriptional activity of the neonatal Fc receptor alpha&#x2010;chain promoter</articleTitle>. <journalTitle>Immunology</journalTitle> <pubYear year="2006">2006</pubYear>; <vol>119</vol>:<pageFirst>83</pageFirst>&#x2013;<pageLast>89</pageLast></citation>
</bib>
<bib xml:id="voxs12401-bib-0042">
<citation type="journal" xml:id="voxs12401-cit-0042"><author><familyName>Freiberger</familyName> <givenNames>T</givenNames></author>, <author><familyName>Ravcukov&#x00E1;</familyName> <givenNames>B</givenNames></author>, <author><familyName>Grodeck&#x00E1;</familyName> <givenNames>L</givenNames></author>, <i>et al</i>.: <articleTitle>No association of FCRN promoter VNTR polymorphism with the rate of maternal&#x2010;fetal IgG transfer</articleTitle>. <journalTitle>J Reprod Immunol</journalTitle> <pubYear year="2010">2010</pubYear>; <vol>85</vol>:<pageFirst>193</pageFirst>&#x2013;<pageLast>197</pageLast></citation>
</bib>
<bib xml:id="voxs12401-bib-0043">
<citation type="journal" xml:id="voxs12401-cit-0043"><author><familyName>Dubruc</familyName> <givenNames>E</givenNames></author>, <author><familyName>Lebreton</familyName> <givenNames>F</givenNames></author>, <author><familyName>Giannoli</familyName> <givenNames>C</givenNames></author>, <i>et al</i>.: <articleTitle>Placental histological lesions in fetal and neonatal alloimmune thrombocytopenia: a retrospective cohort study of 21 cases</articleTitle>. <journalTitle>Placenta</journalTitle> <pubYear year="2016">2016</pubYear>; <vol>48</vol>:<pageFirst>104</pageFirst>&#x2013;<pageLast>109</pageLast></citation>
</bib>
<bib xml:id="voxs12401-bib-0044">
<citation type="journal" xml:id="voxs12401-cit-0044"><author><familyName>Kapur</familyName> <givenNames>R</givenNames></author>, <author><familyName>Heitink&#x2010;Poll&#x00E9;</familyName> <givenNames>KM</givenNames></author>, <author><familyName>Porcelijn</familyName> <givenNames>L</givenNames></author>, <i>et al</i>.: <articleTitle>C&#x2010;reactive protein enhances IgG&#x2010;mediated phagocyte responses and thrombocytopenia</articleTitle>. <journalTitle>Blood</journalTitle> <pubYear year="2015">2015</pubYear>; <vol>125</vol>:<pageFirst>1793</pageFirst>&#x2013;<pageLast>1802</pageLast></citation>
</bib>
<bib xml:id="voxs12401-bib-0045">
<citation type="journal" xml:id="voxs12401-cit-0045"><author><familyName>Spencer</familyName> <givenNames>JA</givenNames></author>, <author><familyName>Burrows</familyName> <givenNames>RF</givenNames></author>: <articleTitle>Feto&#x2010;maternal alloimmune thrombocytopenia: a literature review and statistical analysis</articleTitle>. <journalTitle>Aust N Z J Obstet Gynaecol</journalTitle> <pubYear year="2001">2001</pubYear>; <vol>41</vol>:<pageFirst>45</pageFirst>&#x2013;<pageLast>55</pageLast></citation>
</bib>
</bibliography>
</body>
</component>
