<?xml version="1.0" encoding="US-ASCII" standalone="yes"?>
<component type="serialArticle" version="2.0" xml:id="voxs12384" xml:lang="en" xmlns="http://www.wiley.com/namespaces/wiley" xmlns:wiley="http://www.wiley.com/namespaces/wiley/wiley">
<header>
<publicationMeta level="product">
<doi origin="wiley" registered="yes">10.1111/(ISSN)1751-2824</doi>
<issn type="print">1751-2816</issn>
<issn type="electronic">1751-2824</issn>
<idGroup>
<id type="product" value="VOXS"/>
</idGroup>
<titleGroup>
<title sort="ISBT SCIENCE SERIES" type="main">ISBT Science Series</title>
<title type="short">VOXS</title>
</titleGroup>
</publicationMeta>
<publicationMeta level="part" position="10"><doi origin="wiley">10.1111/voxs.2018.13.issue-1</doi>
<titleGroup>
<title type="specialIssueTitle">27th Regional Congress of the International Society of Blood Transfusion, Copenhagen, Denmark, June 17&#x2010;21, part II</title>
</titleGroup>
<copyright ownership="thirdParty">Copyright ISBT Science Series &#x00A9; 2018 International Society of Blood Transfusion</copyright><numberingGroup><numbering type="journalVolume" number="13">13</numbering><numbering type="journalIssue">1</numbering></numberingGroup><coverDate startDate="2018-02">February 2018</coverDate>
</publicationMeta>
<publicationMeta level="unit" position="120" status="forIssue" type="reviewArticle">
<doi>10.1111/voxs.12384</doi>
<idGroup>
<id type="unit" value="VOXS12384"/>
</idGroup>
<countGroup>
<count number="4" type="pageTotal"/>
</countGroup>
<titleGroup>
<title type="articleCategory">Congress Review</title>
<title type="tocHeading1">27th Regional Congress of the International Society of Blood Transfusion, Copenhagen, Denmark, June 17&#x2010;21, part II</title>
<title type="tocHeading2">Congress Reviews</title>
</titleGroup>
<copyright ownership="thirdParty">&#x00A9; 2017 International Society of Blood Transfusion</copyright>
<eventGroup>
<event agent="SPS" date="2017-08-14" type="xmlCreated"/>
</eventGroup>
<numberingGroup><numbering type="pageFirst">76</numbering><numbering type="pageLast">79</numbering></numberingGroup>
<correspondenceTo>
<lineatedText>
<line><i>Correspondence</i>: Clive S. McKimmie, Virus Host Interaction Team, Section of Infection and Immunity, Leeds Institute of Cancer and Pathology, University of Leeds, Leeds, UK.</line>
<line>E&#x2010;mail: <email>c.s.mckimmie@leeds.ac.uk</email></line>
</lineatedText>
</correspondenceTo>
<linkGroup>
<link type="toTypesetVersion" href="file:voxs12384.pdf"/>
<link type="toAuthorManuscriptVersion" href="file:voxs12384_am.pdf"/>
</linkGroup>
</publicationMeta>
<contentMeta><countGroup><count type="figureTotal" number="0"/><count type="tableTotal" number="0"/><count type="wordTotal" number="2649"/></countGroup>
<titleGroup>
<title type="main">Host inflammatory response to mosquito bites enhances the severity of arbovirus infection</title>
<title type="shortAuthors">C.S. McKimmie <i>et al</i>.</title>
</titleGroup>
<creators>
<creator affiliationRef="#voxs12384-aff-0001" corresponding="yes" creatorRole="author" xml:id="voxs12384-cr-0001">
<idGroup>
<id type="orcid" value="http://orcid.org/0000-0002-7694-9509"/>
</idGroup>
<personName><givenNames>C.S.</givenNames> <familyName>McKimmie</familyName></personName>
<contactDetails><email>c.s.mckimmie@leeds.ac.uk</email></contactDetails>
</creator>
<creator affiliationRef="#voxs12384-aff-0001" creatorRole="author" xml:id="voxs12384-cr-0002">
<personName><givenNames>M.</givenNames> <familyName>Pingen</familyName></personName>
</creator>
<creator affiliationRef="#voxs12384-aff-0001" creatorRole="author" xml:id="voxs12384-cr-0003">
<personName><givenNames>S.R.</givenNames> <familyName>Bryden</familyName></personName>
</creator>
<creator affiliationRef="#voxs12384-aff-0001" creatorRole="author" xml:id="voxs12384-cr-0004">
<personName><givenNames>D.A.</givenNames> <familyName>Lefteri</familyName></personName>
</creator>
</creators>
<affiliationGroup>
<affiliation countryCode="GB" type="organization" xml:id="voxs12384-aff-0001"><orgDiv>Virus Host Interaction Team</orgDiv> <orgDiv>Section of Infection and Immunity</orgDiv> <orgDiv>Leeds Institute of Cancer and Pathology</orgDiv> <orgName>University of Leeds</orgName> <address><city>Leeds</city> <country>UK</country></address></affiliation>
</affiliationGroup>
<keywordGroup type="author">
<keyword xml:id="voxs12384-kwd-0001">cytokine</keyword>
<keyword xml:id="voxs12384-kwd-0002">neutrophil immunobiology</keyword>
<keyword xml:id="voxs12384-kwd-0003">transmissible infections</keyword>
<keyword xml:id="voxs12384-kwd-0004">viral safety of plasma derivatives</keyword>
</keywordGroup>
<abstractGroup>
<abstract type="main" xml:id="voxs12384-abs-0001">
<p>Mosquitoes can pass disease to humans when they bite, which includes infections caused by viruses, known as arboviruses. These viruses infect many millions of people each year and include viruses that cause diseases such as Zika, dengue and chikungunya. Most such infections are usually found in the tropics, but a changing climate and globalization means their range has spread at an alarming rate. Cumulatively these viruses are highly diverse at the genetic level and include up to 90 known human pathogens. It is hard to predict the nature, timing and location of these outbreaks. Furthermore, these viruses replicate to exceptionally high levels in the blood of infected patients. Thus, arbovirus infection constitutes an increasing concern for blood transfusion services. We suggest that it is important to identify common aspects of these infections to aid diagnosis, patient stratification and develop medicines that are applicable to multiple arbovirus infections. An important stage, common to all such infections, is the inoculation of virus at mosquito bites. We have recently shown that mosquito bite inflammation, which is common to all such infections, inadvertently enhances infection. In this study, we identified key aspects of mosquito bite inflammation that are important determinants of the subsequent systemic course and clinical outcome of infection. As such, host responses to mosquito saliva may prove to be a predictor of subsequent disease severity and consequently could also be useful in risk&#x2010;stratifying blood products.</p>
</abstract>
</abstractGroup>
</contentMeta>
<noteGroup xml:id="voxs12384-ntgp-0101">
<note numbered="no" xml:id="voxs12384-note-1001">4B&#x2013;S23&#x2013;01</note>
</noteGroup>
</header>
<body sectionsNumbered="no" xml:id="voxs12384-body-0001">
<section xml:id="voxs12384-sec-0001">
<title type="main">Introduction</title>
<p>The number of emerging and re&#x2010;emerging infectious disease agents has increased in recent years. A combination of several factors is responsible, including globalization, climate change, urbanization and our increasing exposure&#x002F;interaction with new ecological systems <link href="#voxs12384-bib-0001 #voxs12384-bib-0002 #voxs12384-bib-0003"/>. In particular, the burden of mosquito&#x2010;borne viral disease on human health is profound. There has been a rapid increase in both the incidence and geographical range of such diseases. As such this poses an increasing problem to the safe supply of blood for transfusion <link href="#voxs12384-bib-0004"/>. Medically important viruses spread by arthropods (arboviruses) infect hundreds of millions of people each year and include the Zika, chikungunya and dengue viruses <link href="#voxs12384-bib-0002 #voxs12384-bib-0005 #voxs12384-bib-0006"/>. The day&#x2010;biting <i>Aedes aegypti</i> is the primary vector. The economic burden of these diseases to low&#x2010; and middle&#x2010;income countries is substantial, with the global annual cost of dengue alone estimated at US&#x00024;8&#x00B7;9 billion <link href="#voxs12384-bib-0007"/>, while sporadic outbreaks of, for example, chikungunya are associated with particularly detrimental effect on disability&#x2010;adjusted life years <link href="#voxs12384-bib-0008"/>. The number of arboviruses worldwide may be as high as 600, of which at least 80 are known human pathogens <link href="#voxs12384-bib-0009 #voxs12384-bib-0010"/>. Arboviruses are mainly derived from three distinct family of viruses: Flaviviridae, which includes dengue (DENV), Zika (ZIKV), yellow fever (YFV) and West Nile (WNV) viruses; Togaviridae, which includes chikungunya (CHIKV), Semliki Forest (SFV) and Venezuelan equine encephalitis (VEEV) viruses; and Bunyaviridae, which includes La Crosse virus. These viruses are increasingly being imported to more temperature climates by infected travellers that transit from endemic regions <link href="#voxs12384-bib-0011"/>. As such, this poses an increasing problem for the safe supply of blood transfusion products, although the likelihood of imported arboviruses establishing autochthonous transmission in new geographic areas depends on the presence of suitable vectors are climatic conditions.</p>
<p>In summary, arboviruses are a large, diverse group of viruses <link href="#voxs12384-bib-0012 #voxs12384-bib-0013 #voxs12384-bib-0014"/> that cause a wide spectrum of diseases in humans <link href="#voxs12384-bib-0015 #voxs12384-bib-0016 #voxs12384-bib-0017"/>. This heterogeneity, combined with our inability to accurately predict the nature and timing of future epidemics, makes developing and stockpiling virus&#x2010;specific drugs and vaccines very challenging <link href="#voxs12384-bib-0001"/>. Studying common aspects of all these infections provides an opportunity to target mechanisms common to a large number of arboviruses. The unpredictability of these outbreaks also poses a challenge to those responsible for preventing transfusion&#x2010;transmitted infections.</p>
</section>
<section xml:id="voxs12384-sec-0002">
<title type="main">Identifying common aspects to arbovirus infection</title>
<p>All mosquito&#x2010;borne viruses share a common attribute, their site of inoculation at mosquito bite sites. Infected mosquitoes transmit virus to the mammalian host as they probe the skin and deposit saliva <link href="#voxs12384-bib-0018 #voxs12384-bib-0019"/>. Establishment of viral replication in the skin represents a key stage of infection, during which virus replicates rapidly and then disseminates to the blood. Although it is known that the early stages of infection are important for dictating the systemic spread of infection and clinical outcome <link href="#voxs12384-bib-0009 #voxs12384-bib-0020 #voxs12384-bib-0021"/>, little is known about what these early determinants are, or whether this knowledge can be used to prevent infection or aid patient care by clinicians <link href="#voxs12384-bib-0009"/>. In particular, despite substantial advances in our understanding of innate immunity <link href="#voxs12384-bib-0022 #voxs12384-bib-0023"/>, the tissue&#x2010;specific and system&#x2010;wide level coordination of such immune responses remain poorly understood. This particularly applies to cutaneous responses to mosquito&#x2010;borne virus infections. Importantly, the presence of a mosquito bite at the inoculation site enhances infection by arboviruses <link href="#voxs12384-bib-0021 #voxs12384-bib-0024 #voxs12384-bib-0025 #voxs12384-bib-0026 #voxs12384-bib-0027"/>. We have shown that inflammatory responses to mosquito bites inadvertently enhance infection by virus <link href="#voxs12384-bib-0021"/>. As such, our seminal finding identifies an important and novel aspect of the host immune response to mosquito bites that paradoxically promotes arbovirus infection <link href="#voxs12384-bib-0009"/>.</p>
</section>
<section xml:id="voxs12384-sec-0003">
<title type="main">Model systems for studying arbovirus infection</title>
<p>To investigate the impact of mosquito bites, we allowed <i>Ae</i>. aegypti to bite a small piece of mouse skin. Bitten or resting skin was then injected with sub&#x2010;<i>&#x03BC;</i>l volumes of mosquito&#x2010;cell derived arbovirus (we use a model arbovirus called Semliki Forest Virus, SFV). This way, we mimic natural infection in a highly reproducible model. SFV is an ideal virus to use for studies with mice, as it is easy to genetically manipulate and disseminates effectively within immune&#x2010;competent mice. Following infection in the skin, SFV spreads to the brain resulting in an encephalitis that is often fatal <link href="#voxs12384-bib-0028"/>. In comparison, studying host responses to human&#x2010;specific pathogens, such as the Zika virus, is difficult. This is because Zika virus only replicates in mice that are immune&#x2010;deficient (lacking type I interferon signalling) and therefore precludes study of host innate immune responses to infection <link href="#voxs12384-bib-0029"/>.</p>
</section>
<section xml:id="voxs12384-sec-0004">
<title type="main">Inflammatory responses to bites aids virus infection</title>
<p>Using SFV in mice, we found that the rapid, skin inflammatory response to the mosquito bites is highly beneficial for the virus. An oedematous bump that is well&#x2010;described to occur after a mosquito bite retains much of the original virus inoculum in the skin. The host inflammatory responses to the bite then inadvertently augment virus infection, principally by recruiting leucocytes that are susceptible to infection. Mosquito saliva alone, when given experimentally by needle in the absence bite trauma, can also enhance infection with arboviruses <link href="#voxs12384-bib-0021"/>.</p>
<p>Mosquito saliva is a complex mixture of biologically active factors, which have evolved to facilitate successful blood feeding and bacterial microbiota. To ascertain how bites and mosquito saliva enhance virus infection, we first defined the molecular and cellular responses of skin to mosquito bites and separately to virus infection. Transcriptional responses of the skin to bites and virus are quite distinct, with the former associated with rapid induction of neutrophil attracting chemokines, such as CXCL2 and IL&#x2010;1<i>&#x03B2;</i> expression. The expression of these chemokines is associated with a rapid influx of neutrophils into the bite site, where these cells help to coordinate the skin inflammatory response to the bite. This includes the expression of additional monocyte&#x2010;attracting chemokines, such as CCL2, that precipitates a later influx of virus&#x2010;permissive monocytic cells. Although the host response to bites has presumably evolved to initiate tissue repair and defend against opportunistic bacterial infection, arboviruses &#x2018;make the most&#x2019; of this response by infecting and replicating within infiltrating and resident monocytic cells. Because SFV, like all arboviruses, is most commonly cytolytic, infected myeloid cells are unlikely to disseminate the virus within the body. Instead, infected myeloid cells most likely become lyzed to release high titres of new virus that can then spread systemically by passive diffusion in the lymphatics to the blood <link href="#voxs12384-bib-0009 #voxs12384-bib-0021"/>.</p>
<p>To provide further evidential support that inflammatory responses to bites inadvertently enhances infection with arboviruses, we experimentally manipulated key aspects of host responses to bites and determined what effect this has on virus infection. By suppressing the local skin responses to bites, virus was less able to replicate and disseminate within the mouse. For example, experimental depletion of neutrophils with an antibody or the temporary blockade of pro&#x2010;inflammatory bite&#x2010;associated IL&#x2010;1<i>&#x03B2;</i> signalling suppressed host responses to bites, and importantly, this was associated with a better clinical outcome to infection. We also found that by preventing the migration of virus&#x2010;permissive monocytes into the bite site, in this case using a chemokine receptor (CCR2)&#x2010;deficient mouse, also blocked bite enhancement. Together this shows that host inflammatory responses to bites inadvertently enhances arbovirus infection. Indeed, other inflammatory agents unrelated to mosquito saliva that recruit similar cell types, such as a bacterial lipoprotein and the vaccine adjuvant alum, all had the ability to enhance infection with virus when administered at the site of infection <link href="#voxs12384-bib-0021"/>. In addition, others have importantly shown how mosquito saliva can induce an inflammatory oedema that similarly enhances infection with dengue virus <link href="#voxs12384-bib-0030"/>. Together these studies demonstrate that the early cutaneous responses to infection have an important role in dictating the systemic course and clinical outcome to infection <link href="#voxs12384-bib-0009"/>.</p>
</section>
<section xml:id="voxs12384-sec-0005">
<title type="main">New therapeutic and patient management strategies</title>
<p>Our current research focuses on improving our understanding of early events in the bitten skin during infection with arboviruses. A better understanding of this process could enable the design of new pan&#x2010;viral medicines, or be used to aide in stratifying patient prognoses, based on their responses to mosquito bite allergens. We all react differently to mosquito bites, with some of us exhibiting quite pronounced hyper&#x2010;sensitivity reactions. We predict that it may be possible to correlate patient responses to mosquito allergens with clinical outcome to infection, although further on&#x2010;going studies are required to provide support for this theory. Conceivably, the degree of exposure to mosquito biting could also be used to as a basis to aid the screening of safe blood products for transfusion, especially when the supply of blood from conventional sources is low. In this scenario, blood that is positive for mosquito&#x2010;specific antibodies, for which assays already exist, could be deemed as more at risk of containing arboviruses.</p>
<p>We are also investigating ways to modulate early skin immune responses to infection to improve clinical outcome. One approach is to reduce the bite enhancement effect by inhibiting host inflammatory responses to bites. A second approach is to promote the host innate immune responses to virus in the skin, in the hope that this will prevent virus replication before it can spread systemically. Our unpublished studies suggest these approaches are highly effective in suppressing viral replication in the skin, resulting in reduced systemic spread and increased survival to infection with virus. As the most common arboviruses, such as those that cause dengue and chikungunya, are transmitted by the day&#x2010;biting <i>Aedes</i> mosquitoes, it is likely one could notice most bites within a few hours, providing a time window that is long enough to modulate the early immune response, for instance by applying a cream. This approach could be applicable to many arboviruses, as it targets an aspect common to them all; pathways activated at mosquito bites. This combined with other public health strategies to prevent exposure to biting mosquitoes, and the control of vector numbers could theoretically reduce the level of disease caused by arboviruses and as such warrants further research.</p>
</section>
<bibliography cited="yes" style="numbered" xml:id="voxs12384-bibl-0001">
<title type="main">References</title>
<bib xml:id="voxs12384-bib-0001">
<citation type="journal" xml:id="voxs12384-cit-0001"><author><familyName>Gould</familyName> <givenNames>E</givenNames></author>, <author><familyName>Higgs</familyName> <givenNames>S</givenNames></author>: <articleTitle>Impact of climate change and other factors on emerging arbovirus diseases</articleTitle>. <journalTitle>Trans R Soc Trop Med Hyg</journalTitle> <pubYear year="2009">2009</pubYear>; <vol>103</vol>:<pageFirst>109</pageFirst>&#x2013;<pageLast>121</pageLast></citation>
</bib>
<bib xml:id="voxs12384-bib-0002">
<citation type="journal" xml:id="voxs12384-cit-0002"><author><familyName>Weaver</familyName> <givenNames>SC</givenNames></author>, <author><familyName>Lecuit</familyName> <givenNames>M</givenNames></author>: <articleTitle>Chikungunya virus and the global spread of a mosquito&#x2010;borne disease</articleTitle>. <journalTitle>N Engl J Med</journalTitle> <pubYear year="2015">2015</pubYear>; <vol>372</vol>:<pageFirst>1231</pageFirst>&#x2013;<pageLast>1239</pageLast></citation>
</bib>
<bib xml:id="voxs12384-bib-0003">
<citation type="journal" xml:id="voxs12384-cit-0003"><author><familyName>Weaver</familyName> <givenNames>SC</givenNames></author>, <author><familyName>Reisen</familyName> <givenNames>WK</givenNames></author>: <articleTitle>Present and future arboviral threats</articleTitle>. <journalTitle>Antiviral Res</journalTitle> <pubYear year="2010">2010</pubYear>; <vol>85</vol>:<pageFirst>328</pageFirst>&#x2013;<pageLast>345</pageLast></citation>
</bib>
<bib xml:id="voxs12384-bib-0004">
<citation type="journal" xml:id="voxs12384-cit-0004"><author><familyName>Stramer</familyName> <givenNames>SL</givenNames></author>, <author><familyName>Hollinger</familyName> <givenNames>FB</givenNames></author>, <author><familyName>Katz</familyName> <givenNames>LM</givenNames></author>, <i>et al</i>.: <articleTitle>Emerging infectious disease agents and their potential threat to transfusion safety</articleTitle>. <journalTitle>Transfusion</journalTitle> <pubYear year="2009">2009</pubYear>; <vol>49</vol>:<pageFirst>1S</pageFirst>&#x2013;<pageLast>29S</pageLast></citation>
</bib>
<bib xml:id="voxs12384-bib-0005">
<citation type="journal" xml:id="voxs12384-cit-0005"><author><familyName>Bhatt</familyName> <givenNames>S</givenNames></author>, <author><familyName>Gething</familyName> <givenNames>PW</givenNames></author>, <author><familyName>Brady</familyName> <givenNames>OJ</givenNames></author>, <i>et al</i>.: <articleTitle>The global distribution and burden of dengue</articleTitle>. <journalTitle>Nature</journalTitle> <pubYear year="2013">2013</pubYear>; <vol>496</vol>:<pageFirst>504</pageFirst>&#x2013;<pageLast>507</pageLast></citation>
</bib>
<bib xml:id="voxs12384-bib-0006">
<citation type="journal" xml:id="voxs12384-cit-0006"><author><familyName>Gatherer</familyName> <givenNames>D</givenNames></author>, <author><familyName>Kohl</familyName> <givenNames>A</givenNames></author>: <articleTitle>Zika virus: a previously slow pandemic spreads rapidly through the Americas</articleTitle>. <journalTitle>J Gen Virol</journalTitle> <pubYear year="2016">2016</pubYear>; <vol>97</vol>:<pageFirst>269</pageFirst>&#x2013;<pageLast>273</pageLast></citation>
</bib>
<bib xml:id="voxs12384-bib-0007">
<citation type="journal" xml:id="voxs12384-cit-0007"><author><familyName>Shepard</familyName> <givenNames>DS</givenNames></author>, <author><familyName>Undurraga</familyName> <givenNames>EA</givenNames></author>, <author><familyName>Halasa</familyName> <givenNames>YA</givenNames></author>, <i>et al</i>.: <articleTitle>The global economic burden of dengue: a systematic analysis</articleTitle>. <journalTitle>Lancet Infect Dis</journalTitle> <pubYear year="2016">2016</pubYear>; <vol>16</vol>:<pageFirst>935</pageFirst>&#x2013;<pageLast>941</pageLast></citation>
</bib>
<bib xml:id="voxs12384-bib-0008">
<citation type="journal" xml:id="voxs12384-cit-0008"><author><familyName>Krishnamoorthy</familyName> <givenNames>K</givenNames></author>, <author><familyName>Harichandrakumar</familyName> <givenNames>KT</givenNames></author>, <author><familyName>Krishna Kumari</familyName> <givenNames>A</givenNames></author>, <i>et al</i>.: <articleTitle>Burden of chikungunya in India: estimates of disability adjusted life years (DALY) lost in 2006 epidemic</articleTitle>. <journalTitle>J Vector Borne Dis</journalTitle> <pubYear year="2009">2009</pubYear>; <vol>46</vol>:<pageFirst>26</pageFirst>&#x2013;<pageLast>35</pageLast></citation>
</bib>
<bib xml:id="voxs12384-bib-0009">
<citation type="journal" xml:id="voxs12384-cit-0009"><author><familyName>Pingen</familyName> <givenNames>M</givenNames></author>, <author><familyName>Schmid</familyName> <givenNames>MA</givenNames></author>, <author><familyName>Harris</familyName> <givenNames>E</givenNames></author>, <i>et al</i>.: <articleTitle>Mosquito biting modulates skin response to virus infection</articleTitle>. <journalTitle>Trends Parasitol</journalTitle> <pubYear year="2017">2017</pubYear>; <vol>33</vol>:<pageFirst>645</pageFirst>&#x2013;<pageLast>657</pageLast></citation>
</bib>
<bib xml:id="voxs12384-bib-0010">
<citation type="journal" xml:id="voxs12384-cit-0010"><author><familyName>Conway</familyName> <givenNames>MJ</givenNames></author>, <author><familyName>Colpitts</familyName> <givenNames>TM</givenNames></author>, <author><familyName>Fikrig</familyName> <givenNames>E</givenNames></author>: <articleTitle>Role of the vector in arbovirus transmission</articleTitle>. <journalTitle>Annu Rev Virol</journalTitle> <pubYear year="2014">2014</pubYear>; <vol>1</vol>:<pageFirst>71</pageFirst>&#x2013;<pageLast>88</pageLast></citation>
</bib>
<bib xml:id="voxs12384-bib-0011">
<citation type="journal" xml:id="voxs12384-cit-0011"><author><familyName>Schlagenhauf</familyName> <givenNames>P</givenNames></author>, <author><familyName>Weld</familyName> <givenNames>L</givenNames></author>, <author><familyName>Goorhuis</familyName> <givenNames>A</givenNames></author>, <i>et al</i>.: <articleTitle>Travel&#x2010;associated infection presenting in Europe (2008&#x2010;12): an analysis of EuroTravNet longitudinal, surveillance data, and evaluation of the effect of the pre&#x2010;travel consultation</articleTitle>. <journalTitle>Lancet Infect Dis</journalTitle> <pubYear year="2015">2015</pubYear>; <vol>15</vol>:<pageFirst>55</pageFirst>&#x2013;<pageLast>64</pageLast></citation>
</bib>
<bib xml:id="voxs12384-bib-0012">
<citation type="journal" xml:id="voxs12384-cit-0012"><author><familyName>Elliott</familyName> <givenNames>RM</givenNames></author>: <articleTitle>Orthobunyaviruses: recent genetic and structural insights</articleTitle>. <journalTitle>Nat Rev Microbiol</journalTitle> <pubYear year="2014">2014</pubYear>; <vol>12</vol>:<pageFirst>673</pageFirst>&#x2013;<pageLast>685</pageLast></citation>
</bib>
<bib xml:id="voxs12384-bib-0013">
<citation type="journal" xml:id="voxs12384-cit-0013"><author><familyName>Gould</familyName> <givenNames>EA</givenNames></author>, <author><familyName>Solomon</familyName> <givenNames>T</givenNames></author>: <articleTitle>Pathogenic flaviviruses</articleTitle>. <journalTitle>Lancet</journalTitle> <pubYear year="2008">2008</pubYear>; <vol>371</vol>:<pageFirst>500</pageFirst>&#x2013;<pageLast>509</pageLast></citation>
</bib>
<bib xml:id="voxs12384-bib-0014">
<citation type="journal" xml:id="voxs12384-cit-0014"><author><familyName>Powers</familyName> <givenNames>AM</givenNames></author>, <author><familyName>Brault</familyName> <givenNames>AC</givenNames></author>, <author><familyName>Shirako</familyName> <givenNames>Y</givenNames></author>, <i>et al</i>.: <articleTitle>Evolutionary relationships and systematics of the alphaviruses</articleTitle>. <journalTitle>J Virol</journalTitle> <pubYear year="2001">2001</pubYear>; <vol>75</vol>:<pageFirst>10118</pageFirst>&#x2013;<pageLast>10131</pageLast></citation>
</bib>
<bib xml:id="voxs12384-bib-0015">
<citation type="journal" xml:id="voxs12384-cit-0015"><author><familyName>Mlakar</familyName> <givenNames>J</givenNames></author>, <author><familyName>Korva</familyName> <givenNames>M</givenNames></author>, <author><familyName>Tul</familyName> <givenNames>N</givenNames></author>, <i>et al</i>.: <articleTitle>Zika Virus Associated with Microcephaly</articleTitle>. <journalTitle>N Engl J Med</journalTitle> <pubYear year="2016">2016</pubYear>; <vol>374</vol>:<pageFirst>951</pageFirst>&#x2013;<pageLast>958</pageLast></citation>
</bib>
<bib xml:id="voxs12384-bib-0016">
<citation type="journal" xml:id="voxs12384-cit-0016"><author><familyNamePrefix>de</familyNamePrefix> <familyName>Paula Freitas</familyName> <givenNames>B</givenNames></author>, <author><familyNamePrefix>de</familyNamePrefix> <familyName>Oliveira Dias</familyName> <givenNames>JR</givenNames></author>, <author><familyName>Prazeres</familyName> <givenNames>J</givenNames></author>, <i>et al</i>.: <articleTitle>Ocular Findings in Infants With Microcephaly Associated With Presumed Zika Virus Congenital Infection in Salvador, Brazil</articleTitle>. <journalTitle>JAMA Ophthalmol</journalTitle> <pubYear year="2016">2016</pubYear>; <vol>134</vol>:<pageFirst>529</pageFirst></citation>
</bib>
<bib xml:id="voxs12384-bib-0017">
<citation type="journal" xml:id="voxs12384-cit-0017"><author><familyName>Ventura</familyName> <givenNames>CV</givenNames></author>, <author><familyName>Maia</familyName> <givenNames>M</givenNames></author>, <author><familyName>Bravo&#x2010;Filho</familyName> <givenNames>V</givenNames></author>, <i>et al</i>.: <articleTitle>Zika virus in Brazil and macular atrophy in a child with microcephaly</articleTitle>. <journalTitle>Lancet</journalTitle> <pubYear year="2016">2016</pubYear>; <vol>387</vol>:<pageFirst>228</pageFirst></citation>
</bib>
<bib xml:id="voxs12384-bib-0018">
<citation type="journal" xml:id="voxs12384-cit-0018"><author><familyName>Styer</familyName> <givenNames>LM</givenNames></author>, <author><familyName>Kent</familyName> <givenNames>KA</givenNames></author>, <author><familyName>Albright</familyName> <givenNames>RG</givenNames></author>, <i>et al</i>.: <articleTitle>Mosquitoes inoculate high doses of West Nile virus as they probe and feed on live hosts</articleTitle>. <journalTitle>PLoS Pathog</journalTitle> <pubYear year="2007">2007</pubYear>; <vol>3</vol>:<pageFirst>1262</pageFirst>&#x2013;<pageLast>1270</pageLast></citation>
</bib>
<bib xml:id="voxs12384-bib-0019">
<citation type="journal" xml:id="voxs12384-cit-0019"><author><familyName>Schneider</familyName> <givenNames>BS</givenNames></author>, <author><familyName>Higgs</familyName> <givenNames>S</givenNames></author>: <articleTitle>The enhancement of arbovirus transmission and disease by mosquito saliva is associated with modulation of the host immune response</articleTitle>. <journalTitle>Trans R Soc Trop Med Hyg</journalTitle> <pubYear year="2008">2008</pubYear>; <vol>102</vol>:<pageFirst>400</pageFirst>&#x2013;<pageLast>408</pageLast></citation>
</bib>
<bib xml:id="voxs12384-bib-0020">
<citation type="journal" xml:id="voxs12384-cit-0020"><author><familyName>Ryman</familyName> <givenNames>KD</givenNames></author>, <author><familyName>Klimstra</familyName> <givenNames>WB</givenNames></author>: <articleTitle>Host responses to alphavirus infection</articleTitle>. <journalTitle>Immunol Rev</journalTitle> <pubYear year="2008">2008</pubYear>; <vol>225</vol>:<pageFirst>27</pageFirst>&#x2013;<pageLast>45</pageLast></citation>
</bib>
<bib xml:id="voxs12384-bib-0021">
<citation type="journal" xml:id="voxs12384-cit-0021"><author><familyName>Pingen</familyName> <givenNames>M</givenNames></author>, <author><familyName>Bryden</familyName> <givenNames>SR</givenNames></author>, <author><familyName>Pondeville</familyName> <givenNames>E</givenNames></author>, <i>et al</i>.: <articleTitle>Host Inflammatory Response to Mosquito Bites Enhances the Severity of Arbovirus Infection</articleTitle>. <journalTitle>Immunity</journalTitle> <pubYear year="2016">2016</pubYear>; <vol>44</vol>:<pageFirst>1455</pageFirst>&#x2013;<pageLast>1469</pageLast></citation>
</bib>
<bib xml:id="voxs12384-bib-0022">
<citation type="journal" xml:id="voxs12384-cit-0022"><author><familyName>Goubau</familyName> <givenNames>D</givenNames></author>, <author><familyName>Deddouche</familyName> <givenNames>S</givenNames></author>, <author><familyName>Reis e Sousa</familyName> <givenNames>C</givenNames></author>: <articleTitle>Cytosolic sensing of viruses</articleTitle>. <journalTitle>Immunity</journalTitle> <pubYear year="2013">2013</pubYear>; <vol>38</vol>:<pageFirst>855</pageFirst>&#x2013;<pageLast>869</pageLast></citation>
</bib>
<bib xml:id="voxs12384-bib-0023">
<citation type="journal" xml:id="voxs12384-cit-0023"><author><familyName>O&#x0027;Neill</familyName> <givenNames>LAJ</givenNames></author>, <author><familyName>Golenbock</familyName> <givenNames>D</givenNames></author>, <author><familyName>Bowie</familyName> <givenNames>AG</givenNames></author>: <articleTitle>The history of Toll&#x2010;like receptors&#x2010;redefining innate immunity</articleTitle>. <journalTitle>Nat Rev Immunol</journalTitle> <pubYear year="2013">2013</pubYear>; <vol>13</vol>:<pageFirst>453</pageFirst>&#x2013;<pageLast>460</pageLast></citation>
</bib>
<bib xml:id="voxs12384-bib-0024">
<citation type="journal" xml:id="voxs12384-cit-0024"><author><familyName>Cox</familyName> <givenNames>J</givenNames></author>, <author><familyName>Mota</familyName> <givenNames>J</givenNames></author>, <author><familyName>Sukupolvi&#x2010;Petty</familyName> <givenNames>S</givenNames></author>, <i>et al</i>.: <articleTitle>Mosquito bite delivery of dengue virus enhances immunogenicity and pathogenesis in humanized mice</articleTitle>. <journalTitle>J Virol</journalTitle>; <pubYear year="2012">2012</pubYear>; <vol>86</vol>:<pageFirst>7637</pageFirst>&#x2013;<pageLast>7649</pageLast></citation>
</bib>
<bib xml:id="voxs12384-bib-0025">
<citation type="journal" xml:id="voxs12384-cit-0025"><author><familyName>Edwards</familyName> <givenNames>JF</givenNames></author>, <author><familyName>HIGGS</familyName> <givenNames>S</givenNames></author>, <author><familyName>Beaty</familyName> <givenNames>BJ</givenNames></author>: <articleTitle>Mosquito feeding&#x2010;induced enhancement of Cache Valley Virus (Bunyaviridae) infection in mice</articleTitle>. <journalTitle>J Med Entomol</journalTitle> <pubYear year="1998">1998</pubYear>; <vol>35</vol>:<pageFirst>261</pageFirst>&#x2013;<pageLast>265</pageLast></citation>
</bib>
<bib xml:id="voxs12384-bib-0026">
<citation type="journal" xml:id="voxs12384-cit-0026"><author><familyName>Limesand</familyName> <givenNames>KH</givenNames></author>, <author><familyName>HIGGS</familyName> <givenNames>S</givenNames></author>, <author><familyName>Pearson</familyName> <givenNames>LD</givenNames></author>, <i>et al</i>.: <articleTitle>Potentiation of vesicular stomatitis New Jersey virus infection in mice by mosquito saliva</articleTitle>. <journalTitle>Parasite Immunol</journalTitle> <pubYear year="2000">2000</pubYear>; <vol>22</vol>:<pageFirst>461</pageFirst>&#x2013;<pageLast>467</pageLast></citation>
</bib>
<bib xml:id="voxs12384-bib-0027">
<citation type="journal" xml:id="voxs12384-cit-0027"><author><familyName>Schneider</familyName> <givenNames>BS</givenNames></author>, <author><familyName>Soong</familyName> <givenNames>L</givenNames></author>, <author><familyName>Girard</familyName> <givenNames>YA</givenNames></author>, <i>et al</i>.: <articleTitle>Potentiation of West Nile encephalitis by mosquito feeding</articleTitle>. <journalTitle>Viral Immunol</journalTitle> <pubYear year="2006">2006</pubYear>; <vol>19</vol>:<pageFirst>74</pageFirst>&#x2013;<pageLast>82</pageLast></citation>
</bib>
<bib xml:id="voxs12384-bib-0028">
<citation type="journal" xml:id="voxs12384-cit-0028"><author><familyName>Ferguson</familyName> <givenNames>MC</givenNames></author>, <author><familyName>Saul</familyName> <givenNames>S</givenNames></author>, <author><familyName>Fragkoudis</familyName> <givenNames>R</givenNames></author>, <i>et al</i>.: <articleTitle>Ability of the Encephalitic Arbovirus Semliki Forest Virus To Cross the Blood&#x2010;Brain Barrier Is Determined by the Charge of the E2 Glycoprotein</articleTitle>. Perlman S, editor. <journalTitle>J Virol</journalTitle> <pubYear year="2015">2015</pubYear>;<vol>89</vol>:<pageFirst>7536</pageFirst>&#x2013;<pageLast>7549</pageLast></citation>
</bib>
<bib xml:id="voxs12384-bib-0029">
<citation type="journal" xml:id="voxs12384-cit-0029"><author><familyName>Grant</familyName> <givenNames>A</givenNames></author>, <author><familyName>Ponia</familyName> <givenNames>SS</givenNames></author>, <author><familyName>Tripathi</familyName> <givenNames>S</givenNames></author>, <i>et al</i>.: <articleTitle>Zika Virus Targets Human STAT2 to Inhibit Type I Interferon Signaling</articleTitle>. <journalTitle>Cell Host Microbe</journalTitle> <pubYear year="2016">2016</pubYear>; <vol>19</vol>:<pageFirst>882</pageFirst>&#x2013;<pageLast>890</pageLast></citation>
</bib>
<bib xml:id="voxs12384-bib-0030">
<citation type="journal" xml:id="voxs12384-cit-0030"><author><familyName>Schmid</familyName> <givenNames>MA</givenNames></author>, <author><familyName>Glasner</familyName> <givenNames>DR</givenNames></author>, <author><familyName>Shah</familyName> <givenNames>S</givenNames></author>, <i>et al</i>.: <articleTitle>Mosquito Saliva Increases Endothelial Permeability in the Skin, Immune Cell Migration, and Dengue Pathogenesis during Antibody&#x2010;Dependent Enhancement</articleTitle>. <journalTitle>PLoS Pathog</journalTitle> <pubYear year="2016">2016</pubYear>; <vol>12</vol>:<pageFirst>e1005676</pageFirst></citation>
</bib>
</bibliography>
</body>
</component>
