<?xml version="1.0" encoding="US-ASCII" standalone="yes"?>
<component type="serialArticle" version="2.0" xml:id="voxs12349" xml:lang="en" xmlns="http://www.wiley.com/namespaces/wiley" xmlns:wiley="http://www.wiley.com/namespaces/wiley/wiley">
<header>
<publicationMeta level="product">
<doi origin="wiley" registered="yes">10.1111/(ISSN)1751-2824</doi>
<issn type="print">1751-2816</issn>
<issn type="electronic">1751-2824</issn>
<idGroup>
<id type="product" value="VOXS"/>
</idGroup>
<titleGroup>
<title sort="ISBT SCIENCE SERIES" type="main">ISBT Science Series</title>
<title type="short">VOXS</title>
</titleGroup>
</publicationMeta>
<publicationMeta level="part" position="10"><doi origin="wiley">10.1111/voxs.2018.13.issue-1</doi>
<titleGroup>
<title type="specialIssueTitle">27th Regional Congress of the International Society of Blood Transfusion, Copenhagen, Denmark, June 17&#x2010;21, part II</title>
</titleGroup>
<copyright ownership="thirdParty">Copyright ISBT Science Series &#x00A9; 2018 International Society of Blood Transfusion</copyright><numberingGroup><numbering type="journalVolume" number="13">13</numbering><numbering type="journalIssue">1</numbering></numberingGroup><coverDate startDate="2018-02">February 2018</coverDate>
</publicationMeta>
<publicationMeta level="unit" position="60" status="forIssue" type="reviewArticle">
<doi>10.1111/voxs.12349</doi>
<idGroup>
<id type="unit" value="VOXS12349"/>
</idGroup>
<countGroup>
<count number="6" type="pageTotal"/>
</countGroup>
<titleGroup>
<title type="articleCategory">Congress Review</title>
<title type="tocHeading1">27th Regional Congress of the International Society of Blood Transfusion, Copenhagen, Denmark, June 17&#x2010;21, part II</title>
<title type="tocHeading2">Congress Reviews</title>
</titleGroup>
<copyright ownership="thirdParty">&#x00A9; 2017 International Society of Blood Transfusion</copyright>
<eventGroup>
<event agent="SPS" date="2017-03-07" type="xmlCreated"/>
</eventGroup>
<numberingGroup><numbering type="pageFirst">29</numbering><numbering type="pageLast">34</numbering></numberingGroup>
<correspondenceTo>
<lineatedText>
<line><i>Correspondence</i>: Mark H. Yazer, MD, The Institute for Transfusion Medicine, 3636 Blvd of the Allies, Pittsburgh, PA 15143, USA.</line>
<line>E&#x2010;mail: <email>myazer@itxm.org</email></line>
</lineatedText>
</correspondenceTo>
<linkGroup>
<link type="toTypesetVersion" href="file:voxs12349.pdf"/>
<link type="toAuthorManuscriptVersion" href="file:voxs12349_am.pdf"/>
</linkGroup>
</publicationMeta>
<contentMeta><countGroup><count type="figureTotal" number="0"/><count type="tableTotal" number="1"/><count type="wordTotal" number="4639"/></countGroup>
<titleGroup>
<title type="main">Auditing as a means of detecting waste</title>
<title type="shortAuthors">M. H. Yazer</title>
</titleGroup>
<creators>
<creator affiliationRef="#voxs12349-aff-0001 #voxs12349-aff-0002" corresponding="yes" creatorRole="author" xml:id="voxs12349-cr-0001">
<personName><givenNames>M. H.</givenNames> <familyName>Yazer</familyName></personName>
<contactDetails><email>myazer@itxm.org</email></contactDetails>
</creator>
</creators>
<affiliationGroup>
<affiliation countryCode="US" type="organization" xml:id="voxs12349-aff-0001"><orgName>The Institute for Transfusion Medicine</orgName> <address><city>Pittsburgh</city> <countryPart>PA</countryPart> <country>USA</country></address></affiliation>
<affiliation countryCode="US" type="organization" xml:id="voxs12349-aff-0002"><orgName>University of Pittsburgh</orgName> <address><city>Pittsburgh</city> <countryPart>PA</countryPart> <country>USA</country></address></affiliation>
</affiliationGroup>
<keywordGroup type="author">
<keyword xml:id="voxs12349-kwd-0001">audits</keyword>
<keyword xml:id="voxs12349-kwd-0002">blood management</keyword>
<keyword xml:id="voxs12349-kwd-0003">blood products</keyword>
<keyword xml:id="voxs12349-kwd-0004">transfusion</keyword>
<keyword xml:id="voxs12349-kwd-0005">waste</keyword>
</keywordGroup>
<abstractGroup>
<abstract type="main" xml:id="voxs12349-abs-0001">
<title type="main">Abstract</title>
<p>There can be numerous sources of waste in the transfusion service. The most obvious source is wastage of the blood products themselves, either by expiration on the shelf of the blood bank, or else after they have been issued to a patient location in the hospital but not used and not returned to the blood bank in time to be returned into the general inventory. Reducing expiration due to the former mechanism is the sole responsibility of the transfusion service &#x2013; to make sure that its inventory is commensurate with the volume of transfusions performed at the hospital(s) that it serves. Audits of clinical practice, and the practices in the transfusion service itself, are essential to identify whether these sources of waste are occurring. For example, evaluating the crossmatch:transfusion (C:T) ratio for the various clinical services can identify those that order far more crossmatches compared to the number of red blood cell (<fc>RBC</fc>) units that they transfuse. Addressing and correcting this issue with the services with high C:T ratios can reduce the workload on the transfusion service by when fewer crossmatches are ordered, and the <fc>RBC</fc> inventory can be more easily managed if fewer <fc>RBC</fc>s are reserved for specific patients. Auditing the transfusion service can reveal wasteful practices, too. For example, the crossmatch:issue (C:I) ratio can indicate whether the transfusion service is optimizing their process (i.e. method and timing) of performing <fc>RBC</fc> crossmatches.</p>
</abstract>
</abstractGroup>
</contentMeta>
<noteGroup xml:id="voxs12349-ntgp-0001">
<note numbered="no" xml:id="voxs00000-note-1001">2D&#x2013;S07&#x2013;03</note>
<note numbered="no" xml:id="voxs12349-note-1101">Portions of this review have been previously published on the ISBT Clinical Transfusion Working Party&#x0027;s web page.</note>
</noteGroup>
</header>
<body sectionsNumbered="no" xml:id="voxs12349-body-0001">
<section xml:id="voxs12349-sec-0001">
<title type="main">Introduction</title>
<p>Audits are an important component of implementing a waste reduction strategy. In general, an audit involves checking a process, policy or even an outcome itself to ensure that it conforms to an expectation of performance. The audit will reveal whether the process is doing what is desired of it, and whether it is being performed in an efficient manner. Audits of transfusion practice can occur both in the blood bank itself and on the hospital wards and operation rooms; audits of the latter are generally performed to ensure that clinicians are following the institutional directives or guidelines for transfusion practice. Simply by starting to look at a process, potential areas for improvement can be found.</p>
<p>Traditionally, determining wastage in transfusion medicine involved simply enumerating the number of products that expired on the shelves of the blood bank, or that are wasted after being issued to a patient. In a recent international survey conducted by the ISBT working party on blood supply management, the wastage rates for RBCs varied significantly by the respondent&#x0027;s region: wastage rates of 2&#x00B7;8&#x0025;, 2&#x00B7;7&#x0025; and 1&#x00B7;9&#x0025; were reported by European, rest of the world and North American respondents (<i>P</i> &#x003C; 0&#x00B7;0001) <link href="#voxs12349-bib-0001"/>. Wastage rates also varied significantly between these three regions for platelets (PLT) and plasma (<i>P</i> &#x003C; 0&#x00B7;0001 for both products). Many different mechanisms of blood product waste were also reported in this survey. However, wastage can occur in forms other than simply those that involve the blood products themselves. These additional mechanisms of waste include performing excessive and unnecessary testing and wasting technologist&#x0027;s time by implementing inefficient operating protocols. This text describes important audit topics that can be conducted both inside and outside the transfusion service with a view to identifying and reducing wastage.</p>
</section>
<section xml:id="voxs12349-sec-0002">
<title type="main">Audits within the transfusion service to identify wasteful practices</title>
<p>As simple as it sounds, it is very important for a transfusion service to know exactly how many blood products it issues, as well as the disposition of every unit. In many countries, it is a legal mandate for the transfusion service to be able to account for every unit that it issues. Keeping close track of the inventory is essential for the transfusion service to be aware of changes in clinical transfusion practice that could affect the demand on its inventory and possibly its product expiration rates, unusually high wastage rates on wards, or know exactly which recipients were transfused with blood products in case a recall of the products occurs.</p>
<section xml:id="voxs12349-sec-0003">
<title type="main">Measuring the crossmatch:issue ratio can help with inventory management and reduce time wasting in the blood bank</title>
<p>Once a transfusion service can account for all of the products that it receives and issues, it can perform several different kinds of internal audits. A novel mechanism for establishing the efficiency of the transfusion service&#x0027;s crossmatch policy is to calculate the crossmatch:issue (C:I) ratio over a period of time <link href="#voxs12349-bib-0002"/>. To do this, a transfusion service simply divides the number of RBCs that it crossmatched over, for example, a 1&#x2010;month period of time by the number of RBCs that were issued over the same time period. An ideal ratio is 1. Some crossmatched RBCs can be excluded from this calculation, such as those that are initially issued as uncrossmatched because the crossmatching typically occurs later. Perhaps the most efficient method for crossmatching RBCs is to use the electronic crossmatch for eligible patients (those with a confirmed ABO group, a current valid type and screen sample, and no current or historical antibodies) at the time that the RBCs have been requested to be issued by the clinical team (Table <link href="#voxs12349-tbl-0001"/>). A recent international survey performed under the auspices of the Biomedical Excellence for Safer Transfusion (BEST) collaborative revealed that of the respondents, 58&#x0025; use the electronic cross match as their main technique <link href="#voxs12349-bib-0003"/>. This policy is in contrast to an alternative crossmatching policy, which is to crossmatch the RBC units at the time that the order for the crossmatch is received. At some institutions, the RBCs can be ordered at a time that is distinct from the time at which they are needed for transfusion; effectively, these crossmatched but not issued RBCs are on hold in the blood bank for a specific patient, thereby reducing the fluidity of the RBC inventory. The theoretical advantage of this crossmatch policy is that as soon as the clinicians want to transfuse the units, they can be immediately issued without having to take additional time to perform the crossmatch. In the aforementioned BEST collaborative international survey, 51&#x0025; of the respondents indicated that they performed the crossmatch when an order for an RBC was received in the blood bank (even if an accompanying order to issue the RBC unit had not yet been received), whereas 41&#x0025; of respondents crossmatched the RBC at the time it was issued <link href="#voxs12349-bib-0003"/>. However, when the transfusion service at a large academic hospital recently switched from their traditional policy of performing the electronic crossmatch at the time that the RBCs were ordered to the time that they were actually requested for transfusion, the C:I ratio improved significantly and the turnaround time for issuing the RBCs increased by only 1 min <link href="#voxs12349-bib-0002"/>. This slight prolongation of the turnaround time is not likely to be clinically significant, and this transfusion service can now optimize the use of their RBC inventory by not having RBC units that might not actually be issued crossmatched on their shelf. Improving the laboratory workflow is also a form of waste reduction. In theory, transfusion services that do not routinely use the electronic crossmatch, that is, those that perform the serological crossmatch as their main technique, should have a higher C:I ratio than those that perform the electronic crossmatch. However, this was not borne out in the BEST collaborative survey where the average C:I ratio of the hospitals that performed the electronic crossmatch was 1&#x00B7;23 &#x00B1; 0&#x00B7;19 compared to the C:I ratio of hospitals that performed the serological crossmatch, 1&#x00B7;46 &#x00B1; 0&#x00B7;53 (<i>P</i> &#x003D; 0&#x00B7;49) <link href="#voxs12349-bib-0003"/>. Perhaps in a larger survey, differences in the C:I ratio would have become apparent.</p>
<tabular copyright="John Wiley &#x0026; Sons, Ltd" xml:id="voxs12349-tbl-0001">
<title type="main">Comparison of serological and electronic crossmatch techniques</title>
<table colsep="0" frame="topbot" pgwide="1" rowsep="0">
<tgroup cols="3">
<colspec colname="col1" colnum="1" colsep="0"/>
<colspec colname="col2" colnum="2" colsep="0"/>
<colspec colname="col3" colnum="3" colsep="0"/>
<thead valign="top">
<row rowsep="1">
<entry align="left" colname="col1"></entry>
<entry align="left" colname="col2">Serological crossmatch</entry>
<entry align="left" colname="col3">Electronic crossmatch</entry>
</row>
</thead>
<tbody>
<row>
<entry align="left" colname="col1">Suitable for all recipients?</entry>
<entry align="left" colname="col2">Yes</entry>
<entry align="left" colname="col3">No, see text</entry>
</row>
<row>
<entry align="left" colname="col1">Time required to perform</entry>
<entry align="left" colname="col2">&#x003E;30 min (if antihuman globulin phase used)</entry>
<entry align="left" colname="col3">&#x003C;5 min</entry>
</row>
<row>
<entry align="left" colname="col1">Special equipment required</entry>
<entry align="left" colname="col2">No</entry>
<entry align="left" colname="col3">Yes (validated computer system)</entry>
</row>
<row>
<entry align="left" colname="col1">Facilitates rapid issuing of RBCs?</entry>
<entry align="left" colname="col2">No (even immediate spin crossmatch requires 10 min)</entry>
<entry align="left" colname="col3">Yes</entry>
</row>
</tbody>
</tgroup>
</table>
</tabular>
<p>Other internal audits that can be performed by a transfusion service to reveal where time, testing or product wastage is occurring include monitoring their turnaround times for the issuing of all products and comparing their times to the hospital&#x0027;s benchmarks that are established based on the clinical urgency of the need for the RBCs, controlling the number of units that expire on their shelves by returning them to the blood supplier or sending them to another hospital that will use them immediately (or changing the size of their inventory to better reflect the number of products issued), as well as keeping track of the complaints that are lodged against the blood bank and the actions taken to resolve them.</p>
</section>
</section>
<section xml:id="voxs12349-sec-0004">
<title type="main">Audits outside of the transfusion service to identify wasteful clinical practices</title>
<p>Audits outside of the transfusion service are an essential part of a waste management scheme and can help to focus novel initiatives to reduce wasteful practice. A simple audit that can be performed under the auspice of the hospital&#x0027;s transfusion committee is to regularly monitor the crossmatch:transfusion (C:T) ratio of individual blood product prescribers or entire services. Just as the C:I ratio measures the transfusion service&#x0027;s efficiency of crossmatching RBCs, the C:T ratio is a measure of the clinician&#x0027;s acumen in using the RBCs that they had crossmatched. Again, the ideal ratio is 1 as this would represent a clinician who transfuses every unit that they had ordered to be crossmatched. However, as clinical situations can change rapidly, it is not always realistic to expect that a clinician will use every RBC unit that was crossmatched, so a C:T ratio of &#x2264;2:1 is generally accepted as the standard. Ratios significantly in excess of 2:1 reflect a clinical service that overestimates the number of RBC units that they will ultimately transfuse, and if the transfusion service is crossmatching the RBCs at the time that the crossmatch order is placed, then this can cause significant inventory issues in the blood bank and reduce the transfusion service&#x0027;s flexibility with their units. In addition, crossmatching RBCs takes technologist time and in some setting has a cost associated with it, thus by reducing the number of unnecessary crossmatches that are performed, less time and money are wasted on units that are never issued.</p>
<section xml:id="voxs12349-sec-0005">
<title type="main">Waste reduction audits and initiatives</title>
<p>Other important audits that the blood bank can help perform are those that target wasteful clinical practices that impact on the transfusion service. At the author&#x0027;s institution, it was noted that the obstetric service suddenly began ordering significantly more crossmatches than they had previously been ordering. This increased crossmatch workload placed a burden on the transfusion service&#x0027;s staff and increased the hospital&#x0027;s blood charges. The transfusion service, through the hospital&#x0027;s transfusion committee, discovered that a new national guideline that dictated when antepartum patients should have a type and screen performed and when RBCs should be crossmatched had been implemented by the nursing staff in the labour and delivery ward. The transfusion service then conducted an audit to determine whether these newly implemented guidelines were actually accurate in predicting the transfusion needs of these patients, and it turned out that many of the patients who had some form of pretransfusion testing ordered because of the implementation of these guidelines did not require a transfusion at all&#x0021; Only 2&#x0025; of the women on who the guidelines predicted a moderate risk of experiencing a postpartum haemorrhage were actually transfused with at least 1 RBC unit, meaning that over 2400 type and screens were unnecessarily performed over a 1&#x2010;year period among the women in this risk category <link href="#voxs12349-bib-0004"/>. Among the women in the high&#x2010;risk category during the same time period, where the guidelines suggested that not only should a type and screen be ordered but also some RBCs should be crossmatched, 7&#x00B7;3&#x0025; of the women required 1 RBC unit leading to the transfusion service at this hospital having unnecessarily performed a significant amount of pretransfusion testing on nearly 400 additional women <link href="#voxs12349-bib-0004"/>. This represents a large waste of money and the technologists&#x0027; time. This audit was essential in developing new antenatal pretransfusion testing guidelines that better reflected the local practice. This effort resulted in the changing of the pretransfusion testing ordering practices of the obstetricians, thereby relieving the workload burden on the transfusion service, reducing unnecessary testing for the patients and lowering healthcare costs for the hospital system.</p>
<p>A second, 8&#x00B7;5&#x2010;year&#x2010;long audit of the obstetrical service at the same hospital focused on their use of intraoperative cell salvage (ICS) in obstetrical cases <link href="#voxs12349-bib-0005"/>. This audit discovered that the vast majority of patients on which ICS was employed, 79&#x0025;, did not actually receive a reinfusion of the salvaged blood because these patients did not shed enough blood during their case for ICS processing and reinfusion to occur. Cases where ICS is set up but no blood is reinfused due to the low volume of shed blood are known as stand by cases, and there is a fixed cost to these cases in terms of the hardware and disposables that are needed to collect whatever blood is shed, as well as the costs of the technologists to operate the machine. This audit revealed that the most efficacious use of ICS was in patients who underwent a Caesarean hysterectomy or who had some form of postpartum haemorrhage <link href="#voxs12349-bib-0005"/>. The results of this audit have also helped to shape the practice of obstetrics at this hospital and reduce wastage.</p>
<p>Additional audits involving the operating room and emergency&#x002F;trauma services have also uncovered aspects of practice that could be optimized. For example, a month&#x2010;long review of all of the RBC units issued to the operating room revealed that 72&#x0025; were returned unused to the blood bank <link href="#voxs12349-bib-0006"/>. While RBC wastage as a result of issuing so many RBC units that went unused was not measured in this study, this audit has led to the development of a new data&#x2010;driven maximum surgical blood ordering schedule (MSBOS) that should better reflect the actual surgical practice and reduce the number of RBCs issued to the operating room. In addition, a multi&#x2010;institution review of the number of blood products that were wasted during the resuscitation of massively bleeding patients revealed different rates at different institutions; for example, the rate of RBC waste ranged from 0&#x0025; to 9&#x0025;, while the rate of plasma waste varied between 0&#x0025; and 7&#x0025; <link href="#voxs12349-bib-0007"/>. The waste of cryoprecipitate was substantial, between 7&#x0025; and 33&#x0025;, likely due to the short outdate of this pooled product when stored at room temperature. While meeting the clinical needs of massively bleeding patients is of the utmost importance, these findings indicate that blood product wastage in these situations is occurring and that further studies should be undertaken to determine how it can be minimized.</p>
<p>Reducing blood product waste is also an important component ensuring a stable and adequate supply of blood. This is one of the myriad reasons why the transfusion service needs to keep track of the disposition of all of the units that it issues. A recent audit of blood product waste at the author&#x0027;s institution revealed that while the wastage rates of RBCs, platelets and plasma were relatively low, improvements could still be made. The patient blood management (PBM) committee at the author&#x0027;s institution then implemented very simple and inexpensive techniques to reduce wastage even further. These interventions included raising awareness of the problem of component wastage at medical staff meetings and among nurses, displaying posters and screen savers on the ward computers that reminded clinicians to reduce waste, as well as affixing small tags on all blood products that are issued to the operating room that are designed to remind the operating room staff about the proper handling of these products <link href="#voxs12349-bib-0008"/>. In addition, a nylon bag was developed for the purpose of transporting cryoprecipitate and PLTs; the clinicians were encouraged to put these products in the nylon bag and not in the cooler where the RBCs and plasma are kept. In the 16 months following the implementation of these interventions, significant reductions in RBC waste (0&#x00B7;67&#x0025; preintervention to 0&#x00B7;56&#x0025; postintervention waste, per unit issued) and in PLT waste (3&#x00B7;71&#x0025; preintervention to 2&#x00B7;81&#x0025; postintervention waste, per dose issued) were observed. There was a small but significant increase in plasma wastage that might have related to an increase in plasma units that were issued but that were returned to the blood bank &#x003E;30 min later, which by policy meant they had to be discarded <link href="#voxs12349-bib-0008"/>. Cryoprecipitate waste was not measured in this study. The results of this audit indicated that wastage rates were indeed measurable on different types of hospital wards and that simple interventions had a very meaningful impact on the wastage rate resulting in greater availability of blood products and cost savings for the institution.</p>
</section>
<section xml:id="voxs12349-sec-0006">
<title type="main">Computerized physician order entry as an audit tool</title>
<p>Thus far, this section has described audits that have been performed at the level of a hospital or clinical service. Audits can also be performed at the level of the individual clinician or blood product prescriber. In order to be able to be this specific, the transfusion service or hospital&#x0027;s information technology must be able to identify specific prescribers of blood products. One way of obtaining this information is by employing a computerized physician order entry (CPOE) system whereby the blood product prescriber must personally log in to the computerized blood product order entry system before they can order the desired component. The use of the CPOE to generate alerts that appear on the screen when a physician tries to order a blood product on a patient whose laboratory data do not appear to be compliant with the institutions&#x0027; transfusion guidelines have been previously described <link href="#voxs12349-bib-0009 #voxs12349-bib-0010 #voxs12349-bib-0011"/>. These alerts are generally effective in reducing apparently unnecessary transfusions and have the added benefit of reminding the prescribers of the institutional at the time a decision about ordering blood products is being made <link href="#voxs12349-bib-0010 #voxs12349-bib-0011 #voxs12349-bib-0012 #voxs12349-bib-0013 #voxs12349-bib-0014 #voxs12349-bib-0015"/>. While traditional chart reviews can also be used to evaluate the appropriateness of transfusions <link href="#voxs12349-bib-0016"/>, they cannot usually be performed in real time and the number of charts that can be reviewed is limited by the number of reviewers available. In addition to using the alerts, information gleaned from a CPOE can be used to provide specific feedback to their clinicians about their overall blood product use in relation to that of their colleagues who perform the same procedures. Using what is colloquially termed a &#x2018;bubble report&#x2019;, which plots for each surgeon the per cent of their patients who receive at least one unit of RBCs in the <i>x</i>&#x2010;axis and on the <i>y</i>&#x2010;axis the average number of RBCs that are transfused to the patients who receive at least one transfusion, the surgeons can see how their transfusion practice compares to that of their colleagues who perform the same procedures <link href="#voxs12349-bib-0017"/>. Bubble reports are provided to each individual surgeon on a monthly basis, and they are anonymous with the exception of the bubble that is specific for the individual surgeon. A fully identified report is also provided to the chief financial officer at each hospital so that they can be kept up to date on the transfusion practice that is occurring at their site. These reports are very useful in identifying outlying practices so that specific interventions can be initiated at the level of an entire service or with specific providers. Reducing unnecessary transfusions saves time, money and prevents the patients from experiencing unnecessary risks associated with transfusions. At the moment at the author&#x0027;s institution, these reports are being generated for surgeons performing hip and knee replacements, spine and cardiac surgeries, as well as obstetricians who perform hysterectomies. In theory, these reports could be generated for any service that uses blood products.</p>
<p>Furthermore, it was expected that by modifying the CPOE to require the nursing staff to confirm that all of the necessary pretransfusion activities, such as verifying the order for transfusion, ensuring that the patient has been premedicated if so ordered and has suitable vascular access, have been completed before the order to issue the blood product is transmitted to the blood bank that the wastage of pooled PLTs and cryoprecipitate would occur. PLTs and cryoprecipitate that are pooled in an open system, such as that at the author&#x0027;s institution, have a 4&#x2010;h outdate. Indeed, compared to a baseline period of 24 months when no specific waste reduction strategy was in place, modifying the CPOE, in addition to the above&#x2010;mentioned other waste reduction strategies, led to significant reductions in the wastage of not only PLTs and cryoprecipitate, but also RBCs <link href="#voxs12349-bib-0018"/>.</p>
<p>As another example of auditing at the level of the individual prescriber, the PBM committee at this hospital receives a daily email outlining the blood products that were wasted after they had been issued from the blood bank on the previous day. In this case, &#x2018;wasted&#x2019; means that the products were issued but were not transfused and could not be returned into the blood bank&#x0027;s inventory for use on a different patient. It is wastage in perhaps the purest sense. This daily report contains information on the prescriber who ordered and wasted the product, the nature of the products, the reason why they were wasted, etc. This type of daily report that contains very specific information can be used to immediately investigate the underlying reason behind the wastage, while the event is still fresh in the clinicians&#x0027; minds, thus helping to educate the prescribers about ways to avoid blood product wastage. Furthermore, over time these reports can reveal if there is a systematic problem with wastage by a certain prescriber or service, thereby allowing for focused interventions with those involved, or indeed perhaps an overhaul of the way blood products are handled on a specific ward if the issue is systematic.</p>
</section>
<section xml:id="voxs12349-sec-0007">
<title type="main">Audits can detect other sources of waste</title>
<p>An often overlooked but fecund practice for waste reduction is that of preoperative autologous RBC donation (PAD). This is a practice whereby patients donate one or more RBC units exclusively for their own use during or after their surgery. As people who might have been excluded from making an allogeneic donation could still make an autologous donation, these units are discarded if they are not used by the person who donated them. A significant proportion of PAD units are not transfused <link href="#voxs12349-bib-0019"/>, and for those recipients who do not receive a reinfusion, no clinical benefit is derived from having donated them. By identifying the types of surgeries and the specific surgeons who regularly used PAD for their patients and offering them alternative and effective transfusion&#x2010;avoiding strategies like intra&#x2010;operative cell salvage and pharmaceuticals such as tranexamic acid, the hospitals at the author&#x0027;s institution now collect virtually no PAD units. In fact, these hospitals no longer report PAD unit collection and utilization rates at their transfusion committee meetings because their collection now occurs so infrequently.</p>
<p>Other potential practices where an audit might uncover waste include the use of portable coolers (devices that maintain a suitable temperature for the storage of RBCs outside of the blood bank) in the operating rooms or intensive care units, not using thawed plasma for 5 days post&#x2010;thawing and the potential to store platelets for extended periods of time if bacterial detection tests are performed (subject to local regulations).</p>
<p>Audits can be carried out on virtually any process in which the blood bank engages, both inside and outside of its walls. Audits can require extensive use of information technology in terms of generating the required data, mining it and producing an output that can be used to determine whether the process is functioning optimally or whether it needs to be adjusted. The data generated by auditing various transfusion service and clinical practices can be useful in benchmarking studies <link href="#voxs12349-bib-0020"/>. However, even if the technological resources are not available to conduct the types of audits described above, much simpler audits can be carried out in the blood bank by manually measuring inventory levels, turnaround times for product orders or the completion of pretransfusion testing, the ideal time to perform the RBC crossmatch etc. Simply by starting to look at a process, potential areas for improvement can be found.</p>
</section>
</section>
<section xml:id="voxs12349-sec-0008">
<title type="main">Conflict of interests</title>
<p>The author declare no conflict of interests.</p>
</section>
<bibliography cited="yes" style="numbered" xml:id="voxs12349-bibl-0001">
<title type="main">References</title>
<bib xml:id="voxs12349-bib-0001">
<citation type="journal" xml:id="voxs12349-cit-0001"><author><familyName>Yazer</familyName> <givenNames>MH</givenNames></author>, <author><familyName>Abraham</familyName> <givenNames>S</givenNames></author>, <author><familyName>Beckman</familyName> <givenNames>N</givenNames></author>, <i>et al</i>.: <articleTitle>International Society for Blood Transfusion international survey on blood product wastage in hospitals</articleTitle>. <journalTitle>ISBT Sci Ser</journalTitle> <pubYear year="2016">2016</pubYear>; <vol>11</vol>:<pageFirst>24</pageFirst>&#x2013;<pageLast>31</pageLast></citation>
</bib>
<bib xml:id="voxs12349-bib-0002">
<citation type="journal" xml:id="voxs12349-cit-0002"><author><familyName>Lin</familyName> <givenNames>DM</givenNames></author>, <author><familyName>Goldfinger</familyName> <givenNames>D</givenNames></author>, <author><familyName>Lu</familyName> <givenNames>Q</givenNames></author>, <i>et al</i>.: <articleTitle>Measuring trade&#x2010;offs that matter: assessing the impact of a new electronic cross&#x2010;match policy on the turnaround time and the cross&#x2010;match workload efficiency</articleTitle>. <journalTitle>Transfusion</journalTitle> <pubYear year="2014">2014</pubYear>; <vol>54</vol>:<pageFirst>3075</pageFirst>&#x2013;<pageLast>3079</pageLast></citation>
</bib>
<bib xml:id="voxs12349-bib-0003">
<citation type="journal" xml:id="voxs12349-cit-0003"><author><familyName>Yazer</familyName> <givenNames>MH</givenNames></author>, <author><familyName>Alcantara</familyName> <givenNames>R</givenNames></author>, <author><familyName>Beizai</familyName> <givenNames>P</givenNames></author>, <i>et al</i>.: <articleTitle>The crossmatch&#x002F;issue ratio: use of a novel quality indicator and results of an international survey on RBC crossmatching and issuing practices</articleTitle>. <journalTitle>Am J Clin Pathol</journalTitle> <pubYear year="2016">2016</pubYear>; <vol>146</vol>:<pageFirst>238</pageFirst>&#x2013;<pageLast>243</pageLast></citation>
</bib>
<bib xml:id="voxs12349-bib-0004">
<citation type="journal" xml:id="voxs12349-cit-0004"><author><familyName>Dilla</familyName> <givenNames>AJ</givenNames></author>, <author><familyName>Waters</familyName> <givenNames>JH</givenNames></author>, <author><familyName>Yazer</familyName> <givenNames>MH</givenNames></author>: <articleTitle>Clinical validation of risk stratification criteria for peripartum hemorrhage</articleTitle>. <journalTitle>Obstet Gynecol</journalTitle> <pubYear year="2013">2013</pubYear>; <vol>122</vol>:<pageFirst>120</pageFirst>&#x2013;<pageLast>126</pageLast></citation>
</bib>
<bib xml:id="voxs12349-bib-0005">
<citation type="journal" xml:id="voxs12349-cit-0005"><author><familyName>Milne</familyName> <givenNames>ME</givenNames></author>, <author><familyName>Yazer</familyName> <givenNames>MH</givenNames></author>, <author><familyName>Waters</familyName> <givenNames>JH</givenNames></author>: <articleTitle>Red blood cell salvage during obstetric hemorrhage</articleTitle>. <journalTitle>Obstet Gynecol</journalTitle> <pubYear year="2015">2015</pubYear>; <vol>125</vol>:<pageFirst>919</pageFirst>&#x2013;<pageLast>923</pageLast></citation>
</bib>
<bib xml:id="voxs12349-bib-0006">
<citation type="journal" xml:id="voxs12349-cit-0006"><author><familyName>Collins</familyName> <givenNames>RA</givenNames></author>, <author><familyName>Wisniewski</familyName> <givenNames>MK</givenNames></author>, <author><familyName>Waters</familyName> <givenNames>JH</givenNames></author>, <i>et al</i>.: <articleTitle>Excessive quantities of red blood cells are issued to the operating room</articleTitle>. <journalTitle>Transfus Med</journalTitle> <pubYear year="2015">2015</pubYear>; <vol>25</vol>:<pageFirst>374</pageFirst>&#x2013;<pageLast>379</pageLast></citation>
</bib>
<bib xml:id="voxs12349-bib-0007">
<citation type="journal" xml:id="voxs12349-cit-0007"><author><familyName>Dunbar</familyName> <givenNames>NM</givenNames></author>, <author><familyName>Olson</familyName> <givenNames>NJ</givenNames></author>, <author><familyName>Szczepiorkowski</familyName> <givenNames>ZM</givenNames></author>, <i>et al</i>.: <articleTitle>Blood component transfusion and wastage rates in the setting of massive transfusion in three regional trauma centers</articleTitle>. <journalTitle>Transfusion</journalTitle> <pubYear year="2017">2017</pubYear>; <vol>57</vol>:<pageFirst>45</pageFirst>&#x2013;<pageLast>52</pageLast></citation>
</bib>
<bib xml:id="voxs12349-bib-0008">
<citation type="journal" xml:id="voxs12349-cit-0008"><author><familyName>Collins</familyName> <givenNames>RA</givenNames></author>, <author><familyName>Wisniewski</familyName> <givenNames>MK</givenNames></author>, <author><familyName>Waters</familyName> <givenNames>JH</givenNames></author>, <i>et al</i>.: <articleTitle>Effectiveness of multiple initiatives to reduce blood component wastage</articleTitle>. <journalTitle>Am J Clin Pathol</journalTitle> <pubYear year="2015">2015</pubYear>; <vol>143</vol>:<pageFirst>329</pageFirst>&#x2013;<pageLast>335</pageLast></citation>
</bib>
<bib xml:id="voxs12349-bib-0009">
<citation type="journal" xml:id="voxs12349-cit-0009"><author><familyName>Collins</familyName> <givenNames>RA</givenNames></author>, <author><familyName>Triulzi</familyName> <givenNames>DJ</givenNames></author>, <author><familyName>Waters</familyName> <givenNames>JH</givenNames></author>, <i>et al</i>.: <articleTitle>Evaluation of real&#x2010;time clinical decision support systems for platelet and cryoprecipitate orders</articleTitle>. <journalTitle>Am J Clin Pathol</journalTitle> <pubYear year="2014">2014</pubYear>; <vol>141</vol>:<pageFirst>78</pageFirst>&#x2013;<pageLast>84</pageLast></citation>
</bib>
<bib xml:id="voxs12349-bib-0010">
<citation type="journal" xml:id="voxs12349-cit-0010"><author><familyName>Yazer</familyName> <givenNames>MH</givenNames></author>, <author><familyName>Triulzi</familyName> <givenNames>DJ</givenNames></author>, <author><familyName>Reddy</familyName> <givenNames>V</givenNames></author>, <i>et al</i>.: <articleTitle>Effectiveness of a real&#x2010;time clinical decision support system for computerized physician order entry of plasma orders</articleTitle>. <journalTitle>Transfusion</journalTitle> <pubYear year="2013">2013</pubYear>; <vol>53</vol>:<pageFirst>3120</pageFirst>&#x2013;<pageLast>3127</pageLast></citation>
</bib>
<bib xml:id="voxs12349-bib-0011">
<citation type="journal" xml:id="voxs12349-cit-0011"><author><familyName>McWilliams</familyName> <givenNames>B</givenNames></author>, <author><familyName>Triulzi</familyName> <givenNames>DJ</givenNames></author>, <author><familyName>Waters</familyName> <givenNames>JH</givenNames></author>, <i>et al</i>.: <articleTitle>Trends in RBC ordering and use after implementing adaptive alerts in the electronic computerized physician order entry system</articleTitle>. <journalTitle>Am J Clin Pathol</journalTitle> <pubYear year="2014">2014</pubYear>; <vol>141</vol>:<pageFirst>534</pageFirst>&#x2013;<pageLast>541</pageLast></citation>
</bib>
<bib xml:id="voxs12349-bib-0012">
<citation type="journal" xml:id="voxs12349-cit-0012"><author><familyName>Petaja</familyName> <givenNames>J</givenNames></author>, <author><familyName>Andersson</familyName> <givenNames>S</givenNames></author>, <author><familyName>Syrjala</familyName> <givenNames>M</givenNames></author>: <articleTitle>A simple automatized audit system for following and managing practices of platelet and plasma transfusions in a neonatal intensive care unit</articleTitle>. <journalTitle>Transfus Med</journalTitle> <pubYear year="2004">2004</pubYear>; <vol>14</vol>:<pageFirst>281</pageFirst>&#x2013;<pageLast>288</pageLast></citation>
</bib>
<bib xml:id="voxs12349-bib-0013">
<citation type="journal" xml:id="voxs12349-cit-0013"><author><familyName>Rothschild</familyName> <givenNames>JM</givenNames></author>, <author><familyName>McGurk</familyName> <givenNames>S</givenNames></author>, <author><familyName>Honour</familyName> <givenNames>M</givenNames></author>, <i>et al</i>.: <articleTitle>Assessment of education and computerized decision support interventions for improving transfusion practice</articleTitle>. <journalTitle>Transfusion</journalTitle> <pubYear year="2007">2007</pubYear>; <vol>47</vol>:<pageFirst>228</pageFirst>&#x2013;<pageLast>239</pageLast></citation>
</bib>
<bib xml:id="voxs12349-bib-0014">
<citation type="journal" xml:id="voxs12349-cit-0014"><author><familyName>Collins</familyName> <givenNames>RA</givenNames></author>, <author><familyName>Triulzi</familyName> <givenNames>DJ</givenNames></author>, <author><familyName>Waters</familyName> <givenNames>JH</givenNames></author>, <i>et al</i>.: <articleTitle>Evaluation of real time clinical decision support systems for platelet and cryoprecipitate orders</articleTitle>. <journalTitle>Am J Clin Pathol</journalTitle> <pubYear year="2014">2014</pubYear>; <vol>141</vol>:<pageFirst>78</pageFirst>&#x2013;<pageLast>84</pageLast></citation>
</bib>
<bib xml:id="voxs12349-bib-0015">
<citation type="journal" xml:id="voxs12349-cit-0015"><author><familyName>Butler</familyName> <givenNames>CE</givenNames></author>, <author><familyName>Noel</familyName> <givenNames>S</givenNames></author>, <author><familyName>Hibbs</familyName> <givenNames>SP</givenNames></author>, <i>et al</i>.: <articleTitle>Implementation of a clinical decision support system improves compliance with restrictive transfusion policies in hematology patients</articleTitle>. <journalTitle>Transfusion</journalTitle> <pubYear year="2015">2015</pubYear>; <vol>55</vol>:<pageFirst>1964</pageFirst>&#x2013;<pageLast>1971</pageLast></citation>
</bib>
<bib xml:id="voxs12349-bib-0016">
<citation type="journal" xml:id="voxs12349-cit-0016"><author><familyName>Spradbrow</familyName> <givenNames>J</givenNames></author>, <author><familyName>Cohen</familyName> <givenNames>R</givenNames></author>, <author><familyName>Lin</familyName> <givenNames>Y</givenNames></author>, <i>et al</i>.: <articleTitle>Evaluating appropriate red blood cell transfusions: a quality audit at 10 Ontario hospitals to determine the optimal measure for assessing appropriateness</articleTitle>. <journalTitle>Transfusion</journalTitle> <pubYear year="2016">2016</pubYear>; <vol>56</vol>(<issue>10</issue>):<pageFirst>2466</pageFirst>&#x2013;<pageLast>2476</pageLast></citation>
</bib>
<bib xml:id="voxs12349-bib-0017">
<citation type="journal" xml:id="voxs12349-cit-0017"><author><familyName>Chen</familyName> <givenNames>AF</givenNames></author>, <author><familyName>Klatt</familyName> <givenNames>BA</givenNames></author>, <author><familyName>Yazer</familyName> <givenNames>MH</givenNames></author>, <i>et al</i>.: <articleTitle>Blood utilization after primary total joint arthroplasty in a large hospital network</articleTitle>. <journalTitle>HSS J</journalTitle> <pubYear year="2013">2013</pubYear>; <vol>9</vol>:<pageFirst>123</pageFirst>&#x2013;<pageLast>128</pageLast></citation>
</bib>
<bib xml:id="voxs12349-bib-0018">
<citation type="journal" xml:id="voxs12349-cit-0018"><author><familyName>Yazer</familyName> <givenNames>MH</givenNames></author>, <author><familyName>Deandrade</familyName> <givenNames>DS</givenNames></author>, <author><familyName>Triulzi</familyName> <givenNames>DJ</givenNames></author>, <i>et al</i>.: <articleTitle>Electronic enhancements to blood ordering reduce component waste</articleTitle>. <journalTitle>Transfusion</journalTitle> <pubYear year="2016">2016</pubYear>; <vol>56</vol>:<pageFirst>564</pageFirst>&#x2013;<pageLast>570</pageLast></citation>
</bib>
<bib xml:id="voxs12349-bib-0019">
<citation type="book" xml:id="voxs12349-cit-0019"><author><familyName>Fung</familyName> <givenNames>MF</givenNames></author>: <bookTitle>Technical Manual</bookTitle>, <edition number="18">18th edn</edition>. <publisherLoc>Bethesda, MD</publisherLoc>, <publisherName>AABB press</publisherName>, <pubYear year="2014">2014</pubYear></citation>
</bib>
<bib xml:id="voxs12349-bib-0020">
<citation type="journal" xml:id="voxs12349-cit-0020"><author><familyName>Ramsey</familyName> <givenNames>G</givenNames></author>, <author><familyName>Wagar</familyName> <givenNames>EA</givenNames></author>, <author><familyName>Grimm</familyName> <givenNames>EE</givenNames></author>, <i>et al</i>.: <articleTitle>Red blood cell transfusion practices: a College of American Pathologists Q&#x2010;Probes study of compliance with audit criteria in 128 hospitals</articleTitle>. <journalTitle>Arch Pathol Lab Med</journalTitle> <pubYear year="2015">2015</pubYear>; <vol>139</vol>:<pageFirst>351</pageFirst>&#x2013;<pageLast>355</pageLast></citation>
</bib>
</bibliography>
</body>
</component>
