<?xml version="1.0" encoding="US-ASCII" standalone="yes"?>
<component type="serialArticle" version="2.0" xml:id="voxs12385" xml:lang="en" xmlns="http://www.wiley.com/namespaces/wiley" xmlns:wiley="http://www.wiley.com/namespaces/wiley/wiley">
<header>
<publicationMeta level="product">
<doi origin="wiley" registered="yes">10.1111/(ISSN)1751-2824</doi>
<issn type="print">1751-2816</issn>
<issn type="electronic">1751-2824</issn>
<idGroup>
<id type="product" value="VOXS"/>
</idGroup>
<titleGroup>
<title sort="ISBT SCIENCE SERIES" type="main">ISBT Science Series</title>
<title type="short">VOXS</title>
</titleGroup>
</publicationMeta>
<publicationMeta level="part" position="10"><doi origin="wiley">10.1111/voxs.2018.13.issue-1</doi>
<titleGroup>
<title type="specialIssueTitle">27th Regional Congress of the International Society of Blood Transfusion, Copenhagen, Denmark, June 17&#x2010;21, part II</title>
</titleGroup>
<copyright ownership="thirdParty">Copyright ISBT Science Series &#x00A9; 2018 International Society of Blood Transfusion</copyright><numberingGroup><numbering type="journalVolume" number="13">13</numbering><numbering type="journalIssue">1</numbering></numberingGroup><coverDate startDate="2018-02">February 2018</coverDate>
</publicationMeta>
<publicationMeta level="unit" position="150" status="forIssue" type="reviewArticle">
<doi>10.1111/voxs.12385</doi>
<idGroup>
<id type="unit" value="VOXS12385"/>
</idGroup>
<countGroup>
<count number="8" type="pageTotal"/>
</countGroup>
<titleGroup>
<title type="articleCategory">Congress Review</title>
<title type="tocHeading1">27th Regional Congress of the International Society of Blood Transfusion, Copenhagen, Denmark, June 17&#x2010;21, part II</title>
<title type="tocHeading2">Congress Reviews</title>
</titleGroup>
<copyright ownership="thirdParty">&#x00A9; 2017 International Society of Blood Transfusion</copyright>
<eventGroup>
<event agent="SPS" date="2017-08-16" type="xmlCreated"/>
</eventGroup>
<numberingGroup><numbering type="pageFirst">93</numbering><numbering type="pageLast">100</numbering></numberingGroup>
<correspondenceTo>
<lineatedText>
<line><i>Correspondence</i>: Lisa A. Williams, School of Psychology, University of New South Wales, Sydney, NSW 2052 Australia.</line>
<line>E&#x2010;mail: <email>lwilliams@unsw.edu.au</email></line>
</lineatedText>
</correspondenceTo>
<linkGroup>
<link type="toTypesetVersion" href="file:voxs12385.pdf"/>
<link type="toAuthorManuscriptVersion" href="file:voxs12385_am.pdf"/>
</linkGroup>
</publicationMeta>
<contentMeta><countGroup><count type="figureTotal" number="1"/><count type="tableTotal" number="2"/><count type="wordTotal" number="5766"/></countGroup>
<titleGroup>
<title type="main">The emotional psychology of blood donors: a time&#x2010;course approach</title>
<title type="shortAuthors">L. A. Williams <i>et al</i>.</title>
</titleGroup>
<creators>
<creator affiliationRef="#voxs12385-aff-0001" corresponding="yes" creatorRole="author" xml:id="voxs12385-cr-0001">
<personName><givenNames>L. A.</givenNames> <familyName>Williams</familyName></personName>
<contactDetails><email>lwilliams@unsw.edu.au</email></contactDetails>
</creator>
<creator affiliationRef="#voxs12385-aff-0002" creatorRole="author" xml:id="voxs12385-cr-0002">
<personName><givenNames>B.</givenNames> <familyName>Masser</familyName></personName>
</creator>
<creator affiliationRef="#voxs12385-aff-0001" creatorRole="author" xml:id="voxs12385-cr-0003">
<personName><givenNames>A.</givenNames> <familyName>van Dongen</familyName></personName>
</creator>
<creator affiliationRef="#voxs12385-aff-0003" creatorRole="author" xml:id="voxs12385-cr-0004">
<personName><givenNames>A.</givenNames> <familyName>Thijsen</familyName></personName>
</creator>
<creator affiliationRef="#voxs12385-aff-0003" creatorRole="author" xml:id="voxs12385-cr-0005">
<personName><givenNames>T.</givenNames> <familyName>Davison</familyName></personName>
</creator>
</creators>
<affiliationGroup>
<affiliation countryCode="AU" type="organization" xml:id="voxs12385-aff-0001"><orgName>University of New South Wales</orgName> <address><city>Sydney</city> <countryPart>NSW</countryPart> <country>Australia</country></address></affiliation>
<affiliation countryCode="AU" type="organization" xml:id="voxs12385-aff-0002"><orgDiv>School of Psychology</orgDiv> <orgName>The University of Queensland</orgName> <address><city>Brisbane</city> <countryPart>QLD</countryPart> <country>Australia</country></address></affiliation>
<affiliation countryCode="AU" type="organization" xml:id="voxs12385-aff-0003"><orgDiv>Clinical Services and Research</orgDiv> <orgName>The Australian Red Cross Blood Service</orgName> <address><city>Melbourne</city> <countryPart>VIC</countryPart> <country>Australia</country></address></affiliation>
</affiliationGroup>
<keywordGroup type="author">
<keyword xml:id="voxs12385-kwd-0001">blood donation</keyword>
<keyword xml:id="voxs12385-kwd-0002">donor retention</keyword>
<keyword xml:id="voxs12385-kwd-0003">emotion</keyword>
<keyword xml:id="voxs12385-kwd-0004">psychology</keyword>
<keyword xml:id="voxs12385-kwd-0005">time&#x2010;course</keyword>
</keywordGroup>
<fundingInfo>
<fundingAgency fundRefName="Australian Research Council" funderDoi="10.13039/501100000923">Australian Research Council</fundingAgency>
<fundingNumber>LP140100034</fundingNumber>
</fundingInfo>
<fundingInfo>
<fundingAgency>Australian governments</fundingAgency>
</fundingInfo>
<abstractGroup>
<abstract type="main" xml:id="voxs12385-abs-0001">
<section xml:id="voxs12385-sec-0001">
<title type="main">Background</title>
<p>Donor retention is a key concern for blood collection agencies around the world. Despite a substantial body of research on facilitators of and barriers to donor return, few successful interventions to promote donor return have resulted.</p>
</section>
<section xml:id="voxs12385-sec-0002">
<title type="main">A new approach</title>
<p>We suggest that insufficient attention has been paid to donor emotional experience. To address this, we outline the <i>Time&#x2010;course of Emotion in Donation</i> (<fc>TED</fc>) approach. First, we detail how identifying and understanding donor emotional experience across different time&#x2010;points (i.e. in anticipation of donating, while donating, and in recollection of donating) may be key to developing effective strategies to boost donor retention. Second, we report initial results of a research project that assessed emotional experiences of first&#x2010;time and novice whole blood donors. Donors reported their experience of several positive and negative emotions at four time&#x2010;points: in the waiting area of the donation centre, in the phlebotomy chair before and after needle insertion, and in the refreshment area after donation. Results of preliminary analysis indicate that the experience of positive emotions was far more prevalent than of negative emotions. Third, we provide practical recommendations for researchers interested in adopting a <fc>TED</fc> approach.</p>
</section>
<section xml:id="voxs12385-sec-0003">
<title type="main">Our vision</title>
<p>We describe a vision of how insight provided by a <fc>TED</fc> approach to donor psychology research might be implemented practically by blood collection agencies and practitioners alike. This vision includes innovative interventions to promote donor return as well as carefully curated donor communication strategies.</p>
</section>
</abstract>
</abstractGroup>
</contentMeta>
<noteGroup xml:id="voxs12385-ntgp-0101">
<note numbered="no" xml:id="voxs12385-note-1001">3B&#x2013;S08&#x2013;01</note>
</noteGroup>
</header>
<body sectionsNumbered="no" xml:id="voxs12385-body-0001">
<section xml:id="voxs12385-sec-0004">
<p>Donor retention remains an ongoing challenge for blood collection agencies in their aim to maintain a sufficient blood supply <link href="#voxs12385-bib-0001"/>. A rich history of research has identified cognitive antecedents of the decision to donate as well as characteristics of donors and non&#x2010;donors. Yet, relatively little is known about how to encourage retention <link href="#voxs12385-bib-0002"/>. Further, while the key role that emotional experience plays in donor behaviour is undeniable <link href="#voxs12385-bib-0003"/>, that role has not yet been considered systematically.</p>
<p>Consistent with a broader trend in health psychology embracing the role of emotion in health decisions <link href="#voxs12385-bib-0004 #voxs12385-bib-0005 #voxs12385-bib-0006"/>, we outline a theoretical approach to donor research: the <i>Time&#x2010;course of Emotions in Donation</i> (TED) approach. The TED approach carries promise for identifying not only <i>which</i> emotional experiences impact donor behaviour, but also <i>when</i> they arise. Ultimately, this approach may serve to inform effective donor retention strategies.</p>
<p>In this article, we first briefly review the historical treatment of emotion in donor psychology research. Next, we detail the main tenets of the TED approach, report initial findings from a research project deploying this approach and provide recommendations for researchers interested in adopting this approach. We conclude by describing a vision for how insight provided by a TED approach might be implemented by blood collection agencies and practitioners alike.</p>
</section>
<section xml:id="voxs12385-sec-0005">
<title type="main">Emotion in blood donation research: a historical overview</title>
<p>The key role that emotional experience plays in blood donation has been highlighted since research began exploring psychological determinants of donor behaviour. For example, Piliavin and colleagues <link href="#voxs12385-bib-0007 #voxs12385-bib-0008"/>, and Zillmer and colleagues <link href="#voxs12385-bib-0009"/> investigated the dynamics of emotional experience both within the context of a single donation as well as across donations. This work was derived from opponent&#x2010;process theory <link href="#voxs12385-bib-0010"/>, which articulates that the experience of an emotion (e.g. fear) suppresses the experience of the &#x2018;opposite&#x2019; emotions (e.g. relief) and that the experience of the &#x2018;opposite&#x2019; emotion arises when the initial emotion&#x2010;eliciting stimulus (e.g. the needle) is removed. In line with this theory, high levels of negative emotional states (e.g. fear, anxiety) in the moments prior to donation give way to largely positive emotional states (e.g. warm&#x2010;heartedness, relaxation) following donation <link href="#voxs12385-bib-0007 #voxs12385-bib-0008 #voxs12385-bib-0009"/>. Further, emotional experience is relatively more positive than negative among more experienced than less experienced donors.</p>
<p>Despite early appreciation of donor emotion, the popularity of cognition&#x2010;based approaches to donor psychology led emotion to be largely side&#x2010;lined in analyses attempting to predict donor recruitment or retention (cf. <link href="#voxs12385-bib-0011 #voxs12385-bib-0012"/>). The most commonly adopted cognition&#x2010;based approach in donor psychology <link href="#voxs12385-bib-0013"/> is rooted in the Theory of Planned Behaviour (TPB; <link href="#voxs12385-bib-0014"/>). The core TPB framework posits intention as the proximal determinant of behaviour. Intention is, in turn, determined by an individual&#x0027;s attitude (positive or negative evaluations of performing the behaviour), subjective norm (perceptions of social pressure to engage in the behaviour) and perceived behavioural control (PBC; perceptions of control over performing the behaviour). These three determinants of intention are underpinned by an individual&#x0027;s beliefs about the behaviour. Specifically, beliefs about the consequences of the behaviour weighted by the value or importance of those consequences underpin attitudes, whereas beliefs about expectations of key groups or people weighted by motivation to comply with those referents underpin subjective norm. PBC, on the other hand, is underpinned by beliefs about the likelihood that factors will interfere with or facilitate performance of the behaviour weighted by the perceived power of those factors.</p>
<p>Appreciation of the role of donor emotional experience in TPB&#x2010;based approaches has not been completely absent. In early conceptualizations of the TPB, influences of emotion on intentions or behaviour could be captured by assessing underlying beliefs. In the context of blood donation, some donors hold the belief that donating blood will make them feel good about themselves, and such beliefs are positively associated with intention to donate again <link href="#voxs12385-bib-0015"/>. It should be pointed out, however, that such approaches problematically subsume emotional constructs into cognitive constructs, reflecting historical dominance of cognitive paradigms in psychology. Theoretical models applied to blood donation have, to date, mainly conceptualized blood donation as the product of cognitive processes, as such failing to do justice to the role that emotions play in human behaviour.</p>
<p>Modern applications of the TPB to the blood donation context often extend upon the original model in an attempt to better account for variance in intentions and behaviour. Many such extensions focus on emotions. For instance, anxiety (e.g. <link href="#voxs12385-bib-0016 #voxs12385-bib-0017"/>) and anticipated regret (e.g. <link href="#voxs12385-bib-0018"/>) have been modelled alongside attitudes, subjective norm, and PBC in predicting intention and, in some instances, behaviour. Further, the broad construct of attitude has been differentiated into cognitive and affective (read, emotion&#x2010;oriented) attitudes (e.g. <link href="#voxs12385-bib-0019"/>). Indeed, such extended TPB models perform relatively better in accounting for blood donation intentions and behaviour. However, it is our view that such efforts are inherently limited by the narrow and piecemeal focus necessitated by &#x2018;adding in&#x2019; such emotion constructs to the TPB. While there is no doubt that TPB&#x2010;based models provide a good account of decision&#x2010;making in the blood donation context, and an even better account when they include explicit measurement of emotion constructs, they are limited by their inherently cognitive conceptualization of human decision&#x2010;making <link href="#voxs12385-bib-0006"/>.</p>
<p>Bucking this dominant cognitive orientation, some research has focused directly on donor emotional experience, generating compelling evidence for the importance of considering it as a determinant of behaviour. For instance, fear or concern about the blood donation process is a deterrent for non&#x2010;donors and donors alike (e.g. non&#x2010;donors: <link href="#voxs12385-bib-0020 #voxs12385-bib-0021 #voxs12385-bib-0022 #voxs12385-bib-0023 #voxs12385-bib-0024"/>; donors: <link href="#voxs12385-bib-0025 #voxs12385-bib-0026 #voxs12385-bib-0027"/>). Recalled anxiety experienced before donation undermines intentions to return <link href="#voxs12385-bib-0028"/>, whereas anticipated guilt upon not donating increases donation intention <link href="#voxs12385-bib-0029"/>.</p>
<p>In summary, while seminal work in the field highlighted the importance of emotion, subsequent research largely saw emotion subsumed under cognitive constructs or approached in a piecemeal fashion. The result is an absence of a comprehensive understanding of the nature of donors&#x0027; emotional experience and how such experience impacts blood donation. To facilitate research that might fill this gap, we present the TED approach.</p>
</section>
<section xml:id="voxs12385-sec-0006">
<title type="main">A new perspective: the <i>Time&#x2010;course of Emotion in Donation</i> (TED) approach</title>
<p>We hold that delineation of the time&#x2010;course of emotional experiences of blood donors could be of critical importance in expanding understanding donor behaviour. Ultimately such an understanding could foster development of effective retention strategies. We propose the <i>Time&#x2010;course of Emotion in Donation</i> (TED) approach as one promising route to achieve such an understanding.</p>
<p>The TED approach has a straightforward central tenet: donation&#x2010;related emotional experience can arise in anticipation of, during, and following donation, consistent with broader recognition that emotional experience can arise at all stages of contemplating, experiencing, and reflecting on engaging in a behaviour <link href="#voxs12385-bib-0030 #voxs12385-bib-0031"/>. We depict these temporal dynamics in Fig. <link href="#voxs12385-fig-0001"/>. <i>Immediate</i> emotions arise during donation, <i>reflective</i> emotions arise as a donor recalls that prior experience and <i>anticipatory</i> emotions arise as a person considers their next potential donation.</p>
<figure xml:id="voxs12385-fig-0001">
<mediaResourceGroup>
<mediaResource alt="image" href="urn:x-wiley:17512816:media:voxs12385:voxs12385-fig-0001"/>
<mediaResource alt="image" href="image_m/voxs12385-fig-0001-m.png" mimeType="image/png" rendition="webHiRes"/>
<mediaResource alt="image" href="image_n/voxs12385-fig-0001.png" mimeType="image/png" rendition="webOriginal"/>
<mediaResource alt="image" href="image_t/voxs12385-fig-0001-t.gif" mimeType="image/gif" rendition="webLoRes"/>
</mediaResourceGroup>
<caption>Visual depiction of the time&#x2010;course of emotion as conceptualized in the <fc>TED</fc> approach.</caption>
</figure>
<p>The TED approach builds on past research documenting donor emotional experiences at blood donation venues, depicted in light grey boxes in Fig. <link href="#voxs12385-fig-0001"/>. The majority of these analyses have focused on the negative impact of experienced anxiety or fear on adverse events and subsequent return (e.g. <link href="#voxs12385-bib-0032 #voxs12385-bib-0033"/>). Fewer have focused on the trajectory of donors&#x0027; emotional experiences through the donation process. On the whole, such examinations suggest decreased anxiety and increased positive emotion as donors move through the donation process <link href="#voxs12385-bib-0007 #voxs12385-bib-0009 #voxs12385-bib-0028 #voxs12385-bib-0034 #voxs12385-bib-0035"/>. While seminal, such research has fallen short of measuring a wide range of positive and negative emotional states throughout the donation process <i>as they occur</i>, rather relying on retrospective reports of emotions experienced while in the phlebotomy chair. The TED approach highlights the need to measure immediate emotional experience as it arises.</p>
<p>One corollary of the TED approach is that anticipatory, immediate and reflective emotions may influence one another, depicted with arrows in Fig. <link href="#voxs12385-fig-0001"/>. For example, reflective emotions may impact anticipatory emotions. Anticipated emotions, in turn, may impact immediate emotions. Such dynamics need not be limited to a single emotion. While anticipatory anxiety may amplify immediate anxiety, it may also dampen immediate positive emotion. Further, such inter&#x2010;emotion dynamics may emerge even within the immediate context of the donation venue. Past research has documented such patterns across positive and negative states <link href="#voxs12385-bib-0007 #voxs12385-bib-0009"/>, and across states of the same valence (e.g. disgust, anxiety, broad negative affect <link href="#voxs12385-bib-0036"/>, though in some cases such patterns fail to be observed <link href="#voxs12385-bib-0037"/>). Thus, we hold that one innovative outcome of the TED approach may be increased recognition of the temporal dynamics not only of a single emotion across time but also between several emotions across time.</p>
<p>Another corollary of the TED approach is the importance of the relative temporal location between donations at which emotions are considered. Consistent with Construal Level Theory <link href="#voxs12385-bib-0038"/>, temporally distant events such as donations long past or donations far in the future will evoke relatively less intense emotional experiences than those in the recent past or near future <link href="#voxs12385-bib-0039"/>. Further, accuracy of reflective donation&#x2010;related emotions appears to fade over time <link href="#voxs12385-bib-0028"/>. Of note, emotions assessed in more emotionally &#x2018;hot&#x2019; contexts (such as anxiety in the presence of blood paraphernalia) are more intense that those assessed in relatively &#x2018;cold&#x2019; contexts <link href="#voxs12385-bib-0040"/>. As such, where in the time&#x2010;course a donor is, or even cues to the immediacy of blood donation, might determine the relative impact of emotion on donation.</p>
<p>In summary, we believe that applying the TED approach to the study of emotion processes in blood donation will serve to determine not only the dynamic nature of donor emotional experience but also how that experience impacts donor behaviour. We have embarked on a programme of research that uses the TED approach to examine the interrelationship between donor emotional experience and subsequent behaviour. While this programme comprises studies focused on emotions across the time&#x2010;course, we began with a study documenting donors&#x0027; in&#x2010;centre emotional experience.</p>
</section>
<section xml:id="voxs12385-sec-0007">
<title type="main"><b>Deploying the TED approach: in&#x2010;</b>centre <b>emotional experience</b></title>
<p>We would like to acknowledge that we are not the first to examine the trajectory of donor emotional experience at donation venues. As noted above, prior research has established that, for the most part, anxiety decreases and positive emotion increases during the donation process <link href="#voxs12385-bib-0007 #voxs12385-bib-0009 #voxs12385-bib-0028 #voxs12385-bib-0032 #voxs12385-bib-0034"/>. Yet, to date, in situ donor emotional experience has not been assessed at the point of phlebotomy. Rather, past work relied on retrospective reports obtained in the refreshment area, or even in the days, weeks or months following donation. Further, few studies have measured emotions repeatedly across time&#x2010;points and fewer still measure an array of emotions at those time&#x2010;points. As such, the full trajectory of donor emotional experience is as yet unknown. To address this, we asked early career donors (making their first, second or third donation) to complete standardized measures of emotional experience in&#x2010;centre before, during and after phlebotomy.</p>
<p>Specifically, 414 new and 386 novice whole blood donors were recruited at three urban donation centres in Australia. Of the 800 participating donors, 334 (41&#x00B7;8&#x0025;) were female with an average age of 30&#x00B7;3 years. Participating donors completed questionnaires on an electronic tablet at four time&#x2010;points during their donation: 1) in the waiting area before their donation, 2) in the phlebotomy chair before needle insertion, 3) in the phlebotomy chair during the blood draw and 4) in the refreshment area after their donation. At each of the four time&#x2010;points, donors typed a single word that captured their current emotional experience and then rated the intensity of that experience. Donors next completed the modified Differential Emotions Scale (mDES; <link href="#voxs12385-bib-0041"/>), which includes items assessing ten positive (e.g. pride: &#x2018;How proud, confident, or self&#x2010;assured do you feel right now?&#x2019;) and ten negative (e.g. stress: &#x2018;How stressed, nervous, or overwhelmed do you feel right now?&#x2019;) emotions on 5&#x2010;point scales ranging from <i>not at all</i> to <i>extremely</i>. During the fourth time&#x2010;point (in the refreshment area), the questionnaire included measures assessing vasovagal reactions and other theoretical constructs (e.g. from the TPB).</p>
<p>The five most common donor&#x2010;generated emotion words at each of the four time&#x2010;points appear in Table <link href="#voxs12385-tbl-0001"/>. These are a mix of positive and negative states, with nervousness and excitement restricted to time&#x2010;points before needle insertion, relief after needle insertion and happiness and relaxation throughout. We are in the process of analysing associated intensity ratings of these states and exploring differences across donor experience groups. Further, in the light of the fact that the top five terms capture 42&#x2010;55&#x0025; of responses, we are undertaking qualitative coding so as to better capture the range of reported experience.</p>
<tabular copyright="John Wiley &#x0026; Sons, Ltd" xml:id="voxs12385-tbl-0001">
<title type="main">Top five emotions terms generated by donors with corresponding percentage of donors, per time&#x2010;point</title>
<table colsep="0" frame="topbot" pgwide="1" rowsep="0">
<tgroup cols="8">
<colspec colname="col1" colnum="1" colsep="0"/>
<colspec colname="col2" colnum="2" colsep="0"/>
<colspec colname="col3" colnum="3" colsep="0"/>
<colspec colname="col4" colnum="4" colsep="0"/>
<colspec colname="col5" colnum="5" colsep="0"/>
<colspec colname="col6" colnum="6" colsep="0"/>
<colspec colname="col7" colnum="7" colsep="0"/>
<colspec colname="col8" colnum="8" colsep="0"/>
<thead valign="top">
<row rowsep="1">
<entry align="left" nameend="col2" namest="col1">Waiting area</entry>
<entry align="left" nameend="col4" namest="col3">Preneedle</entry>
<entry align="left" nameend="col6" namest="col5">Donating</entry>
<entry align="left" nameend="col8" namest="col7">Refreshment Area</entry>
</row>
</thead>
<tbody>
<row>
<entry align="left" colname="col1">Happy</entry>
<entry align="left" colname="col2">17&#x0025;</entry>
<entry align="left" colname="col3">Nervous</entry>
<entry align="left" colname="col4">17&#x0025;</entry>
<entry align="left" colname="col5">Happy</entry>
<entry align="left" colname="col6">15&#x0025;</entry>
<entry align="left" colname="col7">Happy</entry>
<entry align="left" colname="col8">14&#x0025;</entry>
</row>
<row>
<entry align="left" colname="col1">Nervous</entry>
<entry align="left" colname="col2">13&#x0025;</entry>
<entry align="left" colname="col3">Happy</entry>
<entry align="left" colname="col4">13&#x0025;</entry>
<entry align="left" colname="col5">Relaxed</entry>
<entry align="left" colname="col6">10&#x0025;</entry>
<entry align="left" colname="col7">Relieved</entry>
<entry align="left" colname="col8">8&#x0025;</entry>
</row>
<row>
<entry align="left" colname="col1">Calm</entry>
<entry align="left" colname="col2">9&#x0025;</entry>
<entry align="left" colname="col3">Calm</entry>
<entry align="left" colname="col4">9&#x0025;</entry>
<entry align="left" colname="col5">Calm</entry>
<entry align="left" colname="col6">8&#x0025;</entry>
<entry align="left" colname="col7">Relaxed</entry>
<entry align="left" colname="col8">8&#x0025;</entry>
</row>
<row>
<entry align="left" colname="col1">Relaxed</entry>
<entry align="left" colname="col2">8&#x0025;</entry>
<entry align="left" colname="col3">Relaxed</entry>
<entry align="left" colname="col4">8&#x0025;</entry>
<entry align="left" colname="col5">Relieved</entry>
<entry align="left" colname="col6">5&#x0025;</entry>
<entry align="left" colname="col7">Good</entry>
<entry align="left" colname="col8">6&#x0025;</entry>
</row>
<row>
<entry align="left" colname="col1">Excited</entry>
<entry align="left" colname="col2">6&#x0025;</entry>
<entry align="left" colname="col3">Excited</entry>
<entry align="left" colname="col4">8&#x0025;</entry>
<entry align="left" colname="col5">Content</entry>
<entry align="left" colname="col6">5&#x0025;</entry>
<entry align="left" colname="col7">Satisfied</entry>
<entry align="left" colname="col8">6&#x0025;</entry>
</row>
</tbody>
</tgroup>
</table>
</tabular>
<p>For parsimony, here we focus on intensity of emotions reported in the mDES for two positive emotions (pride and joy) and three negative emotions (sadness, fear and stress). As shown in Table <link href="#voxs12385-tbl-0002"/>, on average donors reported experiencing positive emotions with higher intensity than negative emotions across all time&#x2010;points. In fact, 94&#x2010;97&#x0025; of donors reported experiencing positive emotions at least &#x2018;a little bit&#x2019; (i.e. responding &#x003E;1 on the 5&#x2010;point scale). Negative emotional experience was substantially more variable, with 5&#x2013;55&#x0025; reporting experiencing negative emotions at least &#x2018;a little bit&#x2019;. Consistent with donor&#x2010;generated words, donors reported fear and stress in relatively high intensity before needle insertion, with levels tapering thereafter. The highest levels of joy and pride were reported in the refreshment area. These patterns held across new and novice donors. We plan to conduct cluster analysis of mDES scores, seeking to classify donors into trajectory patterns (e.g. increasing positive emotion, decreasing negative emotion and steady positive or negative emotion).</p>
<tabular copyright="John Wiley &#x0026; Sons, Ltd" xml:id="voxs12385-tbl-0002">
<title type="main">Means and standard deviations (in parentheses) of focal emotions for first&#x2010;time and novice donors</title>
<table colsep="0" frame="topbot" pgwide="1" rowsep="0">
<tgroup cols="5">
<colspec colname="col1" colnum="1" colsep="0"/>
<colspec colname="col2" colnum="2" colsep="0"/>
<colspec colname="col3" colnum="3" colsep="0"/>
<colspec colname="col4" colnum="4" colsep="0"/>
<colspec colname="col5" colnum="5" colsep="0"/>
<thead valign="top">
<row rowsep="1">
<entry align="left" colname="col1"></entry>
<entry align="left" colname="col2">Waiting area</entry>
<entry align="left" colname="col3">Preneedle</entry>
<entry align="left" colname="col4">Donating</entry>
<entry align="left" colname="col5">Refreshment area</entry>
</row>
</thead>
<tbody>
<row>
<entry align="left" nameend="col5" namest="col1">First&#x2010;time donors</entry>
</row>
<row>
<entry align="left" colname="col1" indentLevel="1">Joyful</entry>
<entry align="left" colname="col2">3&#x00B7;24 (0&#x00B7;95)</entry>
<entry align="left" colname="col3">3&#x00B7;07 (1&#x00B7;03)</entry>
<entry align="left" colname="col4">3&#x00B7;17 (1&#x00B7;05)</entry>
<entry align="left" colname="col5">3&#x00B7;52 (1&#x00B7;03)</entry>
</row>
<row>
<entry align="left" colname="col1" indentLevel="1">Proud</entry>
<entry align="left" colname="col2">3&#x00B7;29 (1&#x00B7;02)</entry>
<entry align="left" colname="col3">3&#x00B7;22 (1&#x00B7;11)</entry>
<entry align="left" colname="col4">3&#x00B7;36 (1&#x00B7;08)</entry>
<entry align="left" colname="col5">3&#x00B7;58 (1&#x00B7;09)</entry>
</row>
<row>
<entry align="left" colname="col1" indentLevel="1">Sad</entry>
<entry align="left" colname="col2">1&#x00B7;17 (0&#x00B7;49)</entry>
<entry align="left" colname="col3">1&#x00B7;07 (0&#x00B7;29)</entry>
<entry align="left" colname="col4">1&#x00B7;07 (0&#x00B7;37)</entry>
<entry align="left" colname="col5">1&#x00B7;09 (0&#x00B7;42)</entry>
</row>
<row>
<entry align="left" colname="col1" indentLevel="1">Scared</entry>
<entry align="left" colname="col2">1&#x00B7;54 (0&#x00B7;79)</entry>
<entry align="left" colname="col3">1&#x00B7;62 (0&#x00B7;95)</entry>
<entry align="left" colname="col4">1&#x00B7;26 (0&#x00B7;59)</entry>
<entry align="left" colname="col5">1&#x00B7;06 (0&#x00B7;30)</entry>
</row>
<row>
<entry align="left" colname="col1" indentLevel="1">Stressed</entry>
<entry align="left" colname="col2">1&#x00B7;84 (0&#x00B7;95)</entry>
<entry align="left" colname="col3">1&#x00B7;98 (1&#x00B7;00)</entry>
<entry align="left" colname="col4">1&#x00B7;51 (0&#x00B7;78)</entry>
<entry align="left" colname="col5">1&#x00B7;19 (0&#x00B7;57)</entry>
</row>
<row>
<entry align="left" nameend="col5" namest="col1">Novice donors</entry>
</row>
<row>
<entry align="left" colname="col1" indentLevel="1">Joyful</entry>
<entry align="left" colname="col2">3&#x00B7;35 (0&#x00B7;93)</entry>
<entry align="left" colname="col3">3&#x00B7;14 (1&#x00B7;06)</entry>
<entry align="left" colname="col4">3&#x00B7;19 (1&#x00B7;09)</entry>
<entry align="left" colname="col5">3&#x00B7;55 (1&#x00B7;03)</entry>
</row>
<row>
<entry align="left" colname="col1" indentLevel="1">Proud</entry>
<entry align="left" colname="col2">3&#x00B7;36 (1&#x00B7;01)</entry>
<entry align="left" colname="col3">3&#x00B7;18 (1&#x00B7;09)</entry>
<entry align="left" colname="col4">3&#x00B7;28 (1&#x00B7;12)</entry>
<entry align="left" colname="col5">3&#x00B7;55 (1&#x00B7;10)</entry>
</row>
<row>
<entry align="left" colname="col1" indentLevel="1">Sad</entry>
<entry align="left" colname="col2">1&#x00B7;16 (0&#x00B7;44)</entry>
<entry align="left" colname="col3">1&#x00B7;10 (0&#x00B7;37)</entry>
<entry align="left" colname="col4">1&#x00B7;07 (0&#x00B7;31)</entry>
<entry align="left" colname="col5">1&#x00B7;08 (0&#x00B7;32)</entry>
</row>
<row>
<entry align="left" colname="col1" indentLevel="1">Scared</entry>
<entry align="left" colname="col2">1&#x00B7;36 (0&#x00B7;65)</entry>
<entry align="left" colname="col3">1&#x00B7;40 (0&#x00B7;73)</entry>
<entry align="left" colname="col4">1&#x00B7;24 (0&#x00B7;56)</entry>
<entry align="left" colname="col5">1&#x00B7;05 (0&#x00B7;25)</entry>
</row>
<row>
<entry align="left" colname="col1" indentLevel="1">Stressed</entry>
<entry align="left" colname="col2">1&#x00B7;70 (0&#x00B7;84)</entry>
<entry align="left" colname="col3">1&#x00B7;76 (0&#x00B7;85)</entry>
<entry align="left" colname="col4">1&#x00B7;54 (0&#x00B7;82)</entry>
<entry align="left" colname="col5">1&#x00B7;21 (0&#x00B7;52)</entry>
</row>
</tbody>
</tgroup>
</table>
</tabular>
<p>We also plan to model how reported emotional experience predicts donor return. Specifically, we aim to identify which emotions at which time&#x2010;point undermine the likelihood of return or appear to motivate return. We will integrate other aspects of donor experience (e.g. vasovagal reactions, TPB constructs) into our models.</p>
<p>To our knowledge, this study is the first of its kind in asking donors to document their immediate emotional experience live throughout the donation process. While logistically complex to conduct, this study will produce findings that we hope will shed light upon donor emotional experience. Further, findings from this study will enable design and evaluation of innovative interventions and recruitment strategies. For example, one approach might be to leverage understanding of emotion regulation dynamics <link href="#voxs12385-bib-0042"/> to design in&#x2010;centre interventions aimed towards amplifying those emotional states identified as promoting return while dampening emotional states that deter return. Such an approach fills recent &#x2018;calls to action&#x2019; for applied research on the efficacy of so&#x2010;called positive interventions <link href="#voxs12385-bib-0043"/>. As such, this research not only augments understanding of donors&#x0027; in situ experience, but will also lead to theory&#x2010; and evidence&#x2010;based retention strategies.</p>
</section>
<section xml:id="voxs12385-sec-0008">
<title type="main">The TED approach: recommendations for researchers</title>
<p>Our initial experiences with deploying the TED approach reinforce our belief in the importance of emotion to blood donation. Such experiences have also provided insights regarding how best to implement the TED approach. Here, we suggest practical tips for those wishing to explore the nature and impact of emotional experience in the blood donation context, being mindful that variations may emerge as a function of cultural orientation (see <link href="#voxs12385-bib-0044 #voxs12385-bib-0045"/> for reviews).</p>
<p>First, we note the need for careful and precise measurement of emotion constructs. We advise against grouping different emotions of the same valence (e.g. fear, regret and guilt) under umbrella constructs such as &#x2018;negative affect&#x2019;. Doing so may gloss over potentially differentiated functions of these emotions. For example, fear may motivate avoidance of blood donation <link href="#voxs12385-bib-0046"/> whereas anticipatory guilt may motivate donation <link href="#voxs12385-bib-0029"/>. Further, researchers should be mindful of item selection, given recent calls to avoid &#x2018;impromptu&#x2019; scales <link href="#voxs12385-bib-0047"/>. To this end, researchers should note availability of a valid and reliable measure of state anxiety in the blood donation context <link href="#voxs12385-bib-0048"/>.</p>
<p>Further, we highlight the need to carefully consider phrasing and timing of self&#x2010;reported emotional experience measures. Researchers may opt to measure donors&#x0027; immediate emotion experience (e.g. &#x2018;How [<i>emotion adjective</i>] do you feel right now?&#x2019;), anticipatory emotional experience (e.g. &#x2018;How [<i>emotion adjective</i>] do you anticipate feeling if you were to donate again in the future?&#x2019;) and&#x002F;or reflective emotion experience (e.g. &#x2018;How [<i>emotion adjective</i>] do you remember feeling during your last donation?&#x2019;). Further, emotional experience can be assessed across the time&#x2010;course. Anticipatory emotional experience during a future donation can be assessed in the immediate context of a current donation. Researchers adopting a TED approach should thus be mindful of time&#x2010;course aspects of both phrasing and measurement timing.</p>
<p>For those wishing to measure emotion within the immediate context of blood donation, donor&#x2010;to&#x2010;donor and day&#x2010;to&#x2010;day variation in time spent at a venue can present challenges. For example, plasma phlebotomy takes longer than whole blood phlebotomy; predonation interviews are longer for new than prior donors. Waiting times can vary substantially, from a few minutes to much longer. While these different experiences all reflect routine ebb and flow of a donation centre, these varying times present a challenge to practically assessing immediate emotional experience at donation venues. Researchers should be mindful of this variation and consider both event&#x2010;contingent responding (as we did in the study reported above) and time&#x2010;contingent responding (for instance, requesting reports of emotional experience repeatedly after a set interval of time). Such variation also highlights the need for researchers to be attentive to the simultaneous, and perhaps interactive, impact of cognitive constructs alongside emotional experience in determining donor behaviour.</p>
<p>Finally, we wish to note challenges that might arise for researchers interested in emotional experience during the period between donations, when donors are moving away from a prior and towards a next donation. It is important to recognize that the duration of that period will vary donor&#x2010;to&#x2010;donor. While some donors may return promptly at the end of the mandatory deferral period, others may wait months or years, or indeed never return at all. The end of the mandatory deferral period in and of itself might be a poignant temporal marker for donors, who may report an uptick in anticipated emotion intensity as the possibility of return looms. We suggest that researchers be mindful of this and consider modelling emotion dynamics differentially for donors with shorter vs. longer time to return, and again separately for those who fail to return.</p>
</section>
<section xml:id="voxs12385-sec-0009">
<title type="main">The TED approach: a vision for practical implementation</title>
<p>In addition to contributing to our basic understanding of the psychology of blood donation, findings from the TED approach carry promise for implementation of best practice procedures by blood collection agencies. Here, we outline how a TED approach might inform effective donor communication strategies as well as interventions, both aimed at increasing donor recruitment and retention.</p>
<p>With regard to communication strategies, blood collection agencies have numerous points of contact with their donors, ranging from appointment reminders to SMS messages informing donors that their donation has been issued to requests for return donation. Complementing these time&#x2010;based points of contact, agencies also communicate messages broadly via traditional media outlets (e.g. television advertisements) and social media (e.g. Facebook, Twitter). Leveraging findings from the TED approach, each of these communications might be designed with emotional experience in mind. There is a growing body of research that corroborates the utility of this endeavour. Ferguson and colleagues <link href="#voxs12385-bib-0013"/> suggested that marketing campaigns should avoid imagery such as needles and blood, as they might trigger anticipatory anxiety, and so undermine motivation to donate. Communications can also be proactive; brochures (e.g. <link href="#voxs12385-bib-0049"/>), websites (e.g. <link href="#voxs12385-bib-0050"/>) and videos (e.g. <link href="#voxs12385-bib-0051"/>) designed to facilitate coping with such negative anticipatory experiences not only reduce feelings of anxiety but also promote donation.</p>
<p>The TED approach gives rise to the promise of an empirically backed donor communication strategy tailored to where a given donor is in the time&#x2010;course. One particular area of focus from an operational point of view is during appointment booking. Past research has revealed an intention&#x2010;behaviour gap, whereby individuals make a donation appointment but fail to present. Brochures and&#x002F;or phone calls addressing negative predonation emotions are effective in closing this gap <link href="#voxs12385-bib-0039 #voxs12385-bib-0052"/>. Another key time&#x2010;point for strategic communication may be the end of the mandatory deferral period, as noted above.</p>
<p>With regard to interventions, we are excited by the potential for findings from the TED approach to guide development of retention strategies. As noted, our in&#x2010;centre study of immediate emotional experience will identify emotions that predict donor return &#x2013; thus enabling development of specific interventions for use with donors at critical time&#x2010;points. Such interventions might range from video&#x2010;based interventions, to scripts to be delivered by donation centre staff, to materials delivered by mobile technology platforms (e.g. donors&#x0027; own smartphones) &#x2013; all of which can be deployed at particular time&#x2010;points to maximize efficacy.</p>
<p>Another practical application afforded by a TED approach may be development of interventions catered to donors at risk of lapse. Longitudinal studies of donors&#x0027; reflective and anticipatory emotions (and subsequent donation behaviour) carry potential to identify the critical time at which intervention may prevent lapse. This knowledge can be translated into strategies whereby blood collection agencies deploy emotion&#x2010;oriented, and carefully timed interventions. Past research suggests the efficacy of such an approach with anticipatory emotions: donors asked to consider anticipated regret upon not donating and positive self&#x2010;image upon donating returned at higher rates than those not asked to consider such states <link href="#voxs12385-bib-0053"/>. We are enthused at the prospect of developing effective donor retention interventions, a possibility made more realistic by the TED approach.</p>
</section>
<section xml:id="voxs12385-sec-0010">
<title type="main">Coda</title>
<p>Drawing on the promising findings established by prior research on donor emotional experience, we propose the Time&#x2010;course of Emotion in Donation (TED) approach. The TED approach carries promise of identifying not only <i>which</i> emotional experiences impact donor behaviour, but also <i>when</i> they arise. It is our hope that the TED approach will inspire researchers to consider not only donors&#x0027; immediate, anticipatory or reflective emotions, but also the dynamics among these states. As noted, such research presents several empirical and logistical challenges &#x2013; but we feel that rising to such challenges will yield findings that will, in turn, serve to inform development of effective methods for increasing donor retention.</p>
</section>
<section type="acknowledgments" xml:id="voxs12385-sec-0011">
<title type="main">Acknowledgements</title>
<p>All authors made substantial contributions to this manuscript, including research design as well as data acquisition, analysis, and interpretation. The authors have no competing interests. This research was supported by a grant from the Australian Research Council (LP140100034) and contributions from the Australian Red Cross Blood Service. Australian governments fund the Australian Red Cross Blood Service for the provision of blood, blood products and services to the Australian community.</p>
</section>
<bibliography cited="yes" style="numbered" xml:id="voxs12385-bibl-0001">
<title type="main">References</title>
<bib xml:id="voxs12385-bib-0001">
<citation type="journal" xml:id="voxs12385-cit-0001"><author><familyName>Greinacher</familyName> <givenNames>A</givenNames></author>, <author><familyName>Weitmann</familyName> <givenNames>K</givenNames></author>, <author><familyName>Lebsa</familyName> <givenNames>A</givenNames></author>, <i>et al</i>.: <articleTitle>A population&#x2010;based longitudinal study on the implications of demographics on future blood supply</articleTitle>. <journalTitle>Transfusion</journalTitle> <pubYear year="2016">2016</pubYear>; <vol>56</vol>:<pageFirst>986</pageFirst>&#x2013;<pageLast>2994</pageLast></citation>
</bib>
<bib xml:id="voxs12385-bib-0002">
<citation type="journal" xml:id="voxs12385-cit-0002"><author><familyName>Godin</familyName> <givenNames>G</givenNames></author>, <author><familyName>V&#x00E9;zina&#x2010;Im</familyName> <givenNames>L&#x2010;A</givenNames></author>, <author><familyName>B&#x00E9;langer&#x2010;Gravel</familyName> <givenNames>A</givenNames></author>, <i>et al</i>.: <articleTitle>Efficacy of interventions promoting blood donation: a systematic review</articleTitle>. <journalTitle>Transfus Med Rev</journalTitle> <pubYear year="2012">2012</pubYear>; <vol>26</vol>:<pageFirst>224</pageFirst>&#x2013;<pageLast>237</pageLast></citation>
</bib>
<bib xml:id="voxs12385-bib-0003">
<citation type="book" xml:id="voxs12385-cit-0003"><author><familyName>Ferguson</familyName> <givenNames>E</givenNames></author>, <author><familyName>Masser</familyName> <givenNames>B</givenNames></author>: <chapterTitle>Emotions and pro&#x2010;sociality: lessons for blood donation</chapterTitle>; in <editor><familyName>Williams</familyName> <givenNames>DM</givenNames></editor>, <editor><familyName>Rhodes</familyName> <givenNames>RE</givenNames></editor>, <editor><familyName>Conner</familyName> <givenNames>MT</givenNames></editor> (eds): <bookTitle>Affective Determinants of Health&#x2010;Related Behavior</bookTitle>. <publisherLoc>Oxford</publisherLoc>, <publisherName>University Press</publisherName>, <pubYear year="2017">2017</pubYear></citation>
</bib>
<bib xml:id="voxs12385-bib-0004">
<citation type="book" xml:id="voxs12385-cit-0004"><author><familyName>Ferrer</familyName> <givenNames>R</givenNames></author>, <author><familyName>Klein</familyName> <givenNames>W</givenNames></author>, <author><familyName>Lerner</familyName> <givenNames>J</givenNames></author>, <i>et al</i>.: <chapterTitle>Emotions and health decision making: extending the appraisal tendency framework to improve health and healthcare</chapterTitle>, in <editor><familyName>Roberto</familyName> <givenNames>CA</givenNames></editor>, <editor><familyName>Kawachi</familyName> <givenNames>I</givenNames></editor> (eds): <bookTitle>Behavioral Economics and Public Health</bookTitle>. <publisherLoc>Oxford</publisherLoc>, <publisherName>University Press</publisherName>, <pubYear year="2015">2015</pubYear></citation>
</bib>
<bib xml:id="voxs12385-bib-0005">
<citation type="journal" xml:id="voxs12385-cit-0005"><author><familyName>O&#x0027;Connor</familyName> <givenNames>D</givenNames></author>, <author><familyName>O&#x0027;Connor</familyName> <givenNames>R</givenNames></author>, <author><familyName>Shepherd</familyName> <givenNames>L</givenNames></author>, <i>et al</i>.: <articleTitle>Emotions and health</articleTitle>. <journalTitle>Eur Health Psychol</journalTitle> <pubYear year="2016">2016</pubYear>; <vol>18</vol>:<pageFirst>297</pageFirst></citation>
</bib>
<bib xml:id="voxs12385-bib-0006">
<citation type="journal" xml:id="voxs12385-cit-0006"><author><familyName>Williams</familyName> <givenNames>DM</givenNames></author>, <author><familyName>Evans</familyName> <givenNames>DR</givenNames></author>: <articleTitle>Current emotion research in health behavior science</articleTitle>. <journalTitle>Emot Rev</journalTitle> <pubYear year="2014">2014</pubYear>; <vol>6</vol>:<pageFirst>277</pageFirst>&#x2013;<pageLast>287</pageLast></citation>
</bib>
<bib xml:id="voxs12385-bib-0007">
<citation type="journal" xml:id="voxs12385-cit-0007"><author><familyName>Piliavin</familyName> <givenNames>JA</givenNames></author>, <author><familyName>Callero</familyName> <givenNames>PL</givenNames></author>, <author><familyName>Evans</familyName> <givenNames>DE</givenNames></author>: <articleTitle>Addiction to altruism? Opponent&#x2010;process theory and habitual blood donation</articleTitle> <journalTitle>J Pers Soc Psychol</journalTitle> <pubYear year="1982">1982</pubYear>; <vol>43</vol>:<pageFirst>1200</pageFirst>&#x2013;<pageLast>1213</pageLast></citation>
</bib>
<bib xml:id="voxs12385-bib-0008">
<citation type="book" xml:id="voxs12385-cit-0008"><author><familyName>Piliavin</familyName> <givenNames>JA</givenNames></author>, <author><familyName>Callero</familyName> <givenNames>PL</givenNames></author>: <bookTitle>Giving blood: the development of an altruistic identity</bookTitle>. <publisherLoc>Baltimore, MD US</publisherLoc>, <publisherName>Johns Hopkins University Press</publisherName>, <pubYear year="1991">1991</pubYear></citation>
</bib>
<bib xml:id="voxs12385-bib-0009">
<citation type="journal" xml:id="voxs12385-cit-0009"><author><familyName>Zillmer</familyName> <givenNames>EA</givenNames></author>, <author><familyName>Glidden</familyName> <givenNames>RA</givenNames></author>, <author><familyName>Honaker</familyName> <givenNames>LM</givenNames></author>, <i>et al</i>.: <articleTitle>Mood states in the volunteer blood donor</articleTitle>. <journalTitle>Transfusion</journalTitle> <pubYear year="1989">1989</pubYear>; <vol>29</vol>:<pageFirst>27</pageFirst>&#x2013;<pageLast>30</pageLast></citation>
</bib>
<bib xml:id="voxs12385-bib-0010">
<citation type="journal" xml:id="voxs12385-cit-0010"><author><familyName>Solomon</familyName> <givenNames>RL</givenNames></author>: <articleTitle>The opponent&#x2010;process theory of acquired motivation: the costs of pleasure and the benefits of pain</articleTitle>. <journalTitle>Am Psychol</journalTitle> <pubYear year="1980">1980</pubYear>; <vol>35</vol>:<pageFirst>691</pageFirst>&#x2013;<pageLast>712</pageLast></citation>
</bib>
<bib xml:id="voxs12385-bib-0011">
<citation type="journal" xml:id="voxs12385-cit-0011"><author><familyName>Ferguson</familyName> <givenNames>E</givenNames></author>: <articleTitle>Predictors of future behaviour: a review of the psychological literature on blood donation</articleTitle>. <journalTitle>Br J Health Psychol</journalTitle> <pubYear year="1996">1996</pubYear>; <vol>1</vol>:<pageFirst>287</pageFirst>&#x2013;<pageLast>308</pageLast></citation>
</bib>
<bib xml:id="voxs12385-bib-0012">
<citation type="journal" xml:id="voxs12385-cit-0012"><author><familyName>Ferguson</familyName> <givenNames>E</givenNames></author>, <author><familyName>Singh</familyName> <givenNames>AP</givenNames></author>, <author><familyName>Cunningham&#x2010;Snell</familyName> <givenNames>N</givenNames></author>: <articleTitle>Stress and blood donation: effects of music and previous donation experience</articleTitle>. <journalTitle>Br J Psychol</journalTitle> <pubYear year="1997">1997</pubYear>; <vol>88</vol>:<pageFirst>277</pageFirst>&#x2013;<pageLast>294</pageLast></citation>
</bib>
<bib xml:id="voxs12385-bib-0013">
<citation type="journal" xml:id="voxs12385-cit-0013"><author><familyName>Ferguson</familyName> <givenNames>E</givenNames></author>, <author><familyName>France</familyName> <givenNames>CR</givenNames></author>, <author><familyName>Abraham</familyName> <givenNames>C</givenNames></author>, <i>et al</i>.: <articleTitle>Improving blood donor recruitment and retention: integrating theoretical advances from social and behavioral science research agendas</articleTitle>. <journalTitle>Transfusion</journalTitle> <pubYear year="2007">2007</pubYear>;<vol>47</vol>:<pageFirst>1999</pageFirst>&#x2013;<pageLast>2010</pageLast></citation>
</bib>
<bib xml:id="voxs12385-bib-0014">
<citation type="journal" xml:id="voxs12385-cit-0014"><author><familyName>Ajzen</familyName> <givenNames>I</givenNames></author>: <articleTitle>The theory of planned behavior</articleTitle>. <journalTitle>Organ Behav Hum Decis Process</journalTitle> <pubYear year="1991">1991</pubYear>; <vol>50</vol>:<pageFirst>179</pageFirst>&#x2013;<pageLast>211</pageLast></citation>
</bib>
<bib xml:id="voxs12385-bib-0015">
<citation type="journal" xml:id="voxs12385-cit-0015"><author><familyName>Masser</familyName> <givenNames>BM</givenNames></author>, <author><familyName>White</familyName> <givenNames>KM</givenNames></author>, <author><familyName>Terry</familyName> <givenNames>DJ</givenNames></author>: <articleTitle>Beliefs underlying the intention to donate again among first&#x2010;time blood donors who experience a mild adverse event</articleTitle>. <journalTitle>Transfus Apher Sci</journalTitle> <pubYear year="2013">2013</pubYear>; <vol>49</vol>:<pageFirst>278</pageFirst>&#x2013;<pageLast>284</pageLast></citation>
</bib>
<bib xml:id="voxs12385-bib-0016">
<citation type="journal" xml:id="voxs12385-cit-0016"><author><familyName>Masser</familyName> <givenNames>BM</givenNames></author>, <author><familyName>White</familyName> <givenNames>KM</givenNames></author>, <author><familyName>Hyde</familyName> <givenNames>MK</givenNames></author>, <i>et al</i>.: <articleTitle>Predicting blood donation intentions and behavior among Australian blood donors: testing an extended theory of planned behavior model</articleTitle>. <journalTitle>Transfusion</journalTitle> <pubYear year="2009">2009</pubYear>; <vol>49</vol>:<pageFirst>320</pageFirst>&#x2013;<pageLast>329</pageLast></citation>
</bib>
<bib xml:id="voxs12385-bib-0017">
<citation type="journal" xml:id="voxs12385-cit-0017"><author><familyName>Robinson</familyName> <givenNames>NG</givenNames></author>, <author><familyName>Masser</familyName> <givenNames>BM</givenNames></author>, <author><familyName>White</familyName> <givenNames>KM</givenNames></author>, <i>et al</i>.: <articleTitle>Predicting intentions to donate blood among nondonors in Australia: an extended theory of planned behavior</articleTitle>. <journalTitle>Transfusion</journalTitle> <pubYear year="2008">2008</pubYear>; <vol>48</vol>:<pageFirst>2559</pageFirst>&#x2013;<pageLast>2567</pageLast></citation>
</bib>
<bib xml:id="voxs12385-bib-0018">
<citation type="journal" xml:id="voxs12385-cit-0018"><author><familyName>Godin</familyName> <givenNames>G</givenNames></author>, <author><familyName>Conner</familyName> <givenNames>M</givenNames></author>, <author><familyName>Sheeran</familyName> <givenNames>P</givenNames></author>, <i>et al</i>.: <articleTitle>Determinants of repeated blood donation among new and experienced blood donors</articleTitle>. <journalTitle>Transfusion</journalTitle> <pubYear year="2007">2007</pubYear>; <vol>47</vol>:<pageFirst>1607</pageFirst>&#x2013;<pageLast>1615</pageLast></citation>
</bib>
<bib xml:id="voxs12385-bib-0019">
<citation type="journal" xml:id="voxs12385-cit-0019"><author><familyName>Veldhuizen</familyName> <givenNames>I</givenNames></author>, <author><familyName>Ferguson</familyName> <givenNames>E</givenNames></author>, <author><familyNamePrefix>de</familyNamePrefix> <familyName>Kort</familyName> <givenNames>W</givenNames></author>, <i>et al</i>.: <articleTitle>Exploring the dynamics of the theory of planned behavior in the context of blood donation: does donation experience make a difference?</articleTitle> <journalTitle>Transfusion</journalTitle> <pubYear year="2011">2011</pubYear>; <vol>51</vol>:<pageFirst>2425</pageFirst>&#x2013;<pageLast>2437</pageLast></citation>
</bib>
<bib xml:id="voxs12385-bib-0020">
<citation type="journal" xml:id="voxs12385-cit-0020"><author><familyName>Lemmens</familyName> <givenNames>KPH</givenNames></author>, <author><familyName>Abraham</familyName> <givenNames>C</givenNames></author>, <author><familyName>Hoekstra</familyName> <givenNames>T</givenNames></author>, <i>et al</i>.: <articleTitle>Why don&#x0027;t young people volunteer to give blood? An investigation of the correlates of donation intentions among young nondonors</articleTitle>. <journalTitle>Transfusion</journalTitle> <pubYear year="2005">2005</pubYear>; <vol>45</vol>:<pageFirst>945</pageFirst>&#x2013;<pageLast>955</pageLast></citation>
</bib>
<bib xml:id="voxs12385-bib-0021">
<citation type="journal" xml:id="voxs12385-cit-0021"><author><familyName>Newman</familyName> <givenNames>K</givenNames></author>, <author><familyName>Pyne</familyName> <givenNames>T</givenNames></author>: <articleTitle>Service quality and blood donors &#x2014; a marketing perspective</articleTitle>. <journalTitle>J Mark Manage</journalTitle> <pubYear year="1997">1997</pubYear>; <vol>13</vol>:<pageFirst>579</pageFirst>&#x2013;<pageLast>599</pageLast></citation>
</bib>
<bib xml:id="voxs12385-bib-0022">
<citation type="journal" xml:id="voxs12385-cit-0022"><author><familyName>Wagner</familyName> <givenNames>TR</givenNames></author>, <author><familyName>Manolis</familyName> <givenNames>C</givenNames></author>: <articleTitle>The fear associated with blood and organ donation: an explication of fright and anxiety</articleTitle>. <journalTitle>Prog Transplant</journalTitle> <pubYear year="2012">2012</pubYear>; <vol>22</vol>:<pageFirst>200</pageFirst>&#x2013;<pageLast>206</pageLast></citation>
</bib>
<bib xml:id="voxs12385-bib-0023">
<citation type="journal" xml:id="voxs12385-cit-0023"><author><familyName>Zito</familyName> <givenNames>E</givenNames></author>, <author><familyName>Alfieri</familyName> <givenNames>S</givenNames></author>, <author><familyName>Marconi</familyName> <givenNames>M</givenNames></author>, <i>et al</i>.: <articleTitle>Adolescents and blood donation: motivations, hurdles and possible recruitment strategies</articleTitle>. <journalTitle>Blood Transfus</journalTitle> <pubYear year="2012">2012</pubYear>; <vol>10</vol>:<pageFirst>45</pageFirst>&#x2013;<pageLast>58</pageLast></citation>
</bib>
<bib xml:id="voxs12385-bib-0024">
<citation type="journal" xml:id="voxs12385-cit-0024"><author><familyName>Mathew</familyName> <givenNames>SM</givenNames></author>, <author><familyName>King</familyName> <givenNames>MR</givenNames></author>, <author><familyName>Glynn</familyName> <givenNames>SA</givenNames></author>, <i>et al</i>.: <articleTitle>Opinions about donating blood among those who never gave and those who stopped: a focus group assessment</articleTitle>. <journalTitle>Transfusion</journalTitle> <pubYear year="2007">2007</pubYear>; <vol>47</vol>:<pageFirst>729</pageFirst>&#x2013;<pageLast>735</pageLast></citation>
</bib>
<bib xml:id="voxs12385-bib-0025">
<citation type="journal" xml:id="voxs12385-cit-0025"><author><familyName>Beerli&#x2010;Palacio</familyName> <givenNames>A</givenNames></author>, <author><familyName>Mart&#x00ED;n&#x2010;Santana</familyName> <givenNames>JD</givenNames></author>: <articleTitle>Model explaining the predisposition to donate blood from the social marketing perspective</articleTitle>. <journalTitle>Int J Nonprofit Volunt</journalTitle> <pubYear year="2009">2009</pubYear>; <vol>14</vol>:<pageFirst>205</pageFirst>&#x2013;<pageLast>214</pageLast></citation>
</bib>
<bib xml:id="voxs12385-bib-0026">
<citation type="journal" xml:id="voxs12385-cit-0026"><author><familyName>Sojka</familyName> <givenNames>BN</givenNames></author>, <author><familyName>Sojka</familyName> <givenNames>P</givenNames></author>: <articleTitle>The blood donation experience: self&#x2010;reported motives and obstacles for donating blood</articleTitle>. <journalTitle>Vox Sang</journalTitle> <pubYear year="2008">2008</pubYear>; <vol>94</vol>:<pageFirst>56</pageFirst>&#x2013;<pageLast>63</pageLast></citation>
</bib>
<bib xml:id="voxs12385-bib-0027">
<citation type="journal" xml:id="voxs12385-cit-0027"><author><familyName>Veldhuizen</familyName> <givenNames>I</givenNames></author>, <author><familyName>Van Dongen</familyName> <givenNames>A</givenNames></author>: <articleTitle>Motivational differences between whole blood and plasma donors already exist before their first donation experience</articleTitle>. <journalTitle>Transfusion</journalTitle> <pubYear year="2013">2013</pubYear>; <vol>53</vol>:<pageFirst>1678</pageFirst>&#x2013;<pageLast>1686</pageLast></citation>
</bib>
<bib xml:id="voxs12385-bib-0028">
<citation type="journal" xml:id="voxs12385-cit-0028"><author><familyName>Breckler</familyName> <givenNames>SJ</givenNames></author>: <articleTitle>Memory for the experience of donating blood: just how bad was it?</articleTitle> <journalTitle>Basic Appl Soc Psychol</journalTitle> <pubYear year="1994">1994</pubYear>; <vol>15</vol>:<pageFirst>467</pageFirst>&#x2013;<pageLast>488</pageLast></citation>
</bib>
<bib xml:id="voxs12385-bib-0029">
<citation type="journal" xml:id="voxs12385-cit-0029"><author><familyName>Renner</familyName> <givenNames>S</givenNames></author>, <author><familyName>Lindenmeier</familyName> <givenNames>J</givenNames></author>, <author><familyName>Tscheulin</familyName> <givenNames>DK</givenNames></author>, <i>et al</i>.: <articleTitle>Guilt appeals and prosocial behavior: an experimental analysis of the effects of anticipatory versus reactive guilt appeals on the effectiveness of blood donor appeals</articleTitle>. <journalTitle>J Nonprofit Public Sect Mark</journalTitle> <pubYear year="2013">2013</pubYear>; <vol>25</vol>:<pageFirst>237</pageFirst>&#x2013;<pageLast>255</pageLast></citation>
</bib>
<bib xml:id="voxs12385-bib-0030">
<citation type="journal" xml:id="voxs12385-cit-0030"><author><familyName>Baumeister</familyName> <givenNames>RF</givenNames></author>, <author><familyName>Vohs</familyName> <givenNames>KD</givenNames></author>, <author><familyName>Nathan</familyName> <givenNames>DC</givenNames></author>, <i>et al</i>.: <articleTitle>How emotion shapes behavior: feedback, anticipation, and reflection, rather than direct causation</articleTitle>. <journalTitle>Pers Soc Psychol Rev</journalTitle> <pubYear year="2007">2007</pubYear>; <vol>11</vol>:<pageFirst>167</pageFirst>&#x2013;<pageLast>203</pageLast></citation>
</bib>
<bib xml:id="voxs12385-bib-0031">
<citation type="journal" xml:id="voxs12385-cit-0031"><author><familyName>Baumgartner</familyName> <givenNames>H</givenNames></author>, <author><familyName>Pieters</familyName> <givenNames>R</givenNames></author>, <author><familyName>Bagozzi</familyName> <givenNames>RP</givenNames></author>: <articleTitle>Future&#x2010;oriented emotions: conceptualization and behavioral effects</articleTitle>. <journalTitle>Eur J Soc Psychol</journalTitle> <pubYear year="2008">2008</pubYear>; <vol>38</vol>:<pageFirst>685</pageFirst>&#x2013;<pageLast>696</pageLast></citation>
</bib>
<bib xml:id="voxs12385-bib-0032">
<citation type="journal" xml:id="voxs12385-cit-0032"><author><familyName>Byrne</familyName> <givenNames>N</givenNames></author>, <author><familyName>Ditto</familyName> <givenNames>B</givenNames></author>: <articleTitle>Alexithymia, cardiovascular reactivity, and symptom reporting during blood donation</articleTitle>. <journalTitle>Psychosom Med</journalTitle> <pubYear year="2005">2005</pubYear>; <vol>67</vol>:<pageFirst>471</pageFirst>&#x2013;<pageLast>475</pageLast></citation>
</bib>
<bib xml:id="voxs12385-bib-0033">
<citation type="journal" xml:id="voxs12385-cit-0033"><author><familyName>France</familyName> <givenNames>CR</givenNames></author>, <author><familyName>France</familyName> <givenNames>JL</givenNames></author>, <author><familyName>Carlson</familyName> <givenNames>BW</givenNames></author>, <i>et al</i>.: <articleTitle>Fear of blood draws, vasovagal reactions, and retention among high school donors</articleTitle>. <journalTitle>Transfusion</journalTitle> <pubYear year="2014">2014</pubYear>; <vol>54</vol>:<pageFirst>918</pageFirst>&#x2013;<pageLast>924</pageLast></citation>
</bib>
<bib xml:id="voxs12385-bib-0034">
<citation type="journal" xml:id="voxs12385-cit-0034"><author><familyName>Hanson</familyName> <givenNames>SA</givenNames></author>, <author><familyName>France</familyName> <givenNames>CR</givenNames></author>: <articleTitle>Social support attenuates presyncopal reactions to blood donation</articleTitle>. <journalTitle>Transfusion</journalTitle> <pubYear year="2009">2009</pubYear>; <vol>49</vol>:<pageFirst>843</pageFirst>&#x2013;<pageLast>850</pageLast></citation>
</bib>
<bib xml:id="voxs12385-bib-0035">
<citation type="journal" xml:id="voxs12385-cit-0035"><author><familyName>Hinrichs</familyName> <givenNames>A</givenNames></author>, <author><familyName>Picker</familyName> <givenNames>SM</givenNames></author>, <author><familyName>Schneider</familyName> <givenNames>A</givenNames></author>, <i>et al</i>.: <articleTitle>Effect of blood donation on well&#x2010;being of blood donors</articleTitle>. <journalTitle>Transfus Med</journalTitle> <pubYear year="2008">2008</pubYear>; <vol>18</vol>:<pageFirst>40</pageFirst>&#x2013;<pageLast>48</pageLast></citation>
</bib>
<bib xml:id="voxs12385-bib-0036">
<citation type="journal" xml:id="voxs12385-cit-0036"><author><familyName>Viar</familyName> <givenNames>MA</givenNames></author>, <author><familyName>Etzel</familyName> <givenNames>EN</givenNames></author>, <author><familyName>Ciesielski</familyName> <givenNames>BG</givenNames></author>, <i>et al</i>.: <articleTitle>Disgust, anxiety, and vasovagal syncope sensations: a comparison of injection&#x2010;fearful and nonfearful blood donors</articleTitle>. <journalTitle>J Anxiety Disord</journalTitle> <pubYear year="2010">2010</pubYear>; <vol>24</vol>:<pageFirst>941</pageFirst>&#x2013;<pageLast>945</pageLast></citation>
</bib>
<bib xml:id="voxs12385-bib-0037">
<citation type="journal" xml:id="voxs12385-cit-0037"><author><familyName>France</familyName> <givenNames>CR</givenNames></author>, <author><familyName>France</familyName> <givenNames>JL</givenNames></author>, <author><familyName>Wissel</familyName> <givenNames>ME</givenNames></author>, <i>et al</i>.: <articleTitle>Donor anxiety, needle pain, and syncopal reactions combine to determine retention: a path analysis of two&#x2010;year donor return data</articleTitle>. <journalTitle>Transfusion</journalTitle> <pubYear year="2013">2013</pubYear>; <vol>53</vol>:<pageFirst>1992</pageFirst>&#x2013;<pageLast>2000</pageLast></citation>
</bib>
<bib xml:id="voxs12385-bib-0038">
<citation type="journal" xml:id="voxs12385-cit-0038"><author><familyName>Trope</familyName> <givenNames>Y</givenNames></author>, <author><familyName>Liberman</familyName> <givenNames>N</givenNames></author>: <articleTitle>Construal&#x2010;level theory of psychological distance</articleTitle>. <journalTitle>Psychol Rev</journalTitle> <pubYear year="2010">2010</pubYear>; <vol>117</vol>:<pageFirst>440</pageFirst>&#x2013;<pageLast>463</pageLast></citation>
</bib>
<bib xml:id="voxs12385-bib-0039">
<citation type="journal" xml:id="voxs12385-cit-0039"><author><familyName>Masser</familyName> <givenNames>B</givenNames></author>, <author><familyName>France</familyName> <givenNames>CR</givenNames></author>, <author><familyName>Foot</familyName> <givenNames>J</givenNames></author>, <i>et al</i>.: <articleTitle>Improving first&#x2010;time donor attendance rates through the use of enhanced donor preparation materials</articleTitle>. <journalTitle>Transfusion</journalTitle> <pubYear year="2016">2016</pubYear>; <vol>56</vol>:<pageFirst>1628</pageFirst>&#x2013;<pageLast>1635</pageLast></citation>
</bib>
<bib xml:id="voxs12385-bib-0040">
<citation type="journal" xml:id="voxs12385-cit-0040"><author><familyName>Clowes</familyName> <givenNames>R</givenNames></author>, <author><familyName>Masser</familyName> <givenNames>BM</givenNames></author>: <articleTitle>Right here, right now: the impact of the blood donation context on anxiety, attitudes, subjective norms, self&#x2010;efficacy, and intention to donate blood</articleTitle>. <journalTitle>Transfusion</journalTitle> <pubYear year="2012">2012</pubYear>; <vol>52</vol>:<pageFirst>1560</pageFirst>&#x2013;<pageLast>1565</pageLast></citation>
</bib>
<bib xml:id="voxs12385-bib-0041">
<citation type="journal" xml:id="voxs12385-cit-0041"><author><familyName>Fredrickson</familyName> <givenNames>BL</givenNames></author>, <author><familyName>Tugade</familyName> <givenNames>MM</givenNames></author>, <author><familyName>Waugh</familyName> <givenNames>CE</givenNames></author>, <i>et al</i>.: <articleTitle>What good are positive emotions in crisis? A prospective study of resilience and emotions following the terrorist attacks on the United States on September 11th, 2001</articleTitle> <journalTitle>J Pers Soc Psychol</journalTitle> <pubYear year="2003">2003</pubYear>; <vol>84</vol>:<pageFirst>365</pageFirst>&#x2013;<pageLast>376</pageLast></citation>
</bib>
<bib xml:id="voxs12385-bib-0042">
<citation type="journal" xml:id="voxs12385-cit-0042"><author><familyName>Gross</familyName> <givenNames>JJ</givenNames></author>: <articleTitle>Emotion regulation: current status and future prospects</articleTitle>. <journalTitle>Psychol Inq</journalTitle> <pubYear year="2015">2015</pubYear>; <vol>26</vol>:<pageFirst>1</pageFirst>&#x2013;<pageLast>26</pageLast></citation>
</bib>
<bib xml:id="voxs12385-bib-0043">
<citation type="journal" xml:id="voxs12385-cit-0043"><author><familyName>Quoidbach</familyName> <givenNames>J</givenNames></author>, <author><familyName>Mikolajczak</familyName> <givenNames>M</givenNames></author>, <author><familyName>Gross</familyName> <givenNames>JJ</givenNames></author>: <articleTitle>Positive interventions: an emotion regulation perspective</articleTitle>. <journalTitle>Psychol Bull</journalTitle> <pubYear year="2015">2015</pubYear>; <vol>141</vol>:<pageFirst>655</pageFirst>&#x2013;<pageLast>693</pageLast></citation>
</bib>
<bib xml:id="voxs12385-bib-0044">
<citation type="journal" xml:id="voxs12385-cit-0044"><author><familyName>Markus</familyName> <givenNames>HR</givenNames></author>, <author><familyName>Kitayama</familyName> <givenNames>S</givenNames></author>: <articleTitle>Culture and the self: implications for cognition, emotion, and motivation</articleTitle>. <journalTitle>Psychol Rev</journalTitle> <pubYear year="1991">1991</pubYear>; <vol>98</vol>:<pageFirst>224</pageFirst>&#x2013;<pageLast>253</pageLast></citation>
</bib>
<bib xml:id="voxs12385-bib-0045">
<citation type="journal" xml:id="voxs12385-cit-0045"><author><familyName>Matsumoto</familyName> <givenNames>D</givenNames></author>, <author><familyName>Yoo</familyName> <givenNames>SH</givenNames></author>, <author><familyName>Nakagawa</familyName> <givenNames>S</givenNames></author>: <articleTitle>Culture, emotion regulation, and adjustment</articleTitle>. <journalTitle>J Pers Soc Psychol</journalTitle> <pubYear year="2008">2008</pubYear>; <vol>94</vol>:<pageFirst>925</pageFirst>&#x2013;<pageLast>937</pageLast></citation>
</bib>
<bib xml:id="voxs12385-bib-0046">
<citation type="journal" xml:id="voxs12385-cit-0046"><author><familyName>Sylvers</familyName> <givenNames>P</givenNames></author>, <author><familyName>Lilienfeld</familyName> <givenNames>SO</givenNames></author>, <author><familyName>LaPrairie</familyName> <givenNames>JL</givenNames></author>: <articleTitle>Differences between trait fear and trait anxiety: implications for psychopathology</articleTitle>. <journalTitle>Clin Psychol Rev</journalTitle> <pubYear year="2011">2011</pubYear>; <vol>31</vol>:<pageFirst>122</pageFirst>&#x2013;<pageLast>137</pageLast></citation>
</bib>
<bib xml:id="voxs12385-bib-0047">
<citation type="journal" xml:id="voxs12385-cit-0047"><author><familyName>Weidman</familyName> <givenNames>AC</givenNames></author>, <author><familyName>Steckler</familyName> <givenNames>CM</givenNames></author>, <author><familyName>Tracy</familyName> <givenNames>JL</givenNames></author>: <articleTitle>The jingle and jangle of emotion assessment: imprecise measurement, casual scale usage, and conceptual fuzziness in emotion research</articleTitle>. <journalTitle>Emotion</journalTitle> <pubYear year="2017">2017</pubYear>; <vol>17</vol>:<pageFirst>267</pageFirst>&#x2013;<pageLast>295</pageLast></citation>
</bib>
<bib xml:id="voxs12385-bib-0048">
<citation type="journal" xml:id="voxs12385-cit-0048"><author><familyName>Chell</familyName> <givenNames>K</givenNames></author>, <author><familyName>Waller</familyName> <givenNames>D</givenNames></author>, <author><familyName>Masser</familyName> <givenNames>B</givenNames></author>: <articleTitle>The blood donor anxiety scale: a six&#x2010;item state anxiety measure based on the spielberger state&#x2010;trait anxiety inventory</articleTitle>. <journalTitle>Transfusion</journalTitle> <pubYear year="2016">2016</pubYear>; <vol>56</vol>:<pageFirst>1645</pageFirst>&#x2013;<pageLast>1653</pageLast></citation>
</bib>
<bib xml:id="voxs12385-bib-0049">
<citation type="journal" xml:id="voxs12385-cit-0049"><author><familyName>France</familyName> <givenNames>CR</givenNames></author>, <author><familyName>Montalva</familyName> <givenNames>R</givenNames></author>, <author><familyName>France</familyName> <givenNames>JL</givenNames></author>, <i>et al</i>.: <articleTitle>Enhancing attitudes and intentions in prospective blood donors: evaluation of a new donor recruitment brochure</articleTitle>. <journalTitle>Transfusion</journalTitle> <pubYear year="2008">2008</pubYear>; <vol>48</vol>:<pageFirst>526</pageFirst>&#x2013;<pageLast>530</pageLast></citation>
</bib>
<bib xml:id="voxs12385-bib-0050">
<citation type="journal" xml:id="voxs12385-cit-0050"><author><familyName>France</familyName> <givenNames>CR</givenNames></author>, <author><familyName>France</familyName> <givenNames>JL</givenNames></author>, <author><familyName>Kowalsky</familyName> <givenNames>JM</givenNames></author>, <i>et al</i>.: <articleTitle>A Web&#x2010;based approach to blood donor preparation</articleTitle>. <journalTitle>Transfusion</journalTitle> <pubYear year="2013">2013</pubYear>; <vol>53</vol>:<pageFirst>328</pageFirst>&#x2013;<pageLast>336</pageLast></citation>
</bib>
<bib xml:id="voxs12385-bib-0051">
<citation type="journal" xml:id="voxs12385-cit-0051"><author><familyName>France</familyName> <givenNames>CR</givenNames></author>, <author><familyName>France</familyName> <givenNames>JL</givenNames></author>, <author><familyName>Wissel</familyName> <givenNames>ME</givenNames></author>, <i>et al</i>.: <articleTitle>Enhancing blood donation intentions using multimedia donor education materials</articleTitle>. <journalTitle>Transfusion</journalTitle> <pubYear year="2011">2011</pubYear>; <vol>51</vol>:<pageFirst>1796</pageFirst>&#x2013;<pageLast>1801</pageLast></citation>
</bib>
<bib xml:id="voxs12385-bib-0052">
<citation type="journal" xml:id="voxs12385-cit-0052"><author><familyName>Wevers</familyName> <givenNames>A</givenNames></author>, <author><familyName>Wigboldus</familyName> <givenNames>DHJ</givenNames></author>, <author><familyNamePrefix>van</familyNamePrefix> <familyName>den</familyName> <givenNames>HK</givenNames></author>, <i>et al</i>.: <articleTitle>Increasing first&#x2010;time blood donation of newly registered donors using implementation intentions and explicit commitment techniques</articleTitle>. <journalTitle>Vox Sang</journalTitle> <pubYear year="2015">2015</pubYear>; <vol>108</vol>:<pageFirst>18</pageFirst>&#x2013;<pageLast>26</pageLast></citation>
</bib>
<bib xml:id="voxs12385-bib-0053">
<citation type="journal" xml:id="voxs12385-cit-0053"><author><familyName>Godin</familyName> <givenNames>G</givenNames></author>, <author><familyName>Germain</familyName> <givenNames>M</givenNames></author>, <author><familyName>Conner</familyName> <givenNames>M</givenNames></author>, <i>et al</i>.: <articleTitle>Promoting the return of lapsed blood donors: a seven&#x2010;arm randomized controlled trial of the question&#x2013;behavior effect</articleTitle>. <journalTitle>Health Psychol</journalTitle> <pubYear year="2014">2014</pubYear>; <vol>33</vol>:<pageFirst>646</pageFirst>&#x2013;<pageLast>655</pageLast></citation>
</bib>
</bibliography>
</body>
</component>
