<?xml version="1.0" encoding="US-ASCII" standalone="yes"?>
<component type="serialArticle" version="2.0" xml:id="voxs12398" xml:lang="en" xmlns="http://www.wiley.com/namespaces/wiley" xmlns:wiley="http://www.wiley.com/namespaces/wiley/wiley">
<header>
<publicationMeta level="product">
<doi origin="wiley" registered="yes">10.1111/(ISSN)1751-2824</doi>
<issn type="print">1751-2816</issn>
<issn type="electronic">1751-2824</issn>
<idGroup>
<id type="product" value="VOXS"/>
</idGroup>
<titleGroup>
<title sort="ISBT SCIENCE SERIES" type="main">ISBT Science Series</title>
<title type="short">VOXS</title>
</titleGroup>
</publicationMeta>
<publicationMeta level="part" position="10"><doi origin="wiley">10.1111/voxs.2018.13.issue-1</doi>
<titleGroup>
<title type="specialIssueTitle">27th Regional Congress of the International Society of Blood Transfusion, Copenhagen, Denmark, June 17&#x2010;21, part II</title>
</titleGroup>
<copyright ownership="thirdParty">Copyright ISBT Science Series &#x00A9; 2018 International Society of Blood Transfusion</copyright><numberingGroup><numbering type="journalVolume" number="13">13</numbering><numbering type="journalIssue">1</numbering></numberingGroup><coverDate startDate="2018-02">February 2018</coverDate>
</publicationMeta>
<publicationMeta level="unit" position="70" status="forIssue" type="reviewArticle">
<doi>10.1111/voxs.12398</doi>
<idGroup>
<id type="unit" value="VOXS12398"/>
</idGroup>
<countGroup>
<count number="12" type="pageTotal"/>
</countGroup>
<titleGroup>
<title type="articleCategory">Congress Review</title>
<title type="tocHeading1">27th Regional Congress of the International Society of Blood Transfusion, Copenhagen, Denmark, June 17&#x2010;21, part II</title>
<title type="tocHeading2">Congress Reviews</title>
</titleGroup>
<copyright ownership="thirdParty">&#x00A9; 2017 International Society of Blood Transfusion</copyright>
<eventGroup>
<event agent="SPS" date="2017-09-25" type="xmlCreated"/>
<event agent="SPS" date="2017-10-30" type="xmlCorrected"/>
</eventGroup>
<numberingGroup><numbering type="pageFirst">35</numbering><numbering type="pageLast">46</numbering></numberingGroup>
<correspondenceTo>
<lineatedText>
<line><i>Correspondence</i>: St&#x00E9;phane No&#x00EB;l, Vice&#x2010;President Production and Operations, Etablissement Fran&#x00E7;ais du Sang, 20, avenue du stade de France, 93218 La Plaine Saint&#x2010;Denis, France.</line>
<line>E&#x2010;mail: <email>stephane.noel@efs.sante.fr</email></line>
</lineatedText>
</correspondenceTo>
<linkGroup>
<link type="toTypesetVersion" href="file:voxs12398.pdf"/>
<link type="toAuthorManuscriptVersion" href="file:voxs12398_am.pdf"/>
</linkGroup>
</publicationMeta>
<contentMeta><countGroup><count type="figureTotal" number="6"/><count type="tableTotal" number="9"/><count type="wordTotal" number="7122"/></countGroup>
<titleGroup>
<title type="main">Lessons learned from Paris and Nice</title>
<title type="shortAuthors">S. No&#x00EB;l <i>et al</i>.</title>
</titleGroup>
<creators>
<creator affiliationRef="#voxs12398-aff-0001" corresponding="yes" creatorRole="author" xml:id="voxs12398-cr-0001">
<personName><givenNames>S.</givenNames> <familyName>No&#x00EB;l</familyName></personName>
<contactDetails><email>stephane.noel@efs.sante.fr</email></contactDetails>
</creator>
<creator affiliationRef="#voxs12398-aff-0002" creatorRole="author" xml:id="voxs12398-cr-0002">
<personName><givenNames>A.</givenNames> <familyName>Fran&#x00E7;ois</familyName></personName>
</creator>
<creator affiliationRef="#voxs12398-aff-0001" creatorRole="author" xml:id="voxs12398-cr-0003">
<personName><givenNames>F.</givenNames> <familyName>Le Failler</familyName></personName>
</creator>
<creator affiliationRef="#voxs12398-aff-0001" creatorRole="author" xml:id="voxs12398-cr-0004">
<personName><givenNames>F.</givenNames> <familyName>Charpentier</familyName></personName>
</creator>
<creator affiliationRef="#voxs12398-aff-0001" creatorRole="author" xml:id="voxs12398-cr-0005">
<personName><givenNames>T.</givenNames> <familyName>Baudonnet</familyName></personName>
</creator>
<creator affiliationRef="#voxs12398-aff-0002" creatorRole="author" xml:id="voxs12398-cr-0006">
<personName><givenNames>P.</givenNames> <familyName>Bierling</familyName></personName>
</creator>
<creator affiliationRef="#voxs12398-aff-0002" creatorRole="author" xml:id="voxs12398-cr-0007">
<personName><givenNames>R.</givenNames> <familyName>Djoudi</familyName></personName>
</creator>
<creator affiliationRef="#voxs12398-aff-0002" creatorRole="author" xml:id="voxs12398-cr-0008">
<personName><givenNames>F.</givenNames> <familyName>Pirenne</familyName></personName>
</creator>
<creator affiliationRef="#voxs12398-aff-0002" creatorRole="author" xml:id="voxs12398-cr-0009">
<personName><givenNames>S.</givenNames> <familyName>Killic</familyName></personName>
</creator>
<creator affiliationRef="#voxs12398-aff-0002" creatorRole="author" xml:id="voxs12398-cr-0010">
<personName><givenNames>D.</givenNames> <familyName>Benomar</familyName></personName>
</creator>
<creator affiliationRef="#voxs12398-aff-0001" creatorRole="author" xml:id="voxs12398-cr-0011">
<personName><givenNames>J.&#x2010;B.</givenNames> <familyName>Corby</familyName></personName>
</creator>
<creator affiliationRef="#voxs12398-aff-0001" creatorRole="author" xml:id="voxs12398-cr-0012">
<personName><givenNames>C.</givenNames> <familyName>Fabra</familyName></personName>
</creator>
<creator affiliationRef="#voxs12398-aff-0001" creatorRole="author" xml:id="voxs12398-cr-0013">
<personName><givenNames>C.</givenNames> <familyName>Nicou&#x00E9;</familyName></personName>
</creator>
<creator affiliationRef="#voxs12398-aff-0001" creatorRole="author" xml:id="voxs12398-cr-0014">
<personName><givenNames>M.</givenNames> <familyName>Collet</familyName></personName>
</creator>
<creator affiliationRef="#voxs12398-aff-0001" creatorRole="author" xml:id="voxs12398-cr-0015">
<personName><givenNames>N.</givenNames> <familyName>Brosius</familyName></personName>
</creator>
<creator affiliationRef="#voxs12398-aff-0001" creatorRole="author" xml:id="voxs12398-cr-0016">
<personName><givenNames>O.</givenNames> <familyName>Briat</familyName></personName>
</creator>
<creator affiliationRef="#voxs12398-aff-0001" creatorRole="author" xml:id="voxs12398-cr-0017">
<personName><givenNames>R.</givenNames> <familyName>Spinardi</familyName></personName>
</creator>
<creator affiliationRef="#voxs12398-aff-0003" creatorRole="author" xml:id="voxs12398-cr-0018">
<personName><givenNames>J.</givenNames> <familyName>Chiaroni</familyName></personName>
</creator>
<creator affiliationRef="#voxs12398-aff-0003" creatorRole="author" xml:id="voxs12398-cr-0019">
<personName><givenNames>V.</givenNames> <familyName>David</familyName></personName>
</creator>
<creator affiliationRef="#voxs12398-aff-0001" creatorRole="author" xml:id="voxs12398-cr-0020">
<personName><givenNames>F.</givenNames> <familyName>Toujas</familyName></personName>
</creator>
</creators>
<affiliationGroup>
<affiliation countryCode="FR" type="organization" xml:id="voxs12398-aff-0001"><orgName>Etablissement Fran&#x00E7;ais du Sang</orgName> <orgName>La Plaine Saint Denis</orgName> <address><country>France</country></address></affiliation>
<affiliation countryCode="FR" type="organization" xml:id="voxs12398-aff-0002"><orgName>Etablissement Fran&#x00E7;ais du Sang Ile&#x2010;de&#x2010;France</orgName> <address><city>Ivry&#x2010;sur&#x2010;Seine</city> <country>France</country></address></affiliation>
<affiliation countryCode="FR" type="organization" xml:id="voxs12398-aff-0003"><orgName>Etablissement Fran&#x00E7;ais du Sang Alpes&#x2010;M&#x00E9;diterran&#x00E9;e</orgName> <address><city>Marseille</city> <country>France</country></address></affiliation>
</affiliationGroup>
<keywordGroup type="author">
<keyword xml:id="voxs12398-kwd-0001">blood collection</keyword>
<keyword xml:id="voxs12398-kwd-0002">blood component</keyword>
<keyword xml:id="voxs12398-kwd-0003">blood production</keyword>
<keyword xml:id="voxs12398-kwd-0004">donor</keyword>
</keywordGroup>	
<abstractGroup>
<abstract type="main" xml:id="voxs12398-abs-0001" xml:lang="en">
<p>On 13 November 2015, between 9:20 pm and 00:20 am, terrorists committed several attacks in Saint&#x2010;Denis and the East Parisian districts. These attacks, claimed by the organization Islamic State, constitute the deadliest series of multisite attacks that France has experienced. The stake for the Etablissement Fran&#x00E7;ais du Sang (<fc>EFS</fc>, the French public blood service) was to face the shockwave that propagated throughout the whole establishment from the very minutes following the events, impacting all the processes and stakeholders involved in the transfusion chain, which were challenged by a massive blood donor influx as soon as 14 November 2015. This article covers the impacts of the attacks on immunohaematology and delivery activities as well as the actions that were implemented to ensure sufficient blood supply. Then, the impacts on blood component production are set out. <fc>EFS</fc> integrated organization and available stocks allowed meeting blood requirements and enabled a strong control of outdating, after unprecedented blood collections during the weeks following 13 November 2015. Lastly, the article presents <fc>EFS</fc> experience feedback of Paris attacks and of the event that occurred in Nice on 14 July 2016, which helped improve our crisis management pattern with:</p>
<p>
<list formatted="paragraph" style="A" xml:id="voxs12398-list-0001">

<listItem>
<p>Specific steps implemented in delivery facilities located in hospitals that were flooded by a large number of victims;</p>
</listItem>

<listItem>
<p>An analysis of the postattack donor population;</p>
</listItem>

<listItem>
<p>A reflection on optimal organizational schemes to face a donation influx;</p>
</listItem>

<listItem>
<p>Actions to leverage the consequences of a &#x2018;media wave&#x2019; that could potentially result in useless, excessive blood collections.</p>
</listItem>
</list>
</p>
</abstract>
</abstractGroup>
</contentMeta>
<noteGroup xml:id="voxs12398-ntgp-0101">
<note numbered="no" xml:id="voxs12398-note-1001">3A&#x2013;S01&#x2013;01</note>
</noteGroup>
</header>
<body sectionsNumbered="no" xml:id="voxs12398-body-0001">
<section xml:id="voxs12398-sec-0001">
<title type="main">Introduction</title>
<p>On 13 November 2015, in the Paris district (Ile&#x2010;de&#x2010;France region), then on 14 July 2016, in Nice, France faced a series of terrorist attacks.</p>
<p>In Saint&#x2010;Denis and Paris, there were co&#x2010;ordinated attacks under the form of suicide bombings and mass shootings, with a final death toll reaching 134 and 356 casualties.</p>
<p>These were the deadliest attacks in France since World War 2 and the deadliest in the European Union since Madrid train bombings (2004).</p>
<p>On 14 July 2016, in Nice, a lorry struck a crowd attending a fireworks show in honour of Bastille Day, killing 84 persons.</p>
<p>Business continuity in a context of war scenes and strong tensions for hospitals <link href="#voxs12398-bib-0001"/> was an important issue, as was the management of the massive influx of donors who spontaneously came to donate blood at our blood drives.</p>
<p>This article presents the way in which the Etablissement Fran&#x00E7;ais du Sang (EFS), the French public civilian blood service &#x2013; the Army blood centre (CTSA) being in charge of military operations &#x2013; dealt with these events, and the subsequent lessons learned. Feedback of Paris event helped develop measures that were activated in the framework of the Euro 2016 football championship and after the attack in Nice.</p>
</section>
<section xml:id="voxs12398-sec-0002">
<title type="main">EFS crisis organization</title>
<p>EFS is the only French civilian establishment empowered to collect, produce and deliver blood products (BPs).</p>
<p>Our organization is distinctive from the blood organizations traditionally encountered as our activities cover the whole blood transfusion chain, from donors to recipients. We insure 80&#x0025; of immunohaematology testing activities and nominative delivery of BPs.</p>
<p>This organization presents a double advantage as internal exchange mechanisms are set up to guarantee that the necessary BPs are continuously available to cover patients&#x2019; needs nationwide. In addition, our unified structure, coupled with a control of delivery processes, permits reaching virtually zero levels of outdating.</p>
<p>EFS is composed of 15 regional blood centres, supervised by La Plaine Saint&#x2010;Denis headquarters <link href="#voxs12398-bib-0002"/>.</p>
<p>The Executive Officer who is on standby is kept informed of any significant events that have or may have an impact on the institution&#x0027;s activities. He identifies serious events that could justify reinforced monitoring or actual crisis situations.</p>
<p>When warranted, a crisis unit is activated to respond to &#x2018;abnormal&#x2019; situations facing the institution.</p>
<p>The unit is responsible for implementing business continuity plans for identified events or defining the most appropriate responses to new situations, the nature or scale of which exceed the scope of existing plans.</p>
<p>Under EFS Chief Executive Officer&#x0027;s authority, the crisis unit is responsible for co&#x2010;ordinating the local blood centres&#x2019; involvement and actions related to BP production and supply to hospitals, internal or external communication and blood donors and employees&#x2019; safety. This last issue emerged strongly on the day following the attack, when a large numbers of donors were queuing at most of our blood collection sites and the authorities feared other potential attacks.</p>
<p>In a crisis situation, the CEO appoints an operational director in charge of leading the crisis unit, which is composed of four divisions:</p>
<p>
<list style="1" xml:id="voxs12398-list-0002">

<listItem>Decision&#x2010;making;</listItem>

<listItem>Situation appraisal and organization;</listItem>

<listItem>Communication;</listItem>

<listItem>Expertise and guidance.</listItem>
</list>
</p>
<p>The CEO also makes strategic decisions and interfaces with the French authorities.</p>
</section>
<section xml:id="voxs12398-sec-0003">
<title type="main">Implementation of the crisis organization after 13 November 2015 events</title>
<p>It was 9:20 pm when a suicide bomber blew himself up at the <i>Stade de France</i>, followed at 9:25 pm by the first shootings at two restaurants: the <i>Carillon</i> and the <i>Petit Cambodge,</i> in the 10th arrondissement of Paris.</p>
<p>The second explosion happened at 9:30 pm at the <i>Stade de France</i>, where a friendly football match between France and Germany was played. Three terrorists exploded in what represented the first suicide bombings in France.</p>
<p>Then, between 9:30 pm and 9:36 pm, terrorist commandos attacked two brewery bars (<i>La Bonne Bi&#x00E8;re</i> and <i>La Belle Equipe</i>), in the 11th arrondissement.</p>
<p>At 9:40 pm, an attack and hostage&#x2010;taking occurred at the <i>Bataclan</i> concert hall, where 1500 people were attending a concert of the American rock band <i>Eagles of Death Metal</i>: three jihadists opened fire on the public, before security forces neutralized the terrorists; and an explosion took place at the <i>Comptoir Voltaire</i> caf&#x00E9;, again in the 11th arrondissement.</p>
<p>The third explosion was heard at the <i>Stade de France</i> at 9:53 pm.</p>
<p>There was virtually no progressivity in the surge of EFS crisis mechanisms. The first warnings arrived simultaneously from two hospitals located near the Parisian sites of BP delivery at 9:45 pm. At 10:00 pm, EFS Ile&#x2010;de&#x2010;France regional director, after initial assessment of blood needs and potential supply concerns, alerted EFS CEO who immediately launched a national crisis unit. At 10:30 pm, the first analyses made it possible to identify critical points and to assess availability of BP stocks. At 11:15 pm, the first blood regulations were initiated at Saint&#x2010;Denis, Lariboisi&#x00E8;re and Saint&#x2010;Louis hospitals, as the first logistical problems appeared: some districts were closed by the police.</p>
<p>The national crisis unit made first contact with the <i>CORRUS</i> (health and social reception and regulation centre of the Ministry of Health), which was activated into a health crisis centre at 10:00 pm.</p>
</section>
<section xml:id="voxs12398-sec-0004">
<title type="main">Blood transfusion management for the injured</title>
<p>Managing such a situation is characterized by the uncertainty surrounding it: the duration of the event, hospitals likely to accommodate the injured and number of casualties were unknown, as were also the needs for BPs.</p>
<p>As a result of attacks near Saint&#x2010;Louis hospital, many wounded persons went to the emergency service on their own. Their spontaneous influx into hospitals that are not supposed to be on the front line required rapid adaptation of our blood stocks. This requirement for adaptability must be at the heart of crisis management organizations.</p>
<p>In this uncertain context, while our blood reserve is positioned in Ile&#x2010;de&#x2010;France, a process of cascade replenishment was quickly decided to increase blood stocks in the hospitals that were facing an influx of wounded patients. Their distribution in the Ile&#x2010;de&#x2010;France hospitals is presented in the publication by Hirsh <i>et al</i>. <link href="#voxs12398-bib-0001"/>. Dispatch centres supplied the hospitals placed under their jurisdiction. Blood transfers were also made between dispatch centres, depending on the demands made to each or the other.</p>
<p>EFS Ile&#x2010;de&#x2010;France blood centre manages 25 delivery facilities, six of which are also dispatch centres. The map in Fig. <link href="#voxs12398-fig-0001"/> shows their location in Paris and its inner suburbs.</p>
<figure xml:id="voxs12398-fig-0001">
<mediaResourceGroup>
<mediaResource alt="image" href="urn:x-wiley:17512816:media:voxs12398:voxs12398-fig-0001"/>
<mediaResource alt="image" href="image_m/voxs12398-fig-0001-m.png" mimeType="image/png" rendition="webHiRes"/>
<mediaResource alt="image" href="image_n/voxs12398-fig-0001.png" mimeType="image/png" rendition="webOriginal"/>
<mediaResource alt="image" href="image_t/voxs12398-fig-0001-t.gif" mimeType="image/gif" rendition="webLoRes"/>
</mediaResourceGroup>
<caption><fc>EFS</fc> delivery facilities in Paris and its inner suburbs.</caption>
</figure>
<p>On the morning of 13 November 2015, the Ile&#x2010;de&#x2010;France red blood cell (RBC) stocks amounted to 5160 units and the platelet stocks equalled 96 components. During the week of 13 November 2015, the stock of fresh&#x2010;frozen plasma (FFP) in Ile&#x2010;de&#x2010;France was 3187 units.</p>
<p>The overall BP inventory status at the time of the event is presented in Tables <link href="#voxs12398-tbl-0001 #voxs12398-tbl-0002 #voxs12398-tbl-0003"/>.</p>
<tabular copyright="John Wiley &#x0026; Sons, Ltd" xml:id="voxs12398-tbl-0001">
<title type="main">Ile&#x2010;de&#x2010;France and national RBC stocks on 13 November 2015</title>
<table colsep="0" frame="topbot" pgwide="1" rowsep="0">
<tgroup cols="17">
<colspec colname="col1" colnum="1" colsep="0"></colspec>
<colspec colname="col2" colnum="2" colsep="0"></colspec>
<colspec colname="col3" colnum="3" colsep="0"></colspec>
<colspec colname="col4" colnum="4" colsep="0"></colspec>
<colspec colname="col5" colnum="5" colsep="0"></colspec>
<colspec colname="col6" colnum="6" colsep="0"></colspec>
<colspec colname="col7" colnum="7" colsep="0"></colspec>
<colspec colname="col8" colnum="8" colsep="0"></colspec>
<colspec colname="col9" colnum="9" colsep="0"></colspec>
<colspec colname="col10" colnum="10" colsep="0"></colspec>
<colspec colname="col11" colnum="11" colsep="0"></colspec>
<colspec colname="col12" colnum="12" colsep="0"></colspec>
<colspec colname="col13" colnum="13" colsep="0"></colspec>
<colspec colname="col14" colnum="14" colsep="0"></colspec>
<colspec colname="col15" colnum="15" colsep="0"></colspec>
<colspec colname="col16" colnum="16" colsep="0"></colspec>
<colspec colname="col17" colnum="17" colsep="0"></colspec>
<thead valign="top">
<row rowsep="1">
<entry align="left" colname="col1" morerows="1"></entry>
<entry align="left" nameend="col3" namest="col2" rowsep="1">A&#x002B;</entry>
<entry align="left" nameend="col5" namest="col4" rowsep="1">A&#x2212;</entry>
<entry align="left" nameend="col7" namest="col6" rowsep="1">O&#x002B;</entry>
<entry align="left" nameend="col9" namest="col8" rowsep="1">O&#x2212;</entry>
<entry align="left" nameend="col11" namest="col10" rowsep="1">B&#x002B;</entry>
<entry align="left" nameend="col13" namest="col12" rowsep="1">B&#x2212;</entry>
<entry align="left" nameend="col15" namest="col14">AB&#x002B;</entry>
<entry align="left" nameend="col17" namest="col16" rowsep="1">AB&#x2212;</entry>
</row>
<row rowsep="1">
<entry align="left" colname="col2">Units<link href="#voxs12398-note-0001">&#x002A;</link></entry>
<entry align="left" colname="col3">Days<link href="#voxs12398-note-0001">&#x002A;&#x002A;</link></entry>
<entry align="left" colname="col4">Units</entry>
<entry align="left" colname="col5">Days</entry>
<entry align="left" colname="col6">Units</entry>
<entry align="left" colname="col7">Days</entry>
<entry align="left" colname="col8">Units</entry>
<entry align="left" colname="col9">Days</entry>
<entry align="left" colname="col10">Units</entry>
<entry align="left" colname="col11">Days</entry>
<entry align="left" colname="col12">Units</entry>
<entry align="left" colname="col13">Days</entry>
<entry align="left" colname="col14">Units</entry>
<entry align="left" colname="col15">Days</entry>
<entry align="left" colname="col16">Units</entry>
<entry align="left" colname="col17">Days</entry>
</row>
</thead>
<tbody>
<row>
<entry align="left" colname="col1">Ile&#x2010;de&#x2010;France</entry>
<entry align="left" colname="col2">5160</entry>
<entry align="left" colname="col3">12</entry>
<entry align="left" colname="col4">832</entry>
<entry align="left" colname="col5">10</entry>
<entry align="left" colname="col6">4554</entry>
<entry align="left" colname="col7">10</entry>
<entry align="left" colname="col8">855</entry>
<entry align="left" colname="col9">8</entry>
<entry align="left" colname="col10">1083</entry>
<entry align="left" colname="col11">11</entry>
<entry align="left" colname="col12">260</entry>
<entry align="left" colname="col13">11</entry>
<entry align="left" colname="col14">175</entry>
<entry align="left" colname="col15">10</entry>
<entry align="left" colname="col16">80</entry>
<entry align="left" colname="col17">22</entry>
</row>
<row>
<entry align="left" colname="col1">National</entry>
<entry align="left" colname="col2">30 657</entry>
<entry align="left" colname="col3">13</entry>
<entry align="left" colname="col4">5375</entry>
<entry align="left" colname="col5">10</entry>
<entry align="left" colname="col6">28 489</entry>
<entry align="left" colname="col7">11</entry>
<entry align="left" colname="col8">6952</entry>
<entry align="left" colname="col9">10</entry>
<entry align="left" colname="col10">5771</entry>
<entry align="left" colname="col11">12</entry>
<entry align="left" colname="col12">1076</entry>
<entry align="left" colname="col13">10</entry>
<entry align="left" colname="col14">1342</entry>
<entry align="left" colname="col15">11</entry>
<entry align="left" colname="col16">355</entry>
<entry align="left" colname="col17">12</entry>
</row>
</tbody>
</tgroup>
</table>
<noteGroup xml:id="voxs12398-ntgp-0001">
<note numbered="no" xml:id="voxs12398-note-0001">
<p>RBC stocks are expressed in number of units&#x002A; or number of days&#x002A;&#x002A; (assessed on the basis of the average demand for each phenotype).</p>
</note>
</noteGroup>
</tabular>
<tabular copyright="John Wiley &#x0026; Sons, Ltd" xml:id="voxs12398-tbl-0002">
<title type="main">Ile&#x2010;de&#x2010;France and national Platelet stocks on 13 November 2015</title>
<table colsep="0" frame="topbot" pgwide="1" rowsep="0">
<tgroup cols="6">
<colspec colname="col1" colnum="1" colsep="0"></colspec>
<colspec colname="col2" colnum="2" colsep="0"></colspec>
<colspec colname="col3" colnum="3" colsep="0"></colspec>
<colspec colname="col4" colnum="4" colsep="0"></colspec>
<colspec colname="col5" colnum="5" colsep="0"></colspec>
<colspec colname="col6" colnum="6" colsep="0"></colspec>
<thead valign="top">
<row rowsep="1">
<entry align="left" colname="col1"></entry>
<entry align="left" colname="col2">A</entry>
<entry align="left" colname="col3">AB</entry>
<entry align="left" colname="col4">B</entry>
<entry align="left" colname="col5">O</entry>
<entry align="left" colname="col6">Total</entry>
</row>
</thead>
<tbody>
<row>
<entry align="left" colname="col1">Ile&#x2010;de&#x2010;France</entry>
<entry align="left" colname="col2">96</entry>
<entry align="left" colname="col3">10</entry>
<entry align="left" colname="col4">26</entry>
<entry align="left" colname="col5">107</entry>
<entry align="left" colname="col6">239</entry>
</row>
<row>
<entry align="left" colname="col1">National</entry>
<entry align="left" colname="col2">609</entry>
<entry align="left" colname="col3">12</entry>
<entry align="left" colname="col4">77</entry>
<entry align="left" colname="col5">626</entry>
<entry align="left" colname="col6">1324</entry>
</row>
</tbody>
</tgroup>
</table>
<noteGroup xml:id="voxs12398-ntgp-0002">
<note numbered="no" xml:id="voxs12398-note-0002">
<p>Platelet stocks are expressed in number of components.</p>
</note>
</noteGroup>
</tabular>
<tabular copyright="John Wiley &#x0026; Sons, Ltd" xml:id="voxs12398-tbl-0003">
<title type="main">Ile&#x2010;de&#x2010;France and national FFP stocks in the week of 13 November 2015</title>
<table colsep="0" frame="topbot" pgwide="1" rowsep="0">
<tgroup cols="6">
<colspec colname="col1" colnum="1" colsep="0"></colspec>
<colspec colname="col2" colnum="2" colsep="0"></colspec>
<colspec colname="col3" colnum="3" colsep="0"></colspec>
<colspec colname="col4" colnum="4" colsep="0"></colspec>
<colspec colname="col5" colnum="5" colsep="0"></colspec>
<colspec colname="col6" colnum="6" colsep="0"></colspec>
<thead valign="top">
<row rowsep="1">
<entry align="left" colname="col1"></entry>
<entry align="left" colname="col2">A</entry>
<entry align="left" colname="col3">AB</entry>
<entry align="left" colname="col4">B</entry>
<entry align="left" colname="col5">O</entry>
<entry align="left" colname="col6">Total</entry>
</row>
</thead>
<tbody>
<row>
<entry align="left" colname="col1">Ile&#x2010;de&#x2010;France</entry>
<entry align="left" colname="col2">3187</entry>
<entry align="left" colname="col3">2198</entry>
<entry align="left" colname="col4">2114</entry>
<entry align="left" colname="col5">4233</entry>
<entry align="left" colname="col6">11 732</entry>
</row>
<row>
<entry align="left" colname="col1">National</entry>
<entry align="left" colname="col2">25 238</entry>
<entry align="left" colname="col3">13 649</entry>
<entry align="left" colname="col4">8453</entry>
<entry align="left" colname="col5">29 004</entry>
<entry align="left" colname="col6">76 344</entry>
</row>
</tbody>
</tgroup>
</table>
<noteGroup xml:id="voxs12398-ntgp-0003">
<note numbered="no" xml:id="voxs12398-note-0003">
<p>FFP stocks are expressed in number of units.</p>
</note>
</noteGroup>
</tabular>
<p>These stock levels should be considered in the light of the need for BPs resulting from the attacks. As described in Table <link href="#voxs12398-tbl-0004"/>, only 510 products (286 units of RBC, 199 units of FFP and 25 PCs) were actually used for the 59 patients who were transfused on 13 November and 14 November 2015, confirming feedbacks from past mass casualty events that demonstrate that the need for blood is generally low after such tragedies.</p>
<tabular copyright="John Wiley &#x0026; Sons, Ltd" xml:id="voxs12398-tbl-0004">
<title type="main">Use of blood following Paris attacks</title>
<table colsep="0" frame="topbot" pgwide="1" rowsep="0">
<tgroup cols="4">
<colspec colname="col1" colnum="1" colsep="0"></colspec>
<colspec colname="col2" colnum="2" colsep="0"></colspec>
<colspec colname="col3" colnum="3" colsep="0"></colspec>
<colspec colname="col4" colnum="4" colsep="0"></colspec>
<thead valign="top">
<row rowsep="1">
<entry align="left" colname="col1"></entry>
<entry align="left" colname="col2">RBC</entry>
<entry align="left" colname="col3">FFP</entry>
<entry align="left" colname="col4">PC</entry>
</row>
</thead>
<tbody>
<row>
<entry align="left" colname="col1">Total units transfused</entry>
<entry align="left" colname="col2">286</entry>
<entry align="left" colname="col3">199</entry>
<entry align="left" colname="col4">25</entry>
</row>
<row>
<entry align="left" colname="col1">Mean number per patient</entry>
<entry align="left" colname="col2">4&#x00B7;8</entry>
<entry align="left" colname="col3">3&#x00B7;4</entry>
<entry align="left" colname="col4">0&#x00B7;4</entry>
</row>
</tbody>
</tgroup>
</table>
</tabular>
<p>Blood product ratios per patient were 4&#x00B7;8 RBCs, 3&#x00B7;4 FFPs and 0&#x00B7;4 PCs. These ratios, which are close to those described in the literature <link href="#voxs12398-bib-0003"/>, vary slightly depending on the type of event, as 63 RBCs, 31 FFPs and 7 PCs were transfused to 17 patients after Nice attack, as shown in Table <link href="#voxs12398-tbl-0005"/>. The needs were was also low, in relation to the stocks of BP available at this blood centre.</p>
<tabular copyright="John Wiley &#x0026; Sons, Ltd" xml:id="voxs12398-tbl-0005">
<title type="main">Use of blood following Nice attack</title>
<table colsep="0" frame="topbot" pgwide="1" rowsep="0">
<tgroup cols="4">
<colspec colname="col1" colnum="1" colsep="0"></colspec>
<colspec colname="col2" colnum="2" colsep="0"></colspec>
<colspec colname="col3" colnum="3" colsep="0"></colspec>
<colspec colname="col4" colnum="4" colsep="0"></colspec>
<thead valign="top">
<row rowsep="1">
<entry align="left" colname="col1"></entry>
<entry align="left" colname="col2">RBC</entry>
<entry align="left" colname="col3">FFP</entry>
<entry align="left" colname="col4">PC</entry>
</row>
</thead>
<tbody>
<row>
<entry align="left" colname="col1">Total units transfused</entry>
<entry align="left" colname="col2">63</entry>
<entry align="left" colname="col3">31</entry>
<entry align="left" colname="col4">7</entry>
</row>
<row>
<entry align="left" colname="col1">Mean number per patient</entry>
<entry align="left" colname="col2">3&#x00B7;7</entry>
<entry align="left" colname="col3">1&#x00B7;8</entry>
<entry align="left" colname="col4">0&#x00B7;4</entry>
</row>
</tbody>
</tgroup>
</table>
</tabular>
<p>In the context of vital emergencies, while access to blood typing results was lacking, selection of RBCs for patients&#x2019; transfusion was performed in accordance with the guidelines of the National High Authority for Health (<i>Haute Autorit&#x00E9; de Sant&#x00E9; &#x2013; HAS</i>) <link href="#voxs12398-bib-0004"/>:</p>
<p>
<list style="1" xml:id="voxs12398-list-0003">

<listItem>Women of fertile age:
<list style="a" xml:id="voxs12398-list-0004">
<listItem>All received O group RhD&#x2010;negative RBCs as a first&#x2010;line treatment. Three RhD&#x2010;negative RBCs were delivered as a first&#x2010;line treatment, and eight RhD&#x2010;positive RBCs were delivered for continued transfusion.</listItem>
</list></listItem>

<listItem resumeNumberingAt="2">Men:
<list style="a" xml:id="voxs12398-list-0005">
<listItem>Delivery of O group RhD&#x2010;positive RBCs as a first&#x2010;line treatment for four patients;</listItem>
<listItem>Delivery of three O group RhD&#x2010;positive RBCs and one A group RhD&#x2010;negative RBC, as soon as the typing result was known; no remote access to RAI results;</listItem>
<listItem>For seven patients, four transfusions were performed with O group RhD&#x2010;positive RBCs after two O group RhD&#x2010;negative RBCs, before access to typing results (emergency procedures).</listItem>
</list></listItem>
</list>
</p>
<p>HAS guidelines proved to be efficient for patient management after both Paris and Nice attacks.</p>
<p>Thanks to the stocks that were &#x2018;normally&#x2019; available and to blood replenishment operations at the very beginning of the attacks, EFS was able to cope with the events.</p>
<p>However, beyond the availability of products, blood supply in crisis situation requires rigorous patient identification management. Although we were able to supply blood in optimal safety conditions, achieving a robust temporary identity management system was imperious to avoid that a same patient could have several medical files according to transfers made between hospitals. The feedback after Nice attack also confirmed this argument. To circumvent the issue, blood products with a broad compatibility spectrum (O group RBC and AB group plasma) were distributed when in doubt. We are also working to harmonize temporary identification and record procedures with hospitals.</p>
<p>Prioritization of biological testing requests to allow quick availability of the results for first&#x2010;priority patients is another essential issue. In the context of Paris crisis, all requests were sent to immunohaematology (IH) laboratories without being prioritized. The interface between emergency services and our IH laboratories will be improved, to better identify priority requests.</p>
<p>Finally, emergency blood supply demands that the teams are sufficiently sized to deal with the significant increase in activity. The spontaneous mobilization of EFS employees allowed strengthening the teams.</p>
<p>Feedback of Paris and Nice events allowed learning three important lessons on HR management in a crisis context: spontaneous mobilization must be channelled to keep employees at rest who will have to be mobilized at a later stage; the teams that are mobilized in the early hours must be placed at rest for several days, at the end of the working period; moreover, IH and delivery teams must be &#x2018;isolated from what is happening outside&#x2019; to remain focused on their activities.</p>
<p>Action to be taken should also be explained in a calm and collected manner to avoid any tensions between employees who take part in the crisis management and other personnel.</p>
<p>In parallel, and to improve efficiency and serenity, and while we must permanently face high terrorist threat levels, EFS has decided to develop a training module on the management of IH and delivery activities during a massive BP demand, within a short and uncertain time.</p>
</section>
<section xml:id="voxs12398-sec-0005">
<title type="main">Impact of the attacks regarding self&#x2010;sufficiency</title>
<p>EFS must ensure self&#x2010;sufficiency in BPs in France. From this standpoint, nationwide target inventory levels were set at 12&#x2010;day RBC stocks <link href="#voxs12398-bib-0005"/> that comprise the in&#x2010;process inventory (products already collected but not yet &#x2018;released&#x2019;), that is approximately 1&#x00B7;5 or 2 days of stock. FFP target stocks are also fixed, with a minimum 12&#x2010;week safety inventory.</p>
<p>The indicator related to platelet component (PC) stock coverage is still under construction; the low life expectancy of this product led us to define minimum PC thresholds to be met by each local blood centre.</p>
<p>The overall BP stocks were sufficient to cover the patients&#x2019; needs. The main challenge, however, was allowing shuttles to be relocated in order to replenish hospital stocks according to the influx of the injured. In such, logistics is an essential issue. Enabling our vehicles to move in a context of chaos engendered by the multisite attacks in Paris was an important challenge. Besides, some neighbourhoods were closed by law enforcement. Blood replenishment was possible thanks to the use of motorcycles and of a police escort.</p>
<p>Two important factors had to be taken into account at the outset of the attacks in Ile&#x2010;de&#x2010;France: the need to anticipate blood needs while &#x2018;being in the fog&#x2019; and the impact of public security measures on collection activities, and consequently on platelet stocks.</p>
<p>The confusion associated with the nature and extent of these measures generated great concern about our collection capacity, particularly in Paris and its suburbs. Moreover, access to one of the main apheresis platelet collection sites in Paris (Saint&#x2010;Louis, located just opposite two of the bars that were hit by the attacks) was uncertain.</p>
<p>In these conditions &#x2013; and Ile&#x2010;de&#x2010;France delivering one quarter of the total amount of platelets used in France, the national crisis unit organized a preventive replenishment of the region&#x0027;s blood stocks from other metropolitan blood centres, to anticipate a significant decline in the ability to collect apheresis platelets on November 14.</p>
<p>Effective transfusion management is essential to reduce mortality risks among the injured <link href="#voxs12398-bib-0006"/>. EFS priority remains to anticipate transfusion needs in a crisis context, by maintaining adequate levels of BP stocks and effective national BP regulation, better integrating our institution into the crisis cells set up by local authorities and re&#x2010;evaluating BP requirements, hospital&#x2010;by&#x2010;hospital, on the basis of the emergency services&#x2019; assessment of the flow of casualties that can be cared for after major events.</p>
</section>
<section xml:id="voxs12398-sec-0006">
<title type="main">A massive influx of blood donors</title>
<p>From the morning of Saturday November 14, and throughout the following week, there was an exceptional attendance of blood donors at our blood venues in mainland France, particularly in Ile&#x2010;de&#x2010;France where it was perceptible during 4 weeks.</p>
<p>The following indicators reflect the blood donor community&#x0027;s mobilization:</p>
<p>
<list style="1" xml:id="voxs12398-list-0006">

<listItem>45 172 bags of whole blood were collected during the week when the attacks happened (W46), while collection forecasts for that same week average around 37 500 bags; as the events occurred on a Friday evening, the increase in activity was mainly concentrated on Saturday 14 November 2015 (and, to a lesser extent, Sunday 15 November);</listItem>

<listItem>77 288 whole blood donations were made during the subsequent week (W47), 20&#x0025; of which were made by first&#x2010;time donors.</listItem>
</list>
</p>
<p>This outstanding mobilization reflects solidarity movements observed after similar mass casualty events worldwide, such as the 11 September 2001 tragedy <link href="#voxs12398-bib-0007"/>, Madrid, London or Oslo bombings in 2004, 2005 and 2011, respectively <link href="#voxs12398-bib-0008 #voxs12398-bib-0009 #voxs12398-bib-0010"/>.</p>
<p>Figure <link href="#voxs12398-fig-0002"/>(a,b) presents blood collection in donation centres and mobile drives during the weeks following Paris attacks.</p>
<figure xml:id="voxs12398-fig-0002">
<mediaResourceGroup>
<mediaResource alt="image" href="urn:x-wiley:17512816:media:voxs12398:voxs12398-fig-0002"/>
<mediaResource alt="image" href="image_m/voxs12398-fig-0002-m.png" mimeType="image/png" rendition="webHiRes"/>
<mediaResource alt="image" href="image_n/voxs12398-fig-0002.png" mimeType="image/png" rendition="webOriginal"/>
<mediaResource alt="image" href="image_t/voxs12398-fig-0002-t.gif" mimeType="image/gif" rendition="webLoRes"/>
</mediaResourceGroup>
<caption>(a) Blood collection per product and per week, following Paris attacks. (b) Blood collection per donation venue (mobile drives vs. donation centres) following Paris attacks.</caption>
</figure>
<p>The events impacted mainly whole blood donation, then plasma donation, apheresis platelet donation being strictly organized according to the needs.</p>
<p>In the week after the attacks (W47), blood collection increased by almost 55&#x0025;, compared with the volume collected in normal situation. While all venues were concerned, blood collection at donation centres was twice the volume collected in normal situations. The increase was still around 9&#x0025; in W49.</p>
<p>Blood donation during the days following 13 November 2015 was especially characterized by:</p>
<p>
<list style="1" xml:id="voxs12398-list-0007">

<listItem>An over&#x2010;representation in the proportion of first&#x2010;time donors, as soon as Saturday 14 November (18&#x0025; vs. 13&#x0025; in the previous days and 12&#x0025; in the previous week) that was even more important during the following week (20&#x0025; of first&#x2010;time donors) then receded quickly.</listItem>

<listItem>And an increase in the proportion of lapsing donors among whole blood donors at blood centres, rising from 11&#x00B7;6&#x0025; before the attacks to 20&#x00B7;1&#x0025; in the week following the attacks (with a peak at 26&#x00B7;7&#x0025; at blood centres in the day following the attacks). Table <link href="#voxs12398-tbl-0006"/> illustrates this increase in the proportion of first&#x2010;time and lapsing donors.<tabular copyright="John Wiley &#x0026; Sons, Ltd" xml:id="voxs12398-tbl-0006"><title type="main">Proportion of first&#x2010;time and lapsing donors among blood donors following Paris attacks</title><table colsep="0" frame="topbot" pgwide="1" rowsep="0"><tgroup cols="6"><colspec colname="col1" colnum="1" colsep="0"></colspec><colspec colname="col2" colnum="2" colsep="0"></colspec><colspec colname="col3" colnum="3" colsep="0"></colspec><colspec colname="col4" colnum="4" colsep="0"></colspec><colspec colname="col5" colnum="5" colsep="0"></colspec><colspec colname="col6" colnum="6" colsep="0"></colspec><thead valign="top"><row rowsep="1"><entry align="left" colname="col1" morerows="1"></entry><entry align="left" nameend="col4" namest="col2" rowsep="1">Blood centres</entry><entry align="left" nameend="col6" namest="col5" rowsep="1">Mobile drives</entry></row><row rowsep="1"><entry align="left" colname="col2">Nb WB donors</entry><entry align="left" colname="col3">1st&#x2010;time donors (&#x0025;)</entry><entry align="left" colname="col4">Lapsing donors (&#x0025;)</entry><entry align="left" colname="col5">Nb WB donors</entry><entry align="left" colname="col6">1st&#x2010;time donors (&#x0025;)</entry></row></thead><tbody><row><entry align="left" colname="col1">Week 45</entry><entry align="left" colname="col2">9827</entry><entry align="left" colname="col3">10&#x00B7;97</entry><entry align="left" colname="col4">11&#x00B7;64</entry><entry align="left" colname="col5">39 977</entry><entry align="left" colname="col6">12&#x00B7;00</entry></row><row><entry align="left" colname="col1">Week 46</entry><entry align="left" colname="col2">11 094</entry><entry align="left" colname="col3">9&#x00B7;70</entry><entry align="left" colname="col4">9&#x00B7;88</entry><entry align="left" colname="col5">34 078</entry><entry align="left" colname="col6">14&#x00B7;07</entry></row><row><entry align="left" colname="col1">Sat. November 14</entry><entry align="left" colname="col2">3970</entry><entry align="left" colname="col3">24&#x00B7;21</entry><entry align="left" colname="col4">26&#x00B7;77</entry><entry align="left" colname="col5">3525</entry><entry align="left" colname="col6">11&#x00B7;11</entry></row><row><entry align="left" colname="col1">Week 47</entry><entry align="left" colname="col2">21 403</entry><entry align="left" colname="col3">23&#x00B7;70</entry><entry align="left" colname="col4">20&#x00B7;15</entry><entry align="left" colname="col5">55 885</entry><entry align="left" colname="col6">18&#x00B7;50</entry></row></tbody></tgroup></table></tabular></listItem>
</list>
</p>
<p>The analysis of lapsing donors&#x2019; behaviour at mobile drives is not provided as important biases were detected, for example an interval between two mobile collection sessions depending on the organization or location of the blood centres.</p>
<p>In spite of the high proportion of first&#x2010;time and lapsing donors, no significant increase in the prevalence of HIV, HBV and HEV markers was noted. This is in accordance with the results of various studies, carried out after disasters such as the Bam earthquake and floods in Malaysia <link href="#voxs12398-bib-0011 #voxs12398-bib-0012"/>. However, the publication by Glynn <i>et al</i>. <link href="#voxs12398-bib-0007"/>, reported a subsequent rise in HIV, HCV and HBV sero&#x2010;positivities following 11 September 2001, due to a 5&#x00B7;2&#x0025; increase in the number of first&#x2010;time and lapsing donors.</p>
<p>A strong representation of young people and women among new donors was equally noticed. In normal situations, this could be partly attributed to blood collection practices in colleges or universities, which is a different configuration from a postattack context.</p>
<p>As illustrated by Figs <link href="#voxs12398-fig-0003"/> and <link href="#voxs12398-fig-0004"/>, a comparison of the age pyramid of first&#x2010;time donors in normal situations with the age pyramid of first&#x2010;time donors after the attacks shows a relative over&#x2010;representation of young people in the 20&#x2013;25 age group, possibly highlighting their exceptional response to events that hit places where young people are known to congregate: restaurants, bars, <i>Le Bataclan</i> concert hall, etc.</p>
<figure xml:id="voxs12398-fig-0003">
<mediaResourceGroup>
<mediaResource alt="image" href="urn:x-wiley:17512816:media:voxs12398:voxs12398-fig-0003"/>
<mediaResource alt="image" href="image_m/voxs12398-fig-0003-m.png" mimeType="image/png" rendition="webHiRes"/>
<mediaResource alt="image" href="image_n/voxs12398-fig-0003.png" mimeType="image/png" rendition="webOriginal"/>
<mediaResource alt="image" href="image_t/voxs12398-fig-0003-t.gif" mimeType="image/gif" rendition="webLoRes"/>
</mediaResourceGroup>
<caption>Age pyramid of first&#x2010;time blood donors following Paris attacks.</caption>
</figure>
<figure xml:id="voxs12398-fig-0004">
<mediaResourceGroup>
<mediaResource alt="image" href="urn:x-wiley:17512816:media:voxs12398:voxs12398-fig-0004"/>
<mediaResource alt="image" href="image_m/voxs12398-fig-0004-m.png" mimeType="image/png" rendition="webHiRes"/>
<mediaResource alt="image" href="image_n/voxs12398-fig-0004.png" mimeType="image/png" rendition="webOriginal"/>
<mediaResource alt="image" href="image_t/voxs12398-fig-0004-t.gif" mimeType="image/gif" rendition="webLoRes"/>
</mediaResourceGroup>
<caption>Age pyramid of first&#x2010;time blood donors in 2005, 2010 and 2015.</caption>
</figure>
<p>As soon as 14 November 2015, EFS made provision for channelling the massive flow of donors at blood drives, in a context where the level of terrorist threat remained high. The spontaneous mobilization of employees from services other than blood collection helped manage the situation.</p>
<p>Despite very long hours of waiting, many people wanted to donate. Information on donation eligibility criteria was distributed to avoid unnecessary queuing and to promote self&#x2010;exclusion. Prospective donors were invited to come back a few days later or to make a pledge.</p>
<p>Managing a blood donation influx requires to be able to urgently adapt organizations in order to increase collection capacities. EFS patterns of crisis management must consequently be reinforced, to better specify modalities for voluntary employees who bring punctual support in special situations. These must be defined beforehand. EFS is currently developing a specific training module on &#x2018;volunteering for crisis situations&#x2019;. Arrangements to offload collection teams from peripheral tasks (welcoming donors, answering phone calls&#x2026;) are also required to maintain a high collection rate, in compliance with safety rules. In addition, specific organization and logistic patterns must be implemented in order to increase collection capacities in the blood centres that are liable to welcome a large number of donors (adaptation of the number of whole blood collection beds, agitators, welders, adaptation of stocks of collection kits, snacks and drinks&#x2026;).</p>
</section>
<section xml:id="voxs12398-sec-0007">
<title type="main">Lower donor return rates</title>
<p>To assess the return rate of Paris postattack blood donors, a comparison was made with the return rates of two control populations:</p>
<p>
<list style="1" xml:id="voxs12398-list-0008">

<listItem>Control population 1: donors who donated blood during the 2 weeks prior to the 2015 attacks (W44 and W45).</listItem>

<listItem>Control population 2: donors who donated blood during W47 and W48 in 2013, at the same period of time. The year 2014 was not selected as a call for urgent donation could have biased the analysis.</listItem>
</list>
</p>
<p>As illustrated by Table <link href="#voxs12398-tbl-0007"/>, return rates among our postattack study population proved to be lower than the return rates of the control populations.</p>
<tabular copyright="John Wiley &#x0026; Sons, Ltd" xml:id="voxs12398-tbl-0007">
<title type="main">Comparison of the return rates of the postattack blood donors with the return rates of 2 control populations</title>
<table colsep="0" frame="topbot" pgwide="1" rowsep="0">
<tgroup cols="4">
<colspec colname="col1" colnum="1" colsep="0"></colspec>
<colspec colname="col2" colnum="2" colsep="0"></colspec>
<colspec colname="col3" colnum="3" colsep="0"></colspec>
<colspec colname="col4" colnum="4" colsep="0"></colspec>
<thead valign="top">
<row rowsep="1">
<entry align="left" colname="col1">Initial donation date&#x002F;return rates</entry>
<entry align="left" colname="col2">W47 and 48, 2013 (control population)</entry>
<entry align="left" colname="col3">W44 and W45, 2015 before the attacks (control population)</entry>
<entry align="left" colname="col4">W47 and W48, 2015 after the attacks (study population)</entry>
</row>
</thead>
<tbody>
<row>
<entry align="left" colname="col1">After 4 months (National)</entry>
<entry align="left" colname="col2">51&#x00B7;00&#x0025;</entry>
<entry align="left" colname="col3">52&#x00B7;03&#x0025;</entry>
<entry align="left" colname="col4">43&#x00B7;82&#x0025;</entry>
</row>
<row>
<entry align="left" colname="col1">After 6 months (National)</entry>
<entry align="left" colname="col2">56&#x00B7;04&#x0025;</entry>
<entry align="left" colname="col3">55&#x00B7;69&#x0025;</entry>
<entry align="left" colname="col4">49&#x00B7;73&#x0025;</entry>
</row>
<row>
<entry align="left" colname="col1">After 8 months (National)</entry>
<entry align="left" colname="col2">64&#x00B7;41&#x0025;</entry>
<entry align="left" colname="col3">66&#x00B7;97&#x0025;</entry>
<entry align="left" colname="col4">60&#x00B7;56&#x0025;</entry>
</row>
<row>
<entry align="left" colname="col1">After 8 months (Ile&#x2010;de&#x2010;France)</entry>
<entry align="left" colname="col2">N&#x002F;A</entry>
<entry align="left" colname="col3">52&#x00B7;09&#x0025;</entry>
<entry align="left" colname="col4">48&#x00B7;85&#x0025;</entry>
</row>
</tbody>
</tgroup>
</table>
</tabular>
<p>However, the gap decreases over time, with a disparity from up to 8&#x00B7;2&#x0025; (43&#x00B7;82&#x0025; vs. 52&#x00B7;03&#x0025;) 4 months after the attacks, to 6&#x00B7;4&#x0025;, 8 months later. This can be explained by a natural increase in return rates over time and by EFS&#x0027;s actions to retain new and lapsing donors. This trend was noticed among all donors, irrespective of age groups and profiles.</p>
<p>Ile&#x2010;de&#x2010;France blood donors being less &#x2018;loyal&#x2019; than elsewhere in mainland France, a focus was made on their return rates 8 months after the attacks. The difference between this control population and the study population was only 3&#x00B7;2&#x0025;, that is half the value found at national level.</p>
<p>Return to donation after a pledge was also accurately analysed for this region: 53&#x0025; of those who had made a pledge returned to donation after being called by phone. Thirty per cent of them were first&#x2010;time donors. Despite this mitigated return rate, distributing pledges while facing an influx of donors is a means of avoiding over&#x2010;collecting blood. It is a &#x2018;balanced compromise&#x2019; as the overall first&#x2010;time donors&#x2019; return rate was rather high (30&#x0025; vs. a proportion of 20&#x0025; first&#x2010;time donors as stated above).</p>
</section>
<section xml:id="voxs12398-sec-0008">
<title type="main">Donor management</title>
<p>In addition to a &#x2018;Thank&#x2010;you&#x2019; campaign in the press immediately after November 13 events, every local blood centre organized donor relations actions to favour a return of first&#x2010;time and lapsing donors.</p>
<p>Invitations to donate blood were sent to prospective donors who had come to blood drives between 14 November and 13 December 2015 and had not returned.</p>
<p>The most successful actions were those carried out in the first half of 2016, a period that was still &#x2018;emotionally strong&#x2019;.</p>
<p>Reminders by phone had the most favourable outcome: 65&#x0025; of the donors who were contacted came back to donate blood.</p>
<p>Invitations by e&#x2010;mail were the least effective medium. Their action was improved when they were preceded by an e&#x2010;mail to thank the donors for their generous gesture after the attacks (return rate &#x003D; 16&#x0025;) or when it was sent to them a short time after the attacks, as soon as they became eligible again (Return rate &#x003D; 25&#x0025; in January 2016).</p>
<p>An e&#x2010;mail or SMS message, entitled &#x2018;One year ago, already&#x2019;, was also sent 12 months after the attacks, with a rather good impact (Return rate &#x003D; 8&#x00B7;5&#x0025;), considering that it was distant in time.</p>
<p>Besides continuous blood donor relations activities, EFS carries out an annual &#x2018;Donor Barometer&#x2019;, an electronic satisfaction survey among blood donors that enables periodical update of our donor management strategy. In 2016, the questionnaire was sent to almost 12 000 blood donors at national level. The field investigation included an open&#x2010;ended interview question directed to those who had donated after Paris and Nice attacks to investigate their motivations to donate blood on these specific occasions, hence a total percentage of answers exceeding 100&#x0025;. The results proved instructive for future action:</p>
<p>
<list style="1" xml:id="voxs12398-list-0009">

<listItem>34&#x0025; of the respondents indicated they were willing to &#x2018;commit an act of civility&#x002F;solidarity&#x2019; in response to the attacks.</listItem>

<listItem>11&#x0025; of them mentioned a fear of shortage&#x002F;lack of blood.</listItem>

<listItem>4&#x0025; indicated that they came in response to a call for donation.</listItem>

<listItem>2&#x0025; expressed that the attacks were experienced as a stimulus for return to blood donation.</listItem>
</list>
</p>
<p>Moreover:</p>
<p>
<list style="1" xml:id="voxs12398-list-0010">

<listItem>23&#x0025; of these donors did not wish to answer the question;</listItem>

<listItem>28&#x0025; of them had scheduled a blood appointment for the following weeks.</listItem>
</list>
</p>
<p>Of the 11 997 donors who responded to the survey, 15&#x0025; indicated that they donated blood after Paris and Nice attacks (scheduled donations excluded); 54&#x0025; of them were female, 46&#x0025; were male.</p>
<p>Similar analyses were conducted among those who donated blood in Ile&#x2010;de&#x2010;France after Paris attack and in Alpes&#x2010;M&#x00E9;diterran&#x00E9;e after Nice attack. Regarding Alpes&#x2010;Mediterran&#x00E9;e blood donors, the results were very close to those described above. There were nonetheless significant differences concerning Ile&#x2010;de&#x2010;France donors: their sex ratio was reversed compared to that observed at national level (45&#x0025; female and 55&#x0025; male) and the proportion of young donors was also significantly higher (42&#x0025; of them were under 30 years of age and 21&#x0025; belonged to the 30&#x2013;39 age group).</p>
<p>People&#x0027;s willingness to help in crises and to donate blood to help face the tragedy has been widely reported in the literature <link href="#voxs12398-bib-0013 #voxs12398-bib-0014"/>. However, as described in reports on previous mass fatality events, casualties are usually managed with the blood that is already in stock. This extraordinary boost of generosity &#x2013; stimulated by continuous calls for donation issued on 24&#x002F;7 news channels &#x2013; resulted in significant pressures on the whole transfusion chain, with extremely high activity peaks and a potential risk of excess blood collection, together with significant risks of blood outdating and destabilization of the medium&#x2010;term blood inventory.</p>
</section>
<section xml:id="voxs12398-sec-0009">
<title type="main">Communication: a critical issue in crisis situations</title>
<p>Postattack communication activities began during the night of 13 November and 14 November 2015 with a call for urgent blood donation issued by a blood donor association. This call was widely relayed by Internet users and taken over by the media. On Twitter, &#x0023;dondusang was at the forefront of research on the Internet until November 15. Many media who wished to be informed also contacted EFS. Our switchboards were assaulted with phone calls. Web traffic congestion caused line saturation of our server on Saturday 14 November, when 175 000 connections were recorded vs. 5000 on a regular Saturday, and donor inquiries were directed to the postdonation information call centre.</p>
<p>To manage the situation, three press releases were issued in the main media on 14, 15 and 16 November, to express EFS compassion for the victims and notify that the need for blood was met. Blood donors were invited to come back during the following days or weeks. To emphasize the importance of blood donation year round, they were also informed that 10 000 donations are needed every day.</p>
<p>These messages were widely conveyed by the social networks and the news channels. EFS spokespersons also gave many interviews with the main media.</p>
<p>On 20 November 2015, official mails by the CEO were sent to EFS teams and to the Federation of Blood Donor Associations (FFDSB) to thank them for their commitment.</p>
<p>Lastly, an extensive communication campaign was launched on 23 November, to thank the blood donor community and EFS teams for their mobilization after the attacks.</p>
<p>These events allowed learning that, in crisis situation, it is essential to contact the media very quickly to issue precise&#x002F;accurate information. Being on the lookout on social networks to identify and moderate inappropriate messages that could lead to a media buzz is another important step. So is the use of the website homepage and of an interactive voice server to immediately inform on blood needs and stock levels or issue calls for future&#x002F;regular blood donations. Securing communication between our delivery facilities and emergency teams (e.g. by setting a phone line known only to hospitals) is also fundamental.</p>
<p>Feedback of past events underlines the need to educate people about the importance to give blood regularly. Additionally, both Paris and Nice events suggested that we must necessarily keep the main media informed about blood transfusion organization schemes and activities, blood needs, inventory management schemes but also the disadvantages associated with excess blood donations.</p>
</section>
<section xml:id="voxs12398-sec-0010">
<title type="main">Effects of the massive influx of blood donors</title>
<p>The massive influx of donors after Paris attack immediately translated into our stock curve. Figure <link href="#voxs12398-fig-0005"/> shows the evolution of daily RBC stocks over 6 months, from 27 July 2015&#x2013;27 January 2016.</p>
<figure xml:id="voxs12398-fig-0005">
<mediaResourceGroup>
<mediaResource alt="image" href="urn:x-wiley:17512816:media:voxs12398:voxs12398-fig-0005"/>
<mediaResource alt="image" href="image_m/voxs12398-fig-0005-m.png" mimeType="image/png" rendition="webHiRes"/>
<mediaResource alt="image" href="image_n/voxs12398-fig-0005.png" mimeType="image/png" rendition="webOriginal"/>
<mediaResource alt="image" href="image_t/voxs12398-fig-0005-t.gif" mimeType="image/gif" rendition="webLoRes"/>
</mediaResourceGroup>
<caption>Evolution of daily <fc>RBC</fc> stocks (27 July 2015&#x2013;27 January 2016).</caption>
</figure>
<p>In December 2015, EFS total RBC inventory exceeded 130 000 units. Never before had this level been reached, the maximum annual peak amounting to 110 000 units.</p>
<p>This led to an increase in RBC outdating from the 6th week following Paris attacks (starting from the 43rd day), with an average outdating level of 42&#x00B7;8 RBCs per week over the subsequent 5 weeks, then of 153&#x00B7;6 RBCs from the 6th to the 10th subsequent weeks). Figure <link href="#voxs12398-fig-0006"/> represents the weekly RBC outdating from 31 August 2015&#x2013;26 March 2016 (W36, 2015 to W12, 2016).</p>
<figure xml:id="voxs12398-fig-0006">
<mediaResourceGroup>
<mediaResource alt="image" href="urn:x-wiley:17512816:media:voxs12398:voxs12398-fig-0006"/>
<mediaResource alt="image" href="image_m/voxs12398-fig-0006-m.png" mimeType="image/png" rendition="webHiRes"/>
<mediaResource alt="image" href="image_n/voxs12398-fig-0006.png" mimeType="image/png" rendition="webOriginal"/>
<mediaResource alt="image" href="image_t/voxs12398-fig-0006-t.gif" mimeType="image/gif" rendition="webLoRes"/>
</mediaResourceGroup>
<caption><fc>RBC</fc> outdating (W36, 2015 to W12, 2016).</caption>
</figure>
<p>The outdating level reached after Paris attack is slightly higher than that of May and June 2015 (excluding a context of attacks). It remains low, around 2 per 1000 RBCs, compared to the outdating rates noticed after various previous mass casualty events, including 11 September 2001 when tens of thousands RBCs units had to be destroyed <link href="#voxs12398-bib-0015"/>.</p>
<p>An action plan was created to minimize blood outdating, based on four mechanisms. Stock rotation was implemented between local delivery facilities and between blood centres. An inventory statement was performed daily. Regular analyses of local stock forecasts were also made, to allow a uniform distribution of the national inventory. Finally, group O BPs were delivered for non&#x2010;group O patients to minimize outdating on these products.</p>
<p>This drastic reduction of BP outdating was made possible by EFS position as a single national blood operator and by the fact that we manage virtually all LBP stocks in France. Our delivery facilities are located in hospitals, which revealed to be a major force. This specific feature of the French model enabled a careful control of all BPs, including in delivery facilities.</p>
</section>
<section xml:id="voxs12398-sec-0011">
<title type="main">How to improve our ability to cope with blood needs, in the context of a long&#x2010;lasting threat?</title>
<p>Following 13 November 2015 attacks, EFS took a first step of actions, in preparation of the European football championship (Euro2016) that was held in France from 10 June to 10 July 2016:</p>
<p>
<list style="1" xml:id="voxs12398-list-0011">

<listItem>National BP stocks were adapted, especially in hospitals located in cities that were to host matches and fan zones;</listItem>

<listItem>Stock levels were established on the basis of BPs usage after Paris attacks and of the flow of admitted casualties and inpatient capacities defined by hospitals;</listItem>

<listItem>IH&#x002F;delivery teams were strengthened, when the most sensitive matches were played and&#x002F;or in cities where risk levels were deemed high;</listItem>

<listItem>Our capacity to produce pooled platelet concentrates was surged through a broader use of &#x2018;Top and bottom&#x2019; blood bags; emergency services were provided with lyophilized plasma (FLYP);</listItem>

<listItem>Logistics schemes were designed to help replenish blood stocks in the event of a crisis;</listItem>

<listItem>A kit of suitable communication tools was also created.</listItem>
</list>
</p>
<p>This plan was active when Nice attack took place.</p>
<p>While the level of terrorist threat remains high, and in the light of experience feedback, EFS now manages hospital inventories on the basis of five parameters:</p>
<p>
<list style="i" xml:id="voxs12398-list-0012">

<listItem>Number of casualties likely to be admitted;</listItem>

<listItem>Gradual evolution of blood needs with regard to hospital inpatient capacity in crisis situation;</listItem>

<listItem>Ability to replenish blood stocks;</listItem>

<listItem>Control of BP outdating;</listItem>

<listItem>Important cultural events planned, to punctually adapt blood stocks.</listItem>
</list>
</p>
<p>Concerning the second parameter (ii), lessons learned from both the Ile&#x2010;de&#x2010;France and Nice attacks provided significant information on the progression of BP needs in the aftermath of mass casualty events. The evolution of blood use after these events is provided in Tables <link href="#voxs12398-tbl-0008"/> and <link href="#voxs12398-tbl-0009"/>.</p>
<tabular copyright="John Wiley &#x0026; Sons, Ltd" xml:id="voxs12398-tbl-0008">
<title type="main">Evolution of blood use following Paris attacks (November 13 2015)</title>
<table colsep="0" frame="topbot" pgwide="1" rowsep="0">
<tgroup cols="16">
<colspec colname="col1" colnum="1" colsep="0"></colspec>
<colspec colname="col2" colnum="2" colsep="0"></colspec>
<colspec colname="col3" colnum="3" colsep="0"></colspec>
<colspec colname="col4" colnum="4" colsep="0"></colspec>
<colspec colname="col5" colnum="5" colsep="0"></colspec>
<colspec colname="col6" colnum="6" colsep="0"></colspec>
<colspec colname="col7" colnum="7" colsep="0"></colspec>
<colspec colname="col8" colnum="8" colsep="0"></colspec>
<colspec colname="col9" colnum="9" colsep="0"></colspec>
<colspec colname="col10" colnum="10" colsep="0"></colspec>
<colspec colname="col11" colnum="11" colsep="0"></colspec>
<colspec colname="col12" colnum="12" colsep="0"></colspec>
<colspec colname="col13" colnum="13" colsep="0"></colspec>
<colspec colname="col14" colnum="14" colsep="0"></colspec>
<colspec colname="col15" colnum="15" colsep="0"></colspec>
<colspec colname="col16" colnum="16" colsep="0"></colspec>
<thead valign="top">
<row rowsep="1">
<entry align="left" colname="col1" morerows="1"></entry>
<entry align="left" nameend="col4" namest="col2" rowsep="1">9:30 pm on 11&#x002F;13&#x2013;0:30 am on 11&#x002F;14</entry>
<entry align="left" nameend="col7" namest="col5" rowsep="1">0:30 am&#x2013;3:30 am</entry>
<entry align="left" nameend="col10" namest="col8" rowsep="1">3:30 am&#x2013;9:30 am</entry>
<entry align="left" nameend="col13" namest="col11" rowsep="1">9:30 am&#x2013;9:30 pm</entry>
<entry align="left" nameend="col16" namest="col14" rowsep="1">After 9:30 pm &#x2013;11:59 pm on 11&#x002F;15</entry>
</row>
<row rowsep="1">
<entry align="left" colname="col2">RBC</entry>
<entry align="left" colname="col3">FFP</entry>
<entry align="left" colname="col4">PC</entry>
<entry align="left" colname="col5">RBC</entry>
<entry align="left" colname="col6">FFP</entry>
<entry align="left" colname="col7">PC</entry>
<entry align="left" colname="col8">RBC</entry>
<entry align="left" colname="col9">FFP</entry>
<entry align="left" colname="col10">PC</entry>
<entry align="left" colname="col11">RBC</entry>
<entry align="left" colname="col12">FFP</entry>
<entry align="left" colname="col13">PC</entry>
<entry align="left" colname="col14">RBC</entry>
<entry align="left" colname="col15">FFP</entry>
<entry align="left" colname="col16">PC</entry>
</row>
</thead>
<tbody>
<row>
<entry align="left" colname="col1">BP transfused</entry>
<entry align="left" colname="col2">18</entry>
<entry align="left" colname="col3">10</entry>
<entry align="left" colname="col4">0</entry>
<entry align="left" colname="col5">92</entry>
<entry align="left" colname="col6">64</entry>
<entry align="left" colname="col7">10</entry>
<entry align="left" colname="col8">54</entry>
<entry align="left" colname="col9">50</entry>
<entry align="left" colname="col10">6</entry>
<entry align="left" colname="col11">39</entry>
<entry align="left" colname="col12">23</entry>
<entry align="left" colname="col13">5</entry>
<entry align="left" colname="col14">9</entry>
<entry align="left" colname="col15">4</entry>
<entry align="left" colname="col16">1</entry>
</row>
<row>
<entry align="left" colname="col1">BP distributed to the Piti&#x00E9;&#x2010;Salp&#x00EA;tri&#x00E8;re hospital blood bank</entry>
<entry align="left" colname="col2">20<link href="#voxs12398-note-0004"/></entry>
<entry align="left" colname="col3">10<link href="#voxs12398-note-0005"/></entry>
<entry align="left" colname="col4"></entry>
<entry align="left" colname="col5"></entry>
<entry align="left" colname="col6">10<link href="#voxs12398-note-0006"/></entry>
<entry align="left" colname="col7"></entry>
<entry align="left" colname="col8">6<link href="#voxs12398-note-0007"/></entry>
<entry align="left" colname="col9"></entry>
<entry align="left" colname="col10"></entry>
<entry align="left" colname="col11"></entry>
<entry align="left" colname="col12"></entry>
<entry align="left" colname="col13"></entry>
<entry align="left" colname="col14"></entry>
<entry align="left" colname="col15"></entry>
<entry align="left" colname="col16"></entry>
</row>
<row>
<entry align="left" colname="col1">Number of patients transfused</entry>
<entry align="left" nameend="col4" namest="col2">4</entry>
<entry align="left" nameend="col7" namest="col5">28 (25 new patients)</entry>
<entry align="left" nameend="col10" namest="col8">22 (11 new patients)</entry>
<entry align="left" nameend="col13" namest="col11">8 (5 new patients)</entry>
<entry align="left" nameend="col16" namest="col14">4 (1 new patient)</entry>
</row>
</tbody>
</tgroup>
</table>
<noteGroup xml:id="voxs12398-ntgp-0004">
<note xml:id="voxs12398-note-0004">
<p>13 transfused between 11:00 pm and 2:00 am &#x2013; seven destructed.</p>
</note>
<note xml:id="voxs12398-note-0005">
<p>Transfused between 11:20 pm and 2:00 am.</p>
</note>
<note xml:id="voxs12398-note-0006">
<p>2 transfused &#x2013; 8 destructed.</p>
</note>
<note xml:id="voxs12398-note-0007">
<p>4 transfused &#x2013; 2 destructed.</p>
</note>
</noteGroup>
</tabular>
<tabular copyright="John Wiley &#x0026; Sons, Ltd" xml:id="voxs12398-tbl-0009">
<title type="main">Evolution of blood use following Nice attack (July 14 2016)</title>
<table colsep="0" frame="topbot" pgwide="1" rowsep="0">
<tgroup cols="16">
<colspec colname="col1" colnum="1" colsep="0"></colspec>
<colspec colname="col2" colnum="2" colsep="0"></colspec>
<colspec colname="col3" colnum="3" colsep="0"></colspec>
<colspec colname="col4" colnum="4" colsep="0"></colspec>
<colspec colname="col5" colnum="5" colsep="0"></colspec>
<colspec colname="col6" colnum="6" colsep="0"></colspec>
<colspec colname="col7" colnum="7" colsep="0"></colspec>
<colspec colname="col8" colnum="8" colsep="0"></colspec>
<colspec colname="col9" colnum="9" colsep="0"></colspec>
<colspec colname="col10" colnum="10" colsep="0"></colspec>
<colspec colname="col11" colnum="11" colsep="0"></colspec>
<colspec colname="col12" colnum="12" colsep="0"></colspec>
<colspec colname="col13" colnum="13" colsep="0"></colspec>
<colspec colname="col14" colnum="14" colsep="0"></colspec>
<colspec colname="col15" colnum="15" colsep="0"></colspec>
<colspec colname="col16" colnum="16" colsep="0"></colspec>
<thead valign="top">
<row rowsep="1">
<entry align="left" colname="col1" morerows="1"></entry>
<entry align="left" nameend="col4" namest="col2" rowsep="1">First 3 h</entry>
<entry align="left" nameend="col7" namest="col5" rowsep="1">From 3&#x2013;6 h</entry>
<entry align="left" nameend="col10" namest="col8" rowsep="1">From 6&#x2013;12 h</entry>
<entry align="left" nameend="col13" namest="col11" rowsep="1">From 12&#x2013;24 h</entry>
<entry align="left" nameend="col16" namest="col14" rowsep="1">From 24&#x2013;48 h</entry>
</row>
<row rowsep="1">
<entry align="left" colname="col2">RBC</entry>
<entry align="left" colname="col3">FFP</entry>
<entry align="left" colname="col4">PC</entry>
<entry align="left" colname="col5">RBC</entry>
<entry align="left" colname="col6">FFP</entry>
<entry align="left" colname="col7">PC</entry>
<entry align="left" colname="col8">RBC</entry>
<entry align="left" colname="col9">FFP</entry>
<entry align="left" colname="col10">PC</entry>
<entry align="left" colname="col11">RBC</entry>
<entry align="left" colname="col12">FFP</entry>
<entry align="left" colname="col13">PC</entry>
<entry align="left" colname="col14">RBC</entry>
<entry align="left" colname="col15">FFP</entry>
<entry align="left" colname="col16">PC</entry>
</row>
</thead>
<tbody>
<row>
<entry align="left" colname="col1">BP transfused</entry>
<entry align="left" colname="col2">27</entry>
<entry align="left" colname="col3">8 FFP 2 FLYP</entry>
<entry align="left" colname="col4">1</entry>
<entry align="left" colname="col5">16</entry>
<entry align="left" colname="col6">8 FFP 2 FLYP</entry>
<entry align="left" colname="col7">1</entry>
<entry align="left" colname="col8">11</entry>
<entry align="left" colname="col9">5 FFP 1 FLYP</entry>
<entry align="left" colname="col10">1</entry>
<entry align="left" colname="col11">9</entry>
<entry align="left" colname="col12">6</entry>
<entry align="left" colname="col13">4</entry>
<entry align="left" colname="col14">13</entry>
<entry align="left" colname="col15">0</entry>
<entry align="left" colname="col16">0</entry>
</row>
<row>
<entry align="left" colname="col1">Number of patients transfused</entry>
<entry align="left" nameend="col4" namest="col2">12</entry>
<entry align="left" nameend="col7" namest="col5">7 (4 new patients)</entry>
<entry align="left" nameend="col10" namest="col8">5 (1 new patient)</entry>
<entry align="left" nameend="col13" namest="col11">5 (1 new patient)</entry>
<entry align="left" nameend="col16" namest="col14">8 (1 new patient)</entry>
</row>
</tbody>
</tgroup>
</table>
</tabular>
<p>The last parameter (v) demands close and regular dialogues with the French Authorities, to be better prepared to manage potential future events, in close co&#x2010;operation with all stakeholders.</p>
<p>Further resources to improve blood supply management during disasters can be found in the AABB&#x0027;s Disaster Operations Handbook <link href="#voxs12398-bib-0016"/> that provides a comprehensive and consistent framework of effective measures.</p>
</section>
<section xml:id="voxs12398-sec-0012">
<title type="main">Conclusion</title>
<p>Throughout Paris and Nice events, EFS integrated model proved to be valid and resilient, both in terms of response to blood needs and BP outdating control. Further steps will however be taken to enhance our adaptive capacity, in the light of feedback from other events, to continue addressing patient&#x0027;s needs.</p>
<p>Interaction with the media, social network information monitoring, blood donor management and human resources are key issues in crisis situations. Patient identification in the context of casualty management remains a major challenge.</p>
<p>Another central, emergent concern is ensuring safety and security for blood donors and collection teams on blood drives.</p>
<p>The interface between IH laboratories and emergency services must be secured for better prioritization of BP demands and IH testing requests.</p>
<p>We must be prepared to face a high level of sustained threat, while maintaining a great organizational agility.</p>
</section>
<bibliography cited="yes" style="numbered" xml:id="voxs12398-bibl-0001">
<title type="main">References</title>
<bib xml:id="voxs12398-bib-0001">
<citation type="journal" xml:id="voxs12398-cit-0001"><author><familyName>Hirsch</familyName> <givenNames>M</givenNames></author>, <author><familyName>Carli</familyName> <givenNames>P</givenNames></author>, <author><familyName>Nizard</familyName> <givenNames>R</givenNames></author>, <i>et al</i>.: <articleTitle>The medical response to multisite terrorist attacks in Paris</articleTitle>. <journalTitle>Lancet</journalTitle> <pubYear year="2015">2015</pubYear>; <vol>368</vol>:<pageFirst>2535</pageFirst>&#x2013;<pageLast>2538</pageLast></citation>
</bib>
<bib xml:id="voxs12398-bib-0002">
<citation type="other" xml:id="voxs12398-cit-0002"><otherTitle>EFS organization chart</otherTitle>. EFS website: <url href="https://www.efs.sante.fr/lefs-notre-organisation/lorganigramme-de-lefs">https://www.efs.sante.fr/lefs-notre-organisation/lorganigramme-de-lefs</url> [last accessed 01 October 2017]</citation>
</bib>
<bib xml:id="voxs12398-bib-0003">
<citation type="journal" xml:id="voxs12398-cit-0003"><author><familyName>Glasgow</familyName> <givenNames>S</givenNames></author>, <author><familyName>Davenport</familyName> <givenNames>R</givenNames></author>, <author><familyName>Perkins</familyName> <givenNames>Z</givenNames></author>, <i>et al</i>.: <articleTitle>A comprehensive review of blood product use in civilian mass casualty events</articleTitle>. <journalTitle>J Trauma Acute Care Surg</journalTitle> <pubYear year="2013">2013</pubYear>; <vol>75</vol>:<pageFirst>468</pageFirst>&#x2013;<pageLast>474</pageLast>; <url href="https://doi.org/10.1097/ta.0b013e318298efb9">https://doi.org/10.1097/ta.0b013e318298efb9</url></citation>
</bib>
<bib xml:id="voxs12398-bib-0004">
<citation type="other" xml:id="voxs12398-cit-0004"><groupName>Haute Autorit&#x00E9; de Sant&#x00E9; (HAS)</groupName>. <otherTitle>Recommandation de bonne pratique &#x2010; Transfusion de globules rouges homologues: Produits, indications alternatives. M&#x00E9;thode Recommandations pour la pratique clinique</otherTitle>, Nov. 2014 edition, published Feb. 2015: <url href="http://www.has-sante.fr/portail/upload/docs/application/pdf/2015-02/transfusion_de_globules_rouges_homologues_-_produits_indications_alternatives_-_recommandations.pdf">http://www.has-sante.fr/portail/upload/docs/application/pdf/2015-02/transfusion_de_globules_rouges_homologues_-_produits_indications_alternatives_-_recommandations.pdf</url></citation>
</bib>
<bib xml:id="voxs12398-bib-0005">
<citation type="other" xml:id="voxs12398-cit-0005"><otherTitle>Objectives and performance contract signed between EFS, the Minister of Health and the Minister of Finance</otherTitle>: <url href="https://www.efs.sante.fr/les-publications-de-lefs">https://www.efs.sante.fr/les-publications-de-lefs</url> [last accessed 01 October 2017]</citation>
</bib>
<bib xml:id="voxs12398-bib-0006">
<citation type="journal" xml:id="voxs12398-cit-0006"><author><familyName>Swiech</familyName> <givenNames>A</givenNames></author>, <author><familyName>Ausset</familyName> <givenNames>S</givenNames></author>: <articleTitle>Les produits sanguins labiles en 2016</articleTitle>. <journalTitle>R&#x00E9;animation</journalTitle> <pubYear year="2016">2016</pubYear>; <vol>25</vol>:<pageFirst>475</pageFirst>, <url href="https://doi.org/10.1007/s13546-016-1201-8">https://doi.org/10.1007/s13546-016-1201-8</url>: <url href="https://link.springer.com/article/10.1007/s13546-016-1201-8">https://link.springer.com/article/10.1007/s13546-016-1201-8</url></citation>
</bib>
<bib xml:id="voxs12398-bib-0007">
<citation type="journal" xml:id="voxs12398-cit-0007"><author><familyName>Glynn</familyName> <givenNames>SA</givenNames></author>, <author><familyName>Busch</familyName> <givenNames>MP</givenNames></author>, <author><familyName>Schreiber</familyName> <givenNames>G</givenNames></author>, <author><familyName>Kleinman</familyName> <givenNames>SH</givenNames></author>: <articleTitle>Effect of a national disaster on blood supply and safety &#x2010; the September 11 experience</articleTitle>. <journalTitle>JAMA</journalTitle> <pubYear year="2003">2003</pubYear>; <vol>289</vol>:<pageFirst>2253</pageFirst>&#x2013;<pageLast>2246</pageLast></citation>
</bib>
<bib xml:id="voxs12398-bib-0008">
<citation type="journal" xml:id="voxs12398-cit-0008"><author><familyName>Algora&#x2010;Weber</familyName> <givenNames>M</givenNames></author>: <articleTitle>Madrid train bombings: what we have learnt from that sad event</articleTitle>. <journalTitle>ISBT Sci Ser</journalTitle> <pubYear year="2011">2011</pubYear>; <vol>6</vol>: <pageFirst>216</pageFirst>&#x2013;<pageLast>218</pageLast>. <url href="https://doi.org/onlinelibrary.wiley.com/doi/10.1111/j.1751-2824.2011.01486.x/pdf">https://doi.org/onlinelibrary.wiley.com/doi/10.1111/j.1751-2824.2011.01486.x/pdf</url></citation>
</bib>
<bib xml:id="voxs12398-bib-0009">
<citation type="journal" xml:id="voxs12398-cit-0009"><author><familyName>Doughty</familyName> <givenNames>H</givenNames></author>, <author><familyName>Allard</familyName> <givenNames>D</givenNames></author>: <articleTitle>Responding to major incidents &#x2010; lessons learnt from July 2005 London bombings, NHS blood and transplant, blood matters</articleTitle>. <journalTitle>Blood Matters</journalTitle> <pubYear year="2006">2006</pubYear>; <vol>AUTUMN</vol>:<pageFirst>14</pageFirst>. <url href="http://hospital.blood.co.uk/media/27148/bm20.pdf">http://hospital.blood.co.uk/media/27148/bm20.pdf</url></citation>
</bib>
<bib xml:id="voxs12398-bib-0010">
<citation type="journal" xml:id="voxs12398-cit-0010"><author><familyName>Akk&#x00F6;k</familyName> <givenNames>CA</givenNames></author>: <articleTitle>The Oslo Massacre 2011</articleTitle>. <journalTitle>ISBT Sci Ser</journalTitle> <pubYear year="2012">2012</pubYear>; <vol>7</vol>:<pageFirst>240</pageFirst>&#x2013;<pageLast>243</pageLast>. <url href="https://doi.org/onlinelibrary.wiley.com/doi/10.1111/j.1751-2824.2012.01551.x/pdf">https://doi.org/onlinelibrary.wiley.com/doi/10.1111/j.1751-2824.2012.01551.x/pdf</url></citation>
</bib>
<bib xml:id="voxs12398-bib-0011">
<citation type="journal" xml:id="voxs12398-cit-0011"><author><familyName>Kasraian</familyName> <givenNames>L</givenNames></author>: <articleTitle>National disasters in Iran and blood donation: bam earthquake experience</articleTitle>. <journalTitle>IRCMJ</journalTitle> <pubYear year="2010">2010</pubYear>; <vol>12</vol>:<pageFirst>316</pageFirst>&#x2013;<pageLast>318</pageLast>. <url href="https://www.researchgate.net/publication/43225435_National_Disasters_in_Iran_and_Blood_Donation_Bam_Earthquake_Experience">https://www.researchgate.net/publication/43225435_National_Disasters_in_Iran_and_Blood_Donation_Bam_Earthquake_Experience</url></citation>
</bib>
<bib xml:id="voxs12398-bib-0012">
<citation type="other" xml:id="voxs12398-cit-0012"><groupName>Institute for Health Management, Ministry of Health, Malaysia, Malaysia</groupName>: <otherTitle>Impact of the big flood on blood donation pattern</otherTitle>. <url href="http://www.ihm.moh.gov.my/images/files/Journal/journal%20banjir%20full%20latest%20140915.pdf">http://www.ihm.moh.gov.my/images/files/Journal/journal%20banjir%20full%20latest%20140915.pdf</url></citation>
</bib>
<bib xml:id="voxs12398-bib-0013">
<citation type="other" xml:id="voxs12398-cit-0013"><groupName>NCB News</groupName>. <otherTitle>Blood glut in a disaster: too much of a good thing? Vitals</otherTitle>, 21 July 2012: <url href="http://vitals.nbcnews.com/_news/2012/07/21/12879140-blood-glut-in-a-disaster-too-much-of-a-good-thing?lite">http://vitals.nbcnews.com/_news/2012/07/21/12879140-blood-glut-in-a-disaster-too-much-of-a-good-thing?lite</url></citation>
</bib>
<bib xml:id="voxs12398-bib-0014">
<citation type="other" xml:id="voxs12398-cit-0014"><author><familyName>Kidder</familyName> <givenNames>K</givenNames></author>: <otherTitle>Donor surge: the challenge of managing blood donations during disaster</otherTitle>. <url href="https://training.fema.gov/hiedu/studentpapers/kidder%20-%20donor%20surge-challenge%20of%20managing%20blood%20donations%20during%20disaster.doc">https://training.fema.gov/hiedu/studentpapers/kidder%20-%20donor%20surge-challenge%20of%20managing%20blood%20donations%20during%20disaster.doc</url></citation>
</bib>
<bib xml:id="voxs12398-bib-0015">
<citation type="other" xml:id="voxs12398-cit-0015"><author><familyName>Starr</familyName> <givenNames>D</givenNames></author>: <otherTitle>Bad blood: the 9&#x002F;11 blood donation disaster. The New Republic Online</otherTitle>. Issue date: 07.29.02: <url href="http://douglasstarr.com/wp-content/uploads/2012/05/TNR-BAD-BLOOD-Starr.pdf">http://douglasstarr.com/wp-content/uploads/2012/05/TNR-BAD-BLOOD-Starr.pdf</url></citation>
</bib>
<bib xml:id="voxs12398-bib-0016">
<citation type="other" xml:id="voxs12398-cit-0016"><groupName>AABB</groupName>. <otherTitle>Disaster operations handbook &#x2010; coordinating the Nation&#x0027;s blood supply during disasters and biological events</otherTitle>. October 2008 (v. 2.0, PDF): <url href="http://www.aabb.org/programs/disasterresponse/Documents/disastophndbkv2.pdf">http://www.aabb.org/programs/disasterresponse/Documents/disastophndbkv2.pdf</url></citation>
</bib>
</bibliography>
</body>
</component>
