<?xml version="1.0" encoding="US-ASCII" standalone="yes"?>
<component type="serialArticle" version="2.0" xml:id="voxs12368" xml:lang="en" xmlns="http://www.wiley.com/namespaces/wiley" xmlns:wiley="http://www.wiley.com/namespaces/wiley/wiley">
<header>
<publicationMeta level="product">
<doi origin="wiley" registered="yes">10.1111/(ISSN)1751-2824</doi>
<issn type="print">1751-2816</issn>
<issn type="electronic">1751-2824</issn>
<idGroup>
<id type="product" value="VOXS"/>
</idGroup>
<titleGroup>
<title sort="ISBT SCIENCE SERIES" type="main">ISBT Science Series</title>
<title type="short">VOXS</title>
</titleGroup>
</publicationMeta>
<publicationMeta level="part" position="10"><doi origin="wiley">10.1111/voxs.2018.13.issue-1</doi>
<titleGroup>
<title type="specialIssueTitle">27th Regional Congress of the International Society of Blood Transfusion, Copenhagen, Denmark, June 17&#x2010;21, part II</title>
</titleGroup>
<copyright ownership="thirdParty">Copyright ISBT Science Series &#x00A9; 2018 International Society of Blood Transfusion</copyright><numberingGroup><numbering type="journalVolume" number="13">13</numbering><numbering type="journalIssue">1</numbering></numberingGroup><coverDate startDate="2018-02">February 2018</coverDate>
</publicationMeta>
<publicationMeta level="unit" position="110" status="forIssue" type="reviewArticle">
<doi>10.1111/voxs.12368</doi>
<idGroup>
<id type="unit" value="VOXS12368"/>
</idGroup>
<countGroup>
<count number="6" type="pageTotal"/>
</countGroup>
<titleGroup>
<title type="articleCategory">Congress Review</title>
<title type="tocHeading1">27th Regional Congress of the International Society of Blood Transfusion, Copenhagen, Denmark, June 17&#x2010;21, part II</title>
<title type="tocHeading2">Congress Reviews</title>
</titleGroup>
<copyright ownership="thirdParty">&#x00A9; 2017 International Society of Blood Transfusion</copyright>
<eventGroup>
<event agent="SPS" date="2017-07-13" type="xmlCreated"/>
</eventGroup>
<numberingGroup><numbering type="pageFirst">70</numbering><numbering type="pageLast">75</numbering></numberingGroup>
<correspondenceTo>
<lineatedText>
<line><i>Correspondence</i>: Clive R. Seed, Australian Red Cross Blood Service, Level 1, 69 Walters Dr., Osborne Park, Perth, WA 6017, Australia.</line>
<line>E&#x2010;mail: <email>cseed@redcrossblood.org.au</email></line>
</lineatedText>
</correspondenceTo>
<linkGroup>
<link type="toTypesetVersion" href="file:voxs12368.pdf"/>
<link type="toAuthorManuscriptVersion" href="file:voxs12368_am.pdf"/>
</linkGroup>
</publicationMeta>
<contentMeta><countGroup><count type="figureTotal" number="0"/><count type="tableTotal" number="0"/><count type="wordTotal" number="4608"/></countGroup>
<titleGroup>
<title type="main">Value of retaining <fc>HB</fc>sAg donor screening where <fc>HBV NAT</fc> and anti&#x2010;<fc>HB</fc>c donor screening apply</title>
<title type="shortAuthors">C. R. Seed</title>
</titleGroup>
<creators>
<creator affiliationRef="#voxs12368-aff-0001" corresponding="yes" creatorRole="author" xml:id="voxs12368-cr-0001">
<idGroup>
<id type="orcid" value="http://orcid.org/0000-0002-0234-4507"/>
</idGroup>
<personName><givenNames>C. R.</givenNames> <familyName>Seed</familyName></personName>
<contactDetails>
<email>cseed@redcrossblood.org.au</email>
</contactDetails>
</creator>
</creators>
<affiliationGroup>
<affiliation countryCode="AU" type="organization" xml:id="voxs12368-aff-0001"><orgName>Australian Red Cross Blood Service</orgName> <address><city>Perth</city> <country>Australia</country></address></affiliation>
</affiliationGroup>
<keywordGroup type="author">
<keyword xml:id="voxs12368-kwd-0001">blood donation testing</keyword>
<keyword xml:id="voxs12368-kwd-0002">nucleic acid test</keyword>
<keyword xml:id="voxs12368-kwd-0003">residual risk estimation</keyword>
<keyword xml:id="voxs12368-kwd-0004">transfusion&#x2010;transmissible infections</keyword>
</keywordGroup>
<abstractGroup>
<abstract type="main" xml:id="voxs12368-abs-0001">
<p>Hepatitis B virus (<fc>HBV</fc>) is a transfusion&#x2010;transmissible human <fc>DNA</fc> virus with a global distribution. Since the early 1970s, hepatitis B surface antigen (<fc>HB</fc>sAg) detection has been the mainstay to identify donors infected with <fc>HBV</fc>. The implementation of donor <fc>HB</fc>sAg screening substantially reduced but did not eliminate the risk of transfusion&#x2010;transmitted <fc>HBV</fc> (<fc>TT</fc>&#x2010;<fc>HBV</fc>). In the late 1970s, it was recognized that <fc>TT</fc>&#x2010;<fc>HBV</fc> occurred more commonly from <fc>HB</fc>sAg&#x2010;negative donations containing detectable antibodies to the viral core (anti&#x2010;<fc>HB</fc>c) leading to some countries subsequently implementing universal anti&#x2010;<fc>HB</fc>c screening in addition to <fc>HB</fc>sAg.</p>
<p>Since the late 1990s, <fc>HBV</fc> nucleic acid tests (<fc>NAT</fc>s) have been applied to donation screening to &#x2018;close&#x2019; the acute window period, thereby reducing the residual risk of <fc>TT</fc>&#x2010;<fc>HBV</fc>. Their implementation also identified <fc>HB</fc>sAg&#x2010;negative&#x002F;anti&#x2010;<fc>HB</fc>c&#x2010;positive individuals with detectable <fc>HBV DNA</fc>, a novel pattern of infection termed occult hepatitis B infection. A number of countries now combine <fc>HB</fc>sAg, anti&#x2010;<fc>HB</fc>c and <fc>HBV NAT</fc> donation testing, which provides the opportunity to determine the proportional <fc>HBV</fc> risk reduction contribution of each test. The cumulative published data indicate <fc>HBV</fc>&#x2010;infected donors with <fc>HB</fc>sAg as the only marker are exceedingly rare, occurring at a rate of about 1 in 4 million in the largest published study. There are no recorded cases of <fc>TT</fc>&#x2010;<fc>HBV</fc> involving &#x2018;<fc>HB</fc>sAg&#x2010;only&#x2019; positive donors.</p>
<p>Ultimately, <fc>HB</fc>sAg testing retains value for characterizing the <fc>HBV</fc> infection stage, but the accumulating data strongly suggest that <fc>HB</fc>sAg testing now adds little, if any, <fc>TT</fc>&#x2010;<fc>HBV</fc> risk reduction value where sensitive <fc>HBV NAT</fc> and anti&#x2010;<fc>HB</fc>c screening also apply.</p>
</abstract>
</abstractGroup>
</contentMeta>
<noteGroup xml:id="voxs00000-ntgp-1001">
<note numbered="no" xml:id="voxs00000-note-1001">3A&#x2013;S03&#x2013;01</note>
</noteGroup>
</header>
<body sectionsNumbered="no" xml:id="voxs12368-body-0001">
<section xml:id="voxs12368-sec-0001">
<title type="main">Introduction</title>
<p>Hepatitis B virus (HBV) is a human DNA virus composing a lipoprotein envelope which includes the viral protein referred to as hepatitis B surface antigen (HBsAg) and a nucleocapsid which includes the hepatitis B core antigen (HBcAg) and encloses the viral DNA <link href="#voxs12368-bib-0001"/>. In acute symptomatic HBV infection, clinical hepatitis B becomes apparent after an average incubation period of 75 (45&#x2013;180) days <link href="#voxs12368-bib-0002"/>. Elimination of HBV begins several weeks before the onset of symptoms. The spectrum of acute hepatitis B ranges from asymptomatic to self&#x2010;limited hepatitis to fulminant hepatitis. About two&#x2010;thirds of HBV infections in adults are asymptomatic, subclinical and usually undetected. One&#x2010;third develop clinical symptoms and signs of hepatitis, ranging from mild constitutional symptoms of fatigue and nausea to more marked symptoms and jaundice. Less than 1&#x0025; develop fulminant hepatitis which has a mortality rate of about 70&#x0025;. The two major determinants of whether acute HBV infection progresses to chronic infection are age and immune competence at the time of infection. HBV establishes chronic infection in about 90&#x0025; of infants infected at birth, 20&#x2013;30&#x0025; of children infected between the ages of 1 and 5 years and 6&#x0025; of children infected between 5 and 15 years and 1&#x2013;5&#x0025; of patients infected as adults <link href="#voxs12368-bib-0003 #voxs12368-bib-0004"/>.</p>
<p>As HBV infection is characterized by asymptomatic periods of viraemia, during both acute and chronic infection, it can be transmitted by transfusion <link href="#voxs12368-bib-0005 #voxs12368-bib-0006 #voxs12368-bib-0007"/>. Following HBV infection, DNA is the first detectable marker in the blood appearing approximately 2&#x2013;4 weeks postexposure and reaching peak levels of &#x003E;10<sup>9</sup> IU&#x002F;ml, followed by HBsAg which becomes detectable at 4&#x2013;6 weeks. IgM&#x2010;specific antibodies to HBcAg (anti&#x2010;HBc IgM) normally become detectable shortly after the appearance of HBsAg and concurrent with the rise in alanine aminotransferase (ALT). Total anti&#x2010;HBc (IgM initially and then IgG) is maintained at detectable levels for decades and may be lifelong <link href="#voxs12368-bib-0008 #voxs12368-bib-0009"/>.</p>
</section>
<section xml:id="voxs12368-sec-0002">
<title type="main">HBsAg testing &#x2013; great but not perfect</title>
<p>Since the development of the first HBV donor screening test in the early 1970s <link href="#voxs12368-bib-0010"/>, detection of HBsAg has been the mainstay to identify and exclude donors infected with HBV and remains the WHO&#x2010;recommended HBV screening test <link href="#voxs12368-bib-0011"/>. Prior to the widespread adoption of HBsAg testing, it has been estimated that approximately 6&#x0025; of multitransfused recipients acquired transfusion&#x2010;transmitted HBV (TT&#x2010;HBV) <link href="#voxs12368-bib-0012"/>. The implementation of donor HBsAg screening substantially reduced but did not eliminate the risk of TT&#x2010;HBV because HBsAg is a transient marker which appears 4&#x2013;6 weeks after initial infection (referred to as the acute serological window period &#x2013; WP) and may disappear several months after infection <link href="#voxs12368-bib-0008"/>. The duration of the HBsAg testing WP has been incrementally reduced by successive technological refinements to 30&#x2013;50 days for the most sensitive currently available HBsAg assays <link href="#voxs12368-bib-0013 #voxs12368-bib-0014"/>.</p>
<p>Since HBsAg is produced in large excess during active replication, its detection is the basis for an excellent HBV donor screening test. Despite this, even the most sensitive HBsAg tests have limitations, evidenced by ongoing cases of breakthrough infection <link href="#voxs12368-bib-0007 #voxs12368-bib-0015 #voxs12368-bib-0016 #voxs12368-bib-0017"/>. These limitations include the following: lack of detection during the acute window period and early convalescence phase (core window), mutations in the major hydrophilic region of the S antigen (the principal target for commercial HBsAg assays) <link href="#voxs12368-bib-0018"/>, HBV escape mutants <link href="#voxs12368-bib-0019"/>, vaccine breakthrough infection <link href="#voxs12368-bib-0020 #voxs12368-bib-0021"/> and occult HBV infection (OBI) <link href="#voxs12368-bib-0008 #voxs12368-bib-0022"/>.</p>
<p>As HBsAg tests improved and paid donors were removed from the US donor pool, the rate of post&#x2010;transfusion HBV in the United States declined substantially to 0&#x00B7;3&#x2013;1&#x00B7;7&#x0025; <link href="#voxs12368-bib-0023"/>, and by the early 1990s, it was no longer feasible to measure it directly by assessing the rate of post&#x2010;transfusion HBV in transfused patients. Accordingly, a mathematical model, the incidence rate&#x002F;WP model (I&#x002F;WP), was developed to estimate the risk based on the rate of HBsAg seroconversion and the duration of the testing WP <link href="#voxs12368-bib-0024 #voxs12368-bib-0025"/>. Using this method, the residual risk (RR) in a sample of 586 507 US donors donating between 1991 and 1993 was estimated to have declined to approximately 1 in 63 000 (31 000&#x2013;147 000) <link href="#voxs12368-bib-0024"/>. While the estimated HBV RR was low, importantly it was substantially higher than the corresponding values for both HIV (1 in 493 000) and HCV (1 in 103 000). A subsequent US study of American Red Cross donors confirmed that the HBV RR in US donors was falling (approximately 1 in 205 000), but the large disparity between HBV and HIV&#x002F;HCV estimates remained, and indeed had widened because of the implementation of HIV and HCV NAT in 1999 <link href="#voxs12368-bib-0026"/>. Internationally, other modelling studies <link href="#voxs12368-bib-0014 #voxs12368-bib-0027 #voxs12368-bib-0028 #voxs12368-bib-0029"/> also consistently identified a comparatively higher HBV RR, an important consideration in respect of the potential implementation of HBV NAT to reduce the HBV RR.</p>
</section>
<section xml:id="voxs12368-sec-0003">
<title type="main">What about anti&#x2010;HBc testing?</title>
<p>In the late 1970s, it was recognized that post&#x2010;transfusion HBV occurred after transfusion with HBsAg&#x2010;negative donations containing detectable anti&#x2010;HBc <link href="#voxs12368-bib-0030"/>. While some countries (e.g. the United States and France) subsequently implemented universal anti&#x2010;HBc testing in addition to HBsAg, this was invariably as a surrogate marker for HIV or non&#x2010;A&#x2013;non&#x2010;B hepatitis (later identified as HCV), rather than to reduce the risk of TT&#x2010;HBV <link href="#voxs12368-bib-0031"/>.</p>
<p>The additional value of anti&#x2010;HBc testing in the context of reducing the HBV RR where HBsAg applies relates to its ability to detect individuals at the end of acute resolving infection or chronic infection where HBsAg levels may become undetectable <link href="#voxs12368-bib-0032 #voxs12368-bib-0033 #voxs12368-bib-0034"/>. This ability complements that of HBsAg to detect donors in the acute phase of infection, and the combination of the two tests is a very effective strategy <link href="#voxs12368-bib-0035 #voxs12368-bib-0036"/>.</p>
<p>The key limitation of anti&#x2010;HBc tests is their specificity, which is not as high as other donor serological screening tests, principally because they were developed for clinical purposes <link href="#voxs12368-bib-0037"/>. When applied to screening low&#x2010;HBV&#x2010;prevalence populations, a large proportion of reactive results are &#x2018;false positive&#x2019; (29&#x2013;78&#x0025; <link href="#voxs12368-bib-0008 #voxs12368-bib-0038"/>), and in the absence of an accredited confirmatory assay, this can lead to unnecessary deferral of substantial numbers of donors without previous exposure to HBV. Losses of 1&#x2013;7&#x0025; of eligible donors have been identified from studies in low&#x2010;HBV&#x2010;prevalence countries <link href="#voxs12368-bib-0035 #voxs12368-bib-0037 #voxs12368-bib-0039"/> with even higher rates in medium&#x2010; or high&#x2010;HBV&#x2010;prevalence countries. Nonetheless, it is acknowledged that the specificity of anti&#x2010;HBc tests has improved, leading to reduced losses. For example, the donor loss reported in the Netherlands (a low&#x2010;HBV&#x2010;prevalence country) after implementing anti&#x2010;HBc in 2011 was 0&#x00B7;41&#x0025; <link href="#voxs12368-bib-0040"/>.</p>
<p>Postimplementation studies from countries adding anti&#x2010;HBc to HBsAg screening indicate that about 1 in 50 000 donors lacking detectable HBsAg is anti&#x2010;HBc&#x2010; and DNA&#x2010;positive <link href="#voxs12368-bib-0035 #voxs12368-bib-0038"/>. The critical issue (discussed below) is the infectivity of these donations, given about half have detectable anti&#x2010;HBs and generally their viral load is very low.</p>
</section>
<section xml:id="voxs12368-sec-0004">
<title type="main">Impact of HBV DNA testing</title>
<p>The development and implementation of HBV DNA tests in the late 1990s, which were subsequently adapted to blood donation screening (usually) in the form of multiplex (HIV&#x002F;HCV&#x002F;HBV) NAT, resulted in the reduction of the acute HBV WP and, consequently, the HBV RR <link href="#voxs12368-bib-0013 #voxs12368-bib-0041"/>. The WP &#x2018;closure&#x2019; varied, depending on the test and the selected pool size <link href="#voxs12368-bib-0042 #voxs12368-bib-0043 #voxs12368-bib-0044"/>. Studies comparing highly sensitive HBsAg assays with minipool NAT (MP&#x2010;NAT) suggested that there was marginal benefit (in terms of WP reduction) in implementing MP&#x2010;NAT in pool sizes exceeding 8 (MP&#x2010;8) <link href="#voxs12368-bib-0013 #voxs12368-bib-0043"/>. As HBV DNA testing was implemented internationally, it emerged that the rate of detection of NAT&#x2010;only positive (NAT yield) donations varied markedly dependent on a number of factors including the NAT pool size, the regional HBV prevalence and whether or not anti&#x2010;HBc testing had already been implemented. A survey of international NAT programmes in 37 countries reported that of over 114 million donations screened for HBV NAT for the period 1999&#x2013;2009, 1884 (16&#x00B7;5 per million) were HBV NAT&#x2010;only positives, with rates varying markedly from 2&#x00B7;1 (North America) to 105 (Africa) per million <link href="#voxs12368-bib-0041"/>.</p>
<p>In addition to improving detection of acute HBV infection, implementing HBV DNA testing identified that a small proportion of HBsAg&#x2010;negative&#x002F;anti&#x2010;HBc&#x2010;positive individuals had detectable HBV DNA, a novel pattern of HBV chronic infection termed occult hepatitis B virus infection (OBI) <link href="#voxs12368-bib-0008 #voxs12368-bib-0045"/>. International studies have since identified that the median prevalence of OBI detection among HBV&#x2010;infected blood donors is about 1&#x0025;, but variable dependent on the HBV epidemiology of the donor population and sensitivity of the HBV DNA test <link href="#voxs12368-bib-0008 #voxs12368-bib-0041"/>. The viral load in OBI is substantially lower than acute infection, often at the limit of detection of current HBV DNA assays <link href="#voxs12368-bib-0038 #voxs12368-bib-0046 #voxs12368-bib-0047"/>. In the absence of universal anti&#x2010;HBc testing, this complicates the detection of OBI donors who can have intermittently detectable DNA even using the most sensitive individual donation NATs <link href="#voxs12368-bib-0022 #voxs12368-bib-0046"/>.</p>
<p>It has been established that blood components from donors with OBI can transmit HBV infection, albeit at a lower rate (10&#x2010; to 15&#x2010;fold) than blood components collected in the acute window period <link href="#voxs12368-bib-0047 #voxs12368-bib-0048"/>. HBV lookback studies undertaken since the implementation of HBV DNA screening indicate infectivity rates for blood components from OBI donors ranging from &#x003C;2 to 28&#x0025;, most studies between 3&#x0025; and 10&#x0025; <link href="#voxs12368-bib-0005 #voxs12368-bib-0048 #voxs12368-bib-0049 #voxs12368-bib-0050 #voxs12368-bib-0051"/>. There are a number of possible reasons for the wide range including the following: differences in the study testing algorithms and definition of TT&#x2010;HBV, the volume of plasma in transfused components, the anti&#x2010;HBs level in transfused or cotransfused components, and the susceptibility of transfused recipients including whether they are immunosuppressed or have HBV immunity from vaccination or prior exposure. The European lookback study reporting the highest overall infection rate of 28&#x0025; found that the transmission rate for anti&#x2010;HBs&#x2010;negative blood components correlated with the volume of plasma transfused, being highest (85&#x2013;100&#x0025;) with 200 ml of fresh frozen plasma and lowest (24&#x0025;) with red cell concentrates (RCCs) containing 50 ml of plasma <link href="#voxs12368-bib-0052"/>. The anti&#x2010;HBs level and viral load in the component were both determining factors for transmission. Importantly, no transmission occurred in components containing &#x003E; 10 IU&#x002F;l anti&#x2010;HBs, which is consistent with the rarity of such cases reported in the literature <link href="#voxs12368-bib-0053 #voxs12368-bib-0054 #voxs12368-bib-0055"/>.</p>
<p>Accurately estimating the residual risk for HBV is challenging for a number of reasons, but even more so since the identification of OBI as a TT risk component. In countries where anti&#x2010;HBc has been implemented, the residual risk associated with OBI is almost completely mitigated because anti&#x2010;HBc can identify almost all OBI cases. Thus, classical methods <link href="#voxs12368-bib-0025 #voxs12368-bib-0056"/> for estimating HBV WP risk can be applied. For those countries (e.g. Australia and South Africa) where anti&#x2010;HBc has not been implemented, new models have evolved to separately estimate the OBI risk component <link href="#voxs12368-bib-0057 #voxs12368-bib-0058 #voxs12368-bib-0059"/>. Initial modelling conducted in Australia estimated the OBI risk as approximately 1 in 982 000 per unit transfused, constituting the majority (55&#x0025;) of the overall HBV residual risk of 1 in 538 000 <link href="#voxs12368-bib-0057"/>. As new information on the relative infectivity of blood components sourced from donors with OBI emerged (discussed previously), the Australian model was appropriately refined leading to an estimate about 10&#x2010;fold lower (1 in 4 million) <link href="#voxs12368-bib-0058"/>. An alternate model has recently been developed to estimate residual transmission risk of occult hepatitis B virus infection with different blood safety scenarios <link href="#voxs12368-bib-0059"/>. For example, the model estimates that 3&#x00B7;3&#x0025; of all OBI donations are undetected by ID&#x2010;NAT (Ultrio Plus) and cause infection by a blood component containing 20 ml plasma, going up to 8&#x00B7;7&#x0025; when using MP&#x2010;6.</p>
</section>
<section xml:id="voxs12368-sec-0005">
<title type="main">Can we discontinue universal HBsAg testing?</title>
<p>As noted, some countries have implemented HBsAg, anti&#x2010;HBc and HBV NAT, which provides the opportunity to determine the proportional HBV risk reduction contribution of each test. In a large study involving 12&#x00B7;8 million American Red Cross donations screened by HBsAg, anti&#x2010;HBc and MP&#x2010;16 NAT, none of the 1368 HBV&#x2010;confirmed HBV&#x2010;positive donations identified were definitively positive for HBsAg&#x2010;only, and the authors concluded that HBsAg testing showed no blood safety value <link href="#voxs12368-bib-0060"/>. An extension to this study which assessed a further 22&#x00B7;3 million donations identified six (approximately 1 in 3&#x00B7;7 million) positive for HBsAg&#x2010;only, albeit with low signal&#x2010;to&#x2010;cut&#x2010;off ratios <link href="#voxs12368-bib-0061"/>. HBV DNA was undetectable by routine MP&#x2010; or ID&#x2010;NAT in these samples; however, 10 replicate ID&#x2010;NATs detected DNA in 1&#x2013;9 replicates in all six indicative of very low viral load. In the absence of follow&#x2010;up sampling on any of the six donors, the authors were unable to exclude false reactivity to HBsAg and&#x002F;or HBV DNA. The infectivity of blood components from these six donors is unknown. Whether or not these results represent true HBsAg detection, the infectivity of associated blood components is likely to be extremely low because of the very low viral load, indicated by the requirement for multiple replicate ID&#x2010;NATs to detect DNA.</p>
<p>The Netherlands augmented existing HBsAg and MP&#x2010;6 NAT with universal anti&#x2010;HBc in 2011 <link href="#voxs12368-bib-0040"/>. In the first two years postimplementation, 382 173 donors were tested, of which 53 were designated as HBsAg&#x2010;only (all HBV DNA&#x2010;negative by ID&#x2010;NAT). Fifty&#x2010;one of these donors had been vaccinated within two weeks prior to donation, providing a clear rationale for detection of HBsAg&#x2010;only <link href="#voxs12368-bib-0062"/>, while no vaccination information was available for the remaining two donors. Among those donors classified as HBV&#x2010;infected in this study, none were HBsAg&#x2010;only positive.</p>
<p>A number of other countries, including Japan, Germany, France and Canada, apply parallel HBsAg, HBV DNA (MP&#x2010; or ID&#x2010;NAT) and anti&#x2010;HBc testing <link href="#voxs12368-bib-0035 #voxs12368-bib-0037 #voxs12368-bib-0054 #voxs12368-bib-0063"/>. Among published data from these countries, there are no reports of HBsAg&#x2010;only positive samples associated with confirmed HBV&#x2010;infected donors. This also holds true for Australia, where HBsAg, HBV DNA (ID&#x2010;NAT) and targeted anti&#x2010;HBc (testing donors with a history of hepatitis&#x002F;jaundice) have been in place since 2010 <link href="#voxs12368-bib-0022"/>. In addition, two large international NAT studies with parallel HBsAg testing of over 120 million samples failed to identify any HBsAg&#x2010;only samples among those classified as HBV&#x2010;infected <link href="#voxs12368-bib-0041 #voxs12368-bib-0064"/>.</p>
<p>There are a number of possible explanations for HBsAg&#x2010;only samples including the following:</p>
<p>
<list style="1" xml:id="voxs12368-list-0001">

<listItem>False reactivity in screening and neutralization tests</listItem>

<listItem>Transient HBsAg detection following vaccination</listItem>

<listItem>Detection of HBsAg in the absence of DNA or anti&#x2010;HBc in an infected donor.</listItem>
</list>
</p>
<p>Published studies of parallel HBsAg&#x002F;anti&#x2010;HBc&#x002F;HBV DNA testing with adequate follow&#x2010;up to conclusively assign samples to the last category are scarce. What can be concluded from these limited reports is that such samples appear to be very rare, occurring in the largest published study at a rate of approximately 1 in 4 million donations tested. The critical issue is whether or not blood components sourced from the associated donors are infectious and therefore pose any safety risk. While not definitive, to date no reported cases of TT&#x2010;HBV have been associated with transfused components from a donor where the only detectable HBV marker is HBsAg.</p>
<p>HBsAg testing retains value for characterizing the HBV infection stage in infected donors, which is important for optimal donor counselling. The current evidence indicates very little, if any, value in continuing HBsAg screening where sensitive HBV NAT and anti&#x2010;HBc screening also apply, but ultimately the decision has to be made on local jurisdictional bases taking into account HBV epidemiology, local levels of risk tolerance&#x002F;risk perception and regulatory requirements. Recently developed &#x2018;risk&#x2010;based decision frameworks&#x2019; <link href="#voxs12368-bib-0065"/> can provide a structured approach to support such analysis.</p>
</section>
<section type="acknowledgments" xml:id="voxs12368-sec-0006">
<title type="main">Acknowledgements</title>
<p>Thanks to Dr Susan Stramer and Dr Roger Dodd for helpful discussions and Philip Kiely for critically reviewing the manuscript.</p>
</section>
<bibliography cited="yes" style="numbered" xml:id="voxs12368-bibl-0001">
<title type="main">References</title>
<bib xml:id="voxs12368-bib-0001">
<citation type="journal" xml:id="voxs12368-cit-0001"><author><familyName>Ganem</familyName> <givenNames>D</givenNames></author>, <author><familyName>Prince</familyName> <givenNames>AM</givenNames></author>: <articleTitle>Hepatitis B virus infection&#x2013;natural history and clinical consequences</articleTitle>. <journalTitle>N Engl J Med</journalTitle> <pubYear year="2004">2004</pubYear>; <vol>350</vol>:<pageFirst>1118</pageFirst>&#x2013;<pageLast>1129</pageLast></citation>
</bib>
<bib xml:id="voxs12368-bib-0002">
<citation type="other" xml:id="voxs12368-cit-0002"><groupName>World Health Organisation</groupName>: <otherTitle>Hepatitis B factsheet</otherTitle>. available at <url href="http://www.who.int/mediacentre/factsheets/fs204/en/">http://www.who.int/mediacentre/factsheets/fs204/en/</url>, accessed 31 May <pubYear year="2017">2017</pubYear></citation>
</bib>
<bib xml:id="voxs12368-bib-0003">
<citation type="journal" xml:id="voxs12368-cit-0003"><author><familyName>Trepo</familyName> <givenNames>C</givenNames></author>, <author><familyName>Chan</familyName> <givenNames>HL</givenNames></author>, <author><familyName>Lok</familyName> <givenNames>A</givenNames></author>: <articleTitle>Hepatitis B virus infection</articleTitle>. <journalTitle>Lancet</journalTitle> <pubYear year="2014">2014</pubYear>; <vol>384</vol>:<pageFirst>2053</pageFirst>&#x2013;<pageLast>2063</pageLast></citation>
</bib>
<bib xml:id="voxs12368-bib-0004">
<citation type="journal" xml:id="voxs12368-cit-0004"><author><familyName>Beasley</familyName> <givenNames>RP</givenNames></author>: <articleTitle>Rocks along the road to the control of HBV and HCC</articleTitle>. <journalTitle>Ann Epidemiol</journalTitle> <pubYear year="2009">2009</pubYear>; <vol>19</vol>:<pageFirst>231</pageFirst>&#x2013;<pageLast>234</pageLast></citation>
</bib>
<bib xml:id="voxs12368-bib-0005">
<citation type="journal" xml:id="voxs12368-cit-0005"><author><familyName>Candotti</familyName> <givenNames>D</givenNames></author>, <author><familyName>Allain</familyName> <givenNames>JP</givenNames></author>: <articleTitle>Transfusion&#x2010;transmitted hepatitis B virus infection</articleTitle>. <journalTitle>J Hepatol</journalTitle> <pubYear year="2009">2009</pubYear>; <vol>51</vol>:<pageFirst>798</pageFirst>&#x2013;<pageLast>809</pageLast></citation>
</bib>
<bib xml:id="voxs12368-bib-0006">
<citation type="journal" xml:id="voxs12368-cit-0006"><author><familyName>Kleinman</familyName> <givenNames>SH</givenNames></author>, <author><familyName>Lelie</familyName> <givenNames>N</givenNames></author>, <author><familyName>Busch</familyName> <givenNames>MP</givenNames></author>: <articleTitle>Infectivity of human immunodeficiency virus&#x2010;1, hepatitis C virus, and hepatitis B virus and risk of transmission by transfusion</articleTitle>. <journalTitle>Transfusion</journalTitle> <pubYear year="2009">2009</pubYear>; <vol>49</vol>:<pageFirst>2454</pageFirst>&#x2013;<pageLast>2489</pageLast></citation>
</bib>
<bib xml:id="voxs12368-bib-0007">
<citation type="journal" xml:id="voxs12368-cit-0007"><author><familyName>Niederhauser</familyName> <givenNames>C</givenNames></author>, <author><familyName>Weingand</familyName> <givenNames>T</givenNames></author>, <author><familyName>Candotti</familyName> <givenNames>D</givenNames></author>, <i>et al</i>.: <articleTitle>Fatal outcome of a hepatitis B virus transfusion&#x2010;transmitted infection</articleTitle>. <journalTitle>Vox Sang</journalTitle> <pubYear year="2010">2010</pubYear>; <vol>98</vol>:<pageFirst>504</pageFirst>&#x2013;<pageLast>507</pageLast></citation>
</bib>
<bib xml:id="voxs12368-bib-0008">
<citation type="journal" xml:id="voxs12368-cit-0008"><author><familyName>Hollinger</familyName> <givenNames>FB</givenNames></author>: <articleTitle>Hepatitis B virus infection and transfusion medicine: science and the occult</articleTitle>. <journalTitle>Transfusion</journalTitle> <pubYear year="2008">2008</pubYear>; <vol>48</vol>:<pageFirst>1001</pageFirst>&#x2013;<pageLast>1026</pageLast></citation>
</bib>
<bib xml:id="voxs12368-bib-0009">
<citation type="journal" xml:id="voxs12368-cit-0009"><author><familyName>Seeff</familyName> <givenNames>LB</givenNames></author>, <author><familyName>Beebe</familyName> <givenNames>GW</givenNames></author>, <author><familyName>Hoofnagle</familyName> <givenNames>JH</givenNames></author>, <i>et al</i>.: <articleTitle>A serologic follow&#x2010;up of the 1942 epidemic of post&#x2010;vaccination hepatitis in the United States Army</articleTitle>. <journalTitle>N Engl J Med</journalTitle> <pubYear year="1987">1987</pubYear>; <vol>316</vol>:<pageFirst>965</pageFirst>&#x2013;<pageLast>970</pageLast></citation>
</bib>
<bib xml:id="voxs12368-bib-0010">
<citation type="journal" xml:id="voxs12368-cit-0010"><author><familyName>Alter</familyName> <givenNames>HJ</givenNames></author>, <author><familyName>Holland</familyName> <givenNames>PV</givenNames></author>, <author><familyName>Purcell</familyName> <givenNames>RH</givenNames></author>, <i>et al</i>.: <articleTitle>The Ausria test: critical evaluation of sensitivity and specificity</articleTitle>. <journalTitle>Blood</journalTitle> <pubYear year="1973">1973</pubYear>; <vol>42</vol>:<pageFirst>947</pageFirst>&#x2013;<pageLast>957</pageLast></citation>
</bib>
<bib xml:id="voxs12368-bib-0011">
<citation type="book" xml:id="voxs12368-cit-0011"><groupName>World Health Organisation</groupName>: <bookTitle>Screening Donated Blood for Transfusion Transmissible Infections: Recommendations</bookTitle>. <publisherLoc>Geneva</publisherLoc>, <publisherName>World Health Organisation</publisherName>, <pubYear year="2010">2010</pubYear></citation>
</bib>
<bib xml:id="voxs12368-bib-0012">
<citation type="journal" xml:id="voxs12368-cit-0012"><author><familyName>Alter</familyName> <givenNames>HJ</givenNames></author>, <author><familyName>Houghton</familyName> <givenNames>M</givenNames></author>: <articleTitle>Clinical medical research award. Hepatitis C virus and eliminating post&#x2010;transfusion hepatitis</articleTitle>. <journalTitle>Nat Med</journalTitle> <pubYear year="2000">2000</pubYear>; <vol>6</vol>:<pageFirst>1082</pageFirst>&#x2013;<pageLast>1086</pageLast></citation>
</bib>
<bib xml:id="voxs12368-bib-0013">
<citation type="journal" xml:id="voxs12368-cit-0013"><author><familyName>Biswas</familyName> <givenNames>R</givenNames></author>, <author><familyName>Tabor</familyName> <givenNames>E</givenNames></author>, <author><familyName>Hsia</familyName> <givenNames>CC</givenNames></author>, <i>et al</i>.: <articleTitle>Comparative sensitivity of HBV NATs and HBsAg assays for detection of acute HBV infection</articleTitle>. <journalTitle>Transfusion</journalTitle> <pubYear year="2003">2003</pubYear>; <vol>43</vol>:<pageFirst>788</pageFirst>&#x2013;<pageLast>798</pageLast></citation>
</bib>
<bib xml:id="voxs12368-bib-0014">
<citation type="journal" xml:id="voxs12368-cit-0014"><author><familyName>Seed</familyName> <givenNames>CR</givenNames></author>, <author><familyName>Cheng</familyName> <givenNames>A</givenNames></author>, <author><familyName>Ismay</familyName> <givenNames>SL</givenNames></author>, <i>et al</i>.: <articleTitle>Assessing the accuracy of three viral risk models in predicting the outcome of implementing HIV and HCV NAT donor screening in Australia and the implications for future HBV NAT</articleTitle>. <journalTitle>Transfusion</journalTitle> <pubYear year="2002">2002</pubYear>; <vol>42</vol>:<pageFirst>1365</pageFirst>&#x2013;<pageLast>1372</pageLast></citation>
</bib>
<bib xml:id="voxs12368-bib-0015">
<citation type="journal" xml:id="voxs12368-cit-0015"><author><familyName>Larsen</familyName> <givenNames>J</givenNames></author>, <author><familyName>Hetland</familyName> <givenNames>G</givenNames></author>, <author><familyName>Skaug</familyName> <givenNames>K</givenNames></author>: <articleTitle>Posttransfusion hepatitis B transmitted by blood from a hepatitis B surface antigen&#x2010;negative hepatitis B virus carrier</articleTitle>. <journalTitle>Transfusion</journalTitle> <pubYear year="1990">1990</pubYear>; <vol>30</vol>:<pageFirst>431</pageFirst>&#x2013;<pageLast>432</pageLast></citation>
</bib>
<bib xml:id="voxs12368-bib-0016">
<citation type="journal" xml:id="voxs12368-cit-0016"><author><familyName>Saraswat</familyName> <givenNames>S</givenNames></author>, <author><familyName>Banerjee</familyName> <givenNames>K</givenNames></author>, <author><familyName>Chaudhury</familyName> <givenNames>N</givenNames></author>, <i>et al</i>.: <articleTitle>Post&#x2010;transfusion hepatitis type B following multiple transfusions of HBsAg&#x2010;negative blood</articleTitle>. <journalTitle>J Hepatol</journalTitle> <pubYear year="1996">1996</pubYear>; <vol>25</vol>:<pageFirst>639</pageFirst>&#x2013;<pageLast>643</pageLast></citation>
</bib>
<bib xml:id="voxs12368-bib-0017">
<citation type="journal" xml:id="voxs12368-cit-0017"><author><familyName>Wang</familyName> <givenNames>JT</givenNames></author>, <author><familyName>Lee</familyName> <givenNames>CZ</givenNames></author>, <author><familyName>Chen</familyName> <givenNames>PJ</givenNames></author>, <i>et al</i>.: <articleTitle>Transfusion&#x2010;transmitted HBV infection in an endemic area: the necessity of more sensitive screening for HBV carriers</articleTitle>. <journalTitle>Transfusion</journalTitle> <pubYear year="2002">2002</pubYear>; <vol>42</vol>:<pageFirst>1592</pageFirst>&#x2013;<pageLast>1597</pageLast></citation>
</bib>
<bib xml:id="voxs12368-bib-0018">
<citation type="journal" xml:id="voxs12368-cit-0018"><author><familyName>Jongerius</familyName> <givenNames>JM</givenNames></author>, <author><familyName>Wester</familyName> <givenNames>M</givenNames></author>, <author><familyName>Cuypers</familyName> <givenNames>HT</givenNames></author>, <i>et al</i>.: <articleTitle>New hepatitis B virus mutant form in a blood donor that is undetectable in several hepatitis B surface antigen screening assays</articleTitle>. <journalTitle>Transfusion</journalTitle> <pubYear year="1998">1998</pubYear>; <vol>38</vol>:<pageFirst>56</pageFirst>&#x2013;<pageLast>59</pageLast></citation>
</bib>
<bib xml:id="voxs12368-bib-0019">
<citation type="journal" xml:id="voxs12368-cit-0019"><author><familyName>Carman</familyName> <givenNames>WF</givenNames></author>, <author><familyName>Zanetti</familyName> <givenNames>AR</givenNames></author>, <author><familyName>Karayiannis</familyName> <givenNames>P</givenNames></author>, <i>et al</i>.: <articleTitle>Vaccine&#x2010;induced escape mutant of hepatitis B virus</articleTitle>. <journalTitle>Lancet</journalTitle> <pubYear year="1990">1990</pubYear>; <vol>336</vol>:<pageFirst>325</pageFirst>&#x2013;<pageLast>329</pageLast></citation>
</bib>
<bib xml:id="voxs12368-bib-0020">
<citation type="journal" xml:id="voxs12368-cit-0020"><author><familyName>Seed</familyName> <givenNames>CR</givenNames></author>, <author><familyName>Jones</familyName> <givenNames>NT</givenNames></author>, <author><familyName>Pickworth</familyName> <givenNames>AM</givenNames></author>, <i>et al</i>.: <articleTitle>Two cases of asymptomatic HBV &#x201C;vaccine breakthrough&#x201D; infection detected in blood donors screened for HBV DNA</articleTitle>. <journalTitle>Med J Aust</journalTitle> <pubYear year="2012">2012</pubYear>; <vol>196</vol>:<pageFirst>651</pageFirst>&#x2013;<pageLast>652</pageLast></citation>
</bib>
<bib xml:id="voxs12368-bib-0021">
<citation type="journal" xml:id="voxs12368-cit-0021"><author><familyName>Stramer</familyName> <givenNames>SL</givenNames></author>, <author><familyName>Wend</familyName> <givenNames>U</givenNames></author>, <author><familyName>Candotti</familyName> <givenNames>D</givenNames></author>, <i>et al</i>.: <articleTitle>Nucleic acid testing to detect HBV infection in blood donors</articleTitle>. <journalTitle>N Engl J Med</journalTitle> <pubYear year="2011">2011</pubYear>; <vol>364</vol>:<pageFirst>236</pageFirst>&#x2013;<pageLast>247</pageLast></citation>
</bib>
<bib xml:id="voxs12368-bib-0022">
<citation type="journal" xml:id="voxs12368-cit-0022"><author><familyName>Kiely</familyName> <givenNames>P</givenNames></author>, <author><familyName>Margaritis</familyName> <givenNames>AR</givenNames></author>, <author><familyName>Seed</familyName> <givenNames>CR</givenNames></author>, <i>et al</i>.: <articleTitle>Hepatitis B virus nucleic acid amplification testing of Australian blood donors highlights the complexity of confirming occult hepatitis B virus infection</articleTitle>. <journalTitle>Transfusion</journalTitle> <pubYear year="2014">2014</pubYear>; <vol>54</vol>:<pageFirst>2084</pageFirst>&#x2013;<pageLast>2091</pageLast></citation>
</bib>
<bib xml:id="voxs12368-bib-0023">
<citation type="journal" xml:id="voxs12368-cit-0023"><author><familyName>Hoofnagle</familyName> <givenNames>JH</givenNames></author>: <articleTitle>Posttransfusion hepatitis B</articleTitle>. <journalTitle>Transfusion</journalTitle> <pubYear year="1990">1990</pubYear>; <vol>30</vol>:<pageFirst>384</pageFirst>&#x2013;<pageLast>386</pageLast></citation>
</bib>
<bib xml:id="voxs12368-bib-0024">
<citation type="journal" xml:id="voxs12368-cit-0024"><author><familyName>Schreiber</familyName> <givenNames>GB</givenNames></author>, <author><familyName>Busch</familyName> <givenNames>MP</givenNames></author>, <author><familyName>Kleinman</familyName> <givenNames>SH</givenNames></author>, <i>et al</i>.: <articleTitle>The risk of transfusion&#x2010;transmitted viral infections. The Retrovirus Epidemiology Donor Study</articleTitle>. <journalTitle>N Engl J Med</journalTitle> <pubYear year="1996">1996</pubYear>; <vol>334</vol>:<pageFirst>1685</pageFirst>&#x2013;<pageLast>1690</pageLast></citation>
</bib>
<bib xml:id="voxs12368-bib-0025">
<citation type="journal" xml:id="voxs12368-cit-0025"><author><familyName>Korelitz</familyName> <givenNames>JJ</givenNames></author>, <author><familyName>Busch</familyName> <givenNames>MP</givenNames></author>, <author><familyName>Kleinman</familyName> <givenNames>SH</givenNames></author>, <i>et al</i>.: <articleTitle>A method for estimating hepatitis B virus incidence rates in volunteer blood donors. National Heart, Lung, and Blood Institute Retrovirus Epidemiology Donor Study</articleTitle>. <journalTitle>Transfusion</journalTitle> <pubYear year="1997">1997</pubYear>; <vol>37</vol>:<pageFirst>634</pageFirst>&#x2013;<pageLast>640</pageLast></citation>
</bib>
<bib xml:id="voxs12368-bib-0026">
<citation type="journal" xml:id="voxs12368-cit-0026"><author><familyName>Dodd</familyName> <givenNames>RY</givenNames></author>, <author><familyName>Notari</familyName> <givenNames>EPt</givenNames></author>, <author><familyName>Stramer</familyName> <givenNames>SL</givenNames></author>: <articleTitle>Current prevalence and incidence of infectious disease markers and estimated window&#x2010;period risk in the American Red Cross blood donor population</articleTitle>. <journalTitle>Transfusion</journalTitle> <pubYear year="2002">2002</pubYear>; <vol>42</vol>:<pageFirst>975</pageFirst>&#x2013;<pageLast>979</pageLast></citation>
</bib>
<bib xml:id="voxs12368-bib-0027">
<citation type="journal" xml:id="voxs12368-cit-0027"><author><familyName>Muller&#x2010;Breitkreutz</familyName> <givenNames>K</givenNames></author>: <articleTitle>Results of viral marker screening of unpaid blood donations and probability of window period donations in 1997. EPFA Working Group on Quality Assurance</articleTitle>. <journalTitle>Vox Sang</journalTitle> <pubYear year="2000">2000</pubYear>; <vol>78</vol>:<pageFirst>149</pageFirst>&#x2013;<pageLast>157</pageLast></citation>
</bib>
<bib xml:id="voxs12368-bib-0028">
<citation type="journal" xml:id="voxs12368-cit-0028"><author><familyName>Pillonel</familyName> <givenNames>J</givenNames></author>, <author><familyName>Laperche</familyName> <givenNames>S</givenNames></author>, <author><familyName>Saura</familyName> <givenNames>C</givenNames></author>, <i>et al</i>.: <articleTitle>Trends in residual risk of transfusion&#x2010;transmitted viral infections in France between 1992 and 2000</articleTitle>. <journalTitle>Transfusion</journalTitle> <pubYear year="2002">2002</pubYear>; <vol>42</vol>:<pageFirst>980</pageFirst>&#x2013;<pageLast>988</pageLast></citation>
</bib>
<bib xml:id="voxs12368-bib-0029">
<citation type="journal" xml:id="voxs12368-cit-0029"><author><familyName>Alvarez</familyName> <givenNames>M</givenNames></author>, <author><familyName>Oyonarte</familyName> <givenNames>S</givenNames></author>, <author><familyName>Rodriguez</familyName> <givenNames>PM</givenNames></author>, <i>et al</i>.: <articleTitle>Estimated risk of transfusion&#x2010;transmitted viral infections in Spain</articleTitle>. <journalTitle>Transfusion</journalTitle> <pubYear year="2002">2002</pubYear>; <vol>42</vol>:<pageFirst>994</pageFirst>&#x2013;<pageLast>998</pageLast></citation>
</bib>
<bib xml:id="voxs12368-bib-0030">
<citation type="journal" xml:id="voxs12368-cit-0030"><author><familyName>Hoofnagle</familyName> <givenNames>JH</givenNames></author>, <author><familyName>Seeff</familyName> <givenNames>LB</givenNames></author>, <author><familyName>Bales</familyName> <givenNames>ZB</givenNames></author>, <i>et al</i>.: <articleTitle>Type B hepatitis after transfusion with blood containing antibody to hepatitis B core antigen</articleTitle>. <journalTitle>N Engl J Med</journalTitle> <pubYear year="1978">1978</pubYear>; <vol>298</vol>:<pageFirst>1379</pageFirst>&#x2013;<pageLast>1383</pageLast></citation>
</bib>
<bib xml:id="voxs12368-bib-0031">
<citation type="journal" xml:id="voxs12368-cit-0031"><author><familyName>Perkins</familyName> <givenNames>HA</givenNames></author>, <author><familyName>Busch</familyName> <givenNames>MP</givenNames></author>: <articleTitle>Transfusion&#x2010;associated infections: 50 years of relentless challenges and remarkable progress</articleTitle>. <journalTitle>Transfusion</journalTitle> <pubYear year="2010">2010</pubYear>; <vol>50</vol>:<pageFirst>2080</pageFirst>&#x2013;<pageLast>2099</pageLast></citation>
</bib>
<bib xml:id="voxs12368-bib-0032">
<citation type="journal" xml:id="voxs12368-cit-0032"><author><familyName>Allain</familyName> <givenNames>JP</givenNames></author>, <author><familyName>Hewitt</familyName> <givenNames>PE</givenNames></author>, <author><familyName>Tedder</familyName> <givenNames>RS</givenNames></author>, <i>et al</i>.: <articleTitle>Evidence that anti&#x2010;HBc but not HBV DNA testing may prevent some HBV transmission by transfusion</articleTitle>. <journalTitle>Br J Haematol</journalTitle> <pubYear year="1999">1999</pubYear>; <vol>107</vol>:<pageFirst>186</pageFirst>&#x2013;<pageLast>195</pageLast></citation>
</bib>
<bib xml:id="voxs12368-bib-0033">
<citation type="journal" xml:id="voxs12368-cit-0033"><author><familyName>Comanor</familyName> <givenNames>L</givenNames></author>, <author><familyName>Holland</familyName> <givenNames>P</givenNames></author>: <articleTitle>Hepatitis B virus blood screening: unfinished agendas</articleTitle>. <journalTitle>Vox Sang</journalTitle> <pubYear year="2006">2006</pubYear>; <vol>91</vol>:<pageFirst>1</pageFirst>&#x2013;<pageLast>12</pageLast></citation>
</bib>
<bib xml:id="voxs12368-bib-0034">
<citation type="journal" xml:id="voxs12368-cit-0034"><author><familyName>Kojima</familyName> <givenNames>M</givenNames></author>, <author><familyName>Shimizu</familyName> <givenNames>M</givenNames></author>, <author><familyName>Tsuchimochi</familyName> <givenNames>T</givenNames></author>, <i>et al</i>.: <articleTitle>Posttransfusion fulminant hepatitis B associated with precore&#x2010;defective HBV mutants</articleTitle>. <journalTitle>Vox Sang</journalTitle> <pubYear year="1991">1991</pubYear>; <vol>60</vol>:<pageFirst>34</pageFirst>&#x2013;<pageLast>39</pageLast></citation>
</bib>
<bib xml:id="voxs12368-bib-0035">
<citation type="journal" xml:id="voxs12368-cit-0035"><author><familyName>O&#x0027;Brien</familyName> <givenNames>SF</givenNames></author>, <author><familyName>Fearon</familyName> <givenNames>MA</givenNames></author>, <author><familyName>Yi</familyName> <givenNames>QL</givenNames></author>, <i>et al</i>.: <articleTitle>Hepatitis B virus DNA&#x2010;positive, hepatitis B surface antigen&#x2010;negative blood donations intercepted by anti&#x2010;hepatitis B core antigen testing: the Canadian Blood Services experience</articleTitle>. <journalTitle>Transfusion</journalTitle> <pubYear year="2007">2007</pubYear>; <vol>47</vol>:<pageFirst>1809</pageFirst>&#x2013;<pageLast>1815</pageLast></citation>
</bib>
<bib xml:id="voxs12368-bib-0036">
<citation type="journal" xml:id="voxs12368-cit-0036"><author><familyName>Stramer</familyName> <givenNames>SL</givenNames></author>, <author><familyName>Zou</familyName> <givenNames>S</givenNames></author>, <author><familyName>Notari</familyName> <givenNames>EP</givenNames></author>, <i>et al</i>.: <articleTitle>Blood donation screening for hepatitis B virus markers in the era of nucleic acid testing: are all tests of value?</articleTitle> <journalTitle>Transfusion</journalTitle> <pubYear year="2012">2012</pubYear>; <vol>52</vol>:<pageFirst>440</pageFirst>&#x2013;<pageLast>446</pageLast></citation>
</bib>
<bib xml:id="voxs12368-bib-0037">
<citation type="journal" xml:id="voxs12368-cit-0037"><author><familyName>Schmidt</familyName> <givenNames>M</givenNames></author>, <author><familyName>Nubling</familyName> <givenNames>CM</givenNames></author>, <author><familyName>Scheiblauer</familyName> <givenNames>H</givenNames></author>, <i>et al</i>.: <articleTitle>Anti&#x2010;HBc screening of blood donors: a comparison of nine anti&#x2010;HBc tests</articleTitle>. <journalTitle>Vox Sang</journalTitle> <pubYear year="2006">2006</pubYear>; <vol>91</vol>:<pageFirst>237</pageFirst>&#x2013;<pageLast>243</pageLast></citation>
</bib>
<bib xml:id="voxs12368-bib-0038">
<citation type="journal" xml:id="voxs12368-cit-0038"><author><familyName>Kleinman</familyName> <givenNames>SH</givenNames></author>, <author><familyName>Kuhns</familyName> <givenNames>MC</givenNames></author>, <author><familyName>Todd</familyName> <givenNames>DS</givenNames></author>, <i>et al</i>.: <articleTitle>Frequency of HBV DNA detection in US blood donors testing positive for the presence of anti&#x2010;HBc: implications for transfusion transmission and donor screening</articleTitle>. <journalTitle>Transfusion</journalTitle> <pubYear year="2003">2003</pubYear>; <vol>43</vol>:<pageFirst>696</pageFirst>&#x2013;<pageLast>704</pageLast></citation>
</bib>
<bib xml:id="voxs12368-bib-0039">
<citation type="journal" xml:id="voxs12368-cit-0039"><author><familyName>Niederhauser</familyName> <givenNames>C</givenNames></author>, <author><familyName>Mansouri Taleghani</familyName> <givenNames>B</givenNames></author>, <author><familyName>Graziani</familyName> <givenNames>M</givenNames></author>, <i>et al</i>.: <articleTitle>Blood donor screening: how to decrease the risk of transfusion&#x2010;transmitted hepatitis B virus?</articleTitle> <journalTitle>Swiss Med Wkly</journalTitle> <pubYear year="2008">2008</pubYear>; <vol>138</vol>:<pageFirst>134</pageFirst>&#x2013;<pageLast>141</pageLast></citation>
</bib>
<bib xml:id="voxs12368-bib-0040">
<citation type="journal" xml:id="voxs12368-cit-0040"><author><familyNamePrefix>van de</familyNamePrefix> <familyName>Laar</familyName> <givenNames>TJ</givenNames></author>, <author><familyName>Marijt&#x2010;van der Kreek</familyName> <givenNames>T</givenNames></author>, <author><familyName>Molenaar&#x2010;de Backer</familyName> <givenNames>MW</givenNames></author>, <i>et al</i>.: <articleTitle>The yield of universal antibody to hepatitis B core antigen donor screening in the Netherlands, a hepatitis B virus low&#x2010;endemic country</articleTitle>. <journalTitle>Transfusion</journalTitle> <pubYear year="2015">2015</pubYear>; <vol>55</vol>:<pageFirst>1206</pageFirst>&#x2013;<pageLast>1213</pageLast></citation>
</bib>
<bib xml:id="voxs12368-bib-0041">
<citation type="journal" xml:id="voxs12368-cit-0041"><author><familyName>Roth</familyName> <givenNames>WK</givenNames></author>, <author><familyName>Busch</familyName> <givenNames>MP</givenNames></author>, <author><familyName>Schuller</familyName> <givenNames>A</givenNames></author>, <i>et al</i>.: <articleTitle>International survey on NAT testing of blood donations: expanding implementation and yield from 1999 to 2009</articleTitle>. <journalTitle>Vox Sang</journalTitle> <pubYear year="2012">2012</pubYear>; <vol>102</vol>:<pageFirst>82</pageFirst>&#x2013;<pageLast>90</pageLast></citation>
</bib>
<bib xml:id="voxs12368-bib-0042">
<citation type="journal" xml:id="voxs12368-cit-0042"><author><familyName>Stramer</familyName> <givenNames>SL</givenNames></author>, <author><familyName>Brodsky</familyName> <givenNames>JP</givenNames></author>, <author><familyName>Preston</familyName> <givenNames>S</givenNames></author>, <i>et al</i>.: <articleTitle>Comparative sensitivity of HBsAg and HBV NAT</articleTitle>. <journalTitle>Transfusion</journalTitle> <pubYear year="2001">2001</pubYear>; <vol>41</vol>(<issue>Suppl</issue>):<pageFirst>8S</pageFirst></citation>
</bib>
<bib xml:id="voxs12368-bib-0043">
<citation type="journal" xml:id="voxs12368-cit-0043"><author><familyName>Koppelman</familyName> <givenNames>MH</givenNames></author>, <author><familyName>Assal</familyName> <givenNames>A</givenNames></author>, <author><familyName>Chudy</familyName> <givenNames>M</givenNames></author>, <i>et al</i>.: <articleTitle>Multicenter performance evaluation of a transcription&#x2010;mediated amplification assay for screening of human immunodeficiency virus&#x2010;1 RNA, hepatitis C virus RNA, and hepatitis B virus DNA in blood donations</articleTitle>. <journalTitle>Transfusion</journalTitle> <pubYear year="2005">2005</pubYear>; <vol>45</vol>:<pageFirst>1258</pageFirst>&#x2013;<pageLast>1266</pageLast></citation>
</bib>
<bib xml:id="voxs12368-bib-0044">
<citation type="journal" xml:id="voxs12368-cit-0044"><author><familyName>Kleinman</familyName> <givenNames>SH</givenNames></author>, <author><familyName>Busch</familyName> <givenNames>MP</givenNames></author>: <articleTitle>Assessing the impact of HBV NAT on window period reduction and residual risk</articleTitle>. <journalTitle>J Clin Virol</journalTitle> <pubYear year="2006">2006</pubYear>; <vol>36</vol>(<issue>Suppl 1</issue>):<pageFirst>S23</pageFirst>&#x2013;<pageLast>29</pageLast></citation>
</bib>
<bib xml:id="voxs12368-bib-0045">
<citation type="journal" xml:id="voxs12368-cit-0045"><author><familyName>Allain</familyName> <givenNames>JP</givenNames></author>: <articleTitle>Occult hepatitis B virus infection: implications in transfusion</articleTitle>. <journalTitle>Vox Sang</journalTitle> <pubYear year="2004">2004</pubYear>; <vol>86</vol>:<pageFirst>83</pageFirst>&#x2013;<pageLast>91</pageLast></citation>
</bib>
<bib xml:id="voxs12368-bib-0046">
<citation type="journal" xml:id="voxs12368-cit-0046"><author><familyName>Charlewood</familyName> <givenNames>R</givenNames></author>, <author><familyName>Flanagan</familyName> <givenNames>P</givenNames></author>: <articleTitle>Ultrio and Ultrio Plus non&#x2010;discriminating reactives: false reactives or not?</articleTitle> <journalTitle>Vox Sang</journalTitle> <pubYear year="2013">2013</pubYear>; <vol>104</vol>:<pageFirst>7</pageFirst>&#x2013;<pageLast>11</pageLast></citation>
</bib>
<bib xml:id="voxs12368-bib-0047">
<citation type="journal" xml:id="voxs12368-cit-0047"><author><familyName>Vermeulen</familyName> <givenNames>M</givenNames></author>, <author><familyName>Coleman</familyName> <givenNames>C</givenNames></author>, <author><familyName>Walker</familyName> <givenNames>E</givenNames></author>, <i>et al</i>.: <articleTitle>Transmission of occult HBV infection by ID&#x2010;NAT screened blood</articleTitle>. <journalTitle>Vox Sang</journalTitle> <pubYear year="2014">2014</pubYear>; <vol>107</vol>(<issue>Suppl 1</issue>):<pageFirst>146</pageFirst></citation>
</bib>
<bib xml:id="voxs12368-bib-0048">
<citation type="journal" xml:id="voxs12368-cit-0048"><author><familyName>Satake</familyName> <givenNames>M</givenNames></author>, <author><familyName>Taira</familyName> <givenNames>R</givenNames></author>, <author><familyName>Yugi</familyName> <givenNames>H</givenNames></author>, <i>et al</i>.: <articleTitle>Infectivity of blood components with low hepatitis B virus DNA levels identified in a lookback program</articleTitle>. <journalTitle>Transfusion</journalTitle> <pubYear year="2007">2007</pubYear>; <vol>47</vol>:<pageFirst>1197</pageFirst>&#x2013;<pageLast>1205</pageLast></citation>
</bib>
<bib xml:id="voxs12368-bib-0049">
<citation type="journal" xml:id="voxs12368-cit-0049"><author><familyName>Yuen</familyName> <givenNames>MF</givenNames></author>, <author><familyName>Wong</familyName> <givenNames>DK</givenNames></author>, <author><familyName>Lee</familyName> <givenNames>CK</givenNames></author>, <i>et al</i>.: <articleTitle>Transmissibility of hepatitis B virus (HBV) infection through blood transfusion from blood donors with occult HBV infection</articleTitle>. <journalTitle>Clin Infect Dis</journalTitle> <pubYear year="2011">2011</pubYear>; <vol>52</vol>:<pageFirst>624</pageFirst>&#x2013;<pageLast>632</pageLast></citation>
</bib>
<bib xml:id="voxs12368-bib-0050">
<citation type="journal" xml:id="voxs12368-cit-0050"><author><familyName>Su</familyName> <givenNames>TH</givenNames></author>, <author><familyName>Chen</familyName> <givenNames>PJ</givenNames></author>, <author><familyName>Chen</familyName> <givenNames>TC</givenNames></author>, <i>et al</i>.: <articleTitle>The clinical significance of occult hepatitis B transfusion in Taiwan&#x2013;a look&#x2010;back study</articleTitle>. <journalTitle>Transfus Med</journalTitle> <pubYear year="2011">2011</pubYear>; <vol>21</vol>:<pageFirst>33</pageFirst>&#x2013;<pageLast>41</pageLast></citation>
</bib>
<bib xml:id="voxs12368-bib-0051">
<citation type="journal" xml:id="voxs12368-cit-0051"><author><familyName>Lieshout&#x2010;Krikke</familyName> <givenNames>RW</givenNames></author>, <author><familyNamePrefix>van</familyNamePrefix> <familyName>Kraaij</familyName> <givenNames>MG</givenNames></author>, <author><familyName>Danovic</familyName> <givenNames>F</givenNames></author>, <i>et al</i>.: <articleTitle>Rare transmission of hepatitis B virus by Dutch donors with occult infection</articleTitle>. <journalTitle>Transfusion</journalTitle> <pubYear year="2016">2016</pubYear>; <vol>56</vol>:<pageFirst>691</pageFirst>&#x2013;<pageLast>698</pageLast></citation>
</bib>
<bib xml:id="voxs12368-bib-0052">
<citation type="journal" xml:id="voxs12368-cit-0052"><author><familyName>Allain</familyName> <givenNames>JP</givenNames></author>, <author><familyName>Mihaljevic</familyName> <givenNames>I</givenNames></author>, <author><familyName>Gonzalez&#x2010;Fraile</familyName> <givenNames>MI</givenNames></author>, <i>et al</i>.: <articleTitle>Infectivity of blood products from donors with occult hepatitis B virus infection</articleTitle>. <journalTitle>Transfusion</journalTitle> <pubYear year="2013">2013</pubYear>; <vol>53</vol>:<pageFirst>1405</pageFirst>&#x2013;<pageLast>1415</pageLast></citation>
</bib>
<bib xml:id="voxs12368-bib-0053">
<citation type="journal" xml:id="voxs12368-cit-0053"><author><familyName>Levicnik&#x2010;Stezinar</familyName> <givenNames>S</givenNames></author>, <author><familyName>Rahne&#x2010;Potokar</familyName> <givenNames>U</givenNames></author>, <author><familyName>Candotti</familyName> <givenNames>D</givenNames></author>, <i>et al</i>.: <articleTitle>Anti&#x2010;HBs positive occult hepatitis B virus carrier blood infectious in two transfusion recipients</articleTitle>. <journalTitle>J Hepatol</journalTitle> <pubYear year="2008">2008</pubYear>; <vol>48</vol>:<pageFirst>1022</pageFirst>&#x2013;<pageLast>1025</pageLast></citation>
</bib>
<bib xml:id="voxs12368-bib-0054">
<citation type="journal" xml:id="voxs12368-cit-0054"><author><familyName>Taira</familyName> <givenNames>R</givenNames></author>, <author><familyName>Satake</familyName> <givenNames>M</givenNames></author>, <author><familyName>Momose</familyName> <givenNames>S</givenNames></author>, <i>et al</i>.: <articleTitle>Residual risk of transfusion&#x2010;transmitted hepatitis B virus (HBV) infection caused by blood components derived from donors with occult HBV infection in Japan</articleTitle>. <journalTitle>Transfusion</journalTitle> <pubYear year="2013">2013</pubYear>; <vol>53</vol>:<pageFirst>1393</pageFirst>&#x2013;<pageLast>1404</pageLast></citation>
</bib>
<bib xml:id="voxs12368-bib-0055">
<citation type="journal" xml:id="voxs12368-cit-0055"><author><familyName>Spreafico</familyName> <givenNames>M</givenNames></author>, <author><familyName>Berzuini</familyName> <givenNames>A</givenNames></author>, <author><familyName>Foglieni</familyName> <givenNames>B</givenNames></author>, <i>et al</i>.: <articleTitle>Poor efficacy of nucleic acid testing in identifying occult HBV infection and consequences for safety of blood supply in Italy</articleTitle>. <journalTitle>J Hepatol</journalTitle> <pubYear year="2015">2015</pubYear>; <vol>63</vol>:<pageFirst>1068</pageFirst>&#x2013;<pageLast>1076</pageLast></citation>
</bib>
<bib xml:id="voxs12368-bib-0056">
<citation type="journal" xml:id="voxs12368-cit-0056"><author><familyName>Weusten</familyName> <givenNames>J</givenNames></author>, <author><familyName>Vermeulen</familyName> <givenNames>M</givenNames></author>, <author><familyNamePrefix>van</familyNamePrefix> <familyName>Drimmelen</familyName> <givenNames>H</givenNames></author>, <i>et al</i>.: <articleTitle>Refinement of a viral transmission risk model for blood donations in seroconversion window phase screened by nucleic acid testing in different pool sizes and repeat test algorithms</articleTitle>. <journalTitle>Transfusion</journalTitle> <pubYear year="2011">2011</pubYear>; <vol>51</vol>:<pageFirst>203</pageFirst>&#x2013;<pageLast>215</pageLast></citation>
</bib>
<bib xml:id="voxs12368-bib-0057">
<citation type="journal" xml:id="voxs12368-cit-0057"><author><familyName>Seed</familyName> <givenNames>CR</givenNames></author>, <author><familyName>Kiely</familyName> <givenNames>P</givenNames></author>: <articleTitle>A method for estimating the residual risk of transfusion&#x2010;transmitted HBV infection associated with occult hepatitis B virus infection in a donor population without universal anti&#x2010;HBc screening</articleTitle>. <journalTitle>Vox Sang</journalTitle> <pubYear year="2013">2013</pubYear>; <vol>105</vol>:<pageFirst>290</pageFirst>&#x2013;<pageLast>298</pageLast></citation>
</bib>
<bib xml:id="voxs12368-bib-0058">
<citation type="journal" xml:id="voxs12368-cit-0058"><author><familyName>Seed</familyName> <givenNames>CR</givenNames></author>, <author><familyName>Kiely</familyName> <givenNames>P</givenNames></author>, <author><familyName>Hoad</familyName> <givenNames>VC</givenNames></author>, <i>et al</i>.: <articleTitle>Refining the risk estimate for transfusion&#x2010;transmission of occult hepatitis B virus</articleTitle>. <journalTitle>Vox Sang</journalTitle> <pubYear year="2017">2017</pubYear>; <vol>112</vol>:<pageFirst>3</pageFirst>&#x2013;<pageLast>8</pageLast></citation>
</bib>
<bib xml:id="voxs12368-bib-0059">
<citation type="journal" xml:id="voxs12368-cit-0059"><author><familyName>Weusten</familyName> <givenNames>J</givenNames></author>, <author><familyNamePrefix>van</familyNamePrefix> <familyName>Drimmelen</familyName> <givenNames>H</givenNames></author>, <author><familyName>Vermeulen</familyName> <givenNames>M</givenNames></author>, <i>et al</i>.: <articleTitle>A mathematical model for estimating residual transmission risk of occult hepatitis B virus infection with different blood safety scenarios</articleTitle>. <journalTitle>Transfusion</journalTitle> <pubYear year="2017">2017</pubYear>; <vol>57</vol>:<pageFirst>841</pageFirst>&#x2013;<pageLast>849</pageLast></citation>
</bib>
<bib xml:id="voxs12368-bib-0060">
<citation type="journal" xml:id="voxs12368-cit-0060"><author><familyName>Stramer</familyName> <givenNames>SL</givenNames></author>, <author><familyName>Notari</familyName> <givenNames>EP</givenNames></author>, <author><familyName>Krysztof</familyName> <givenNames>DE</givenNames></author>, <i>et al</i>.: <articleTitle>Hepatitis B virus testing by minipool nucleic acid testing: does it improve blood safety?</articleTitle> <journalTitle>Transfusion</journalTitle> <pubYear year="2013">2013</pubYear>; <vol>53</vol>(<issue>Suppl 3</issue>):<pageFirst>2449</pageFirst>&#x2013;<pageLast>2458</pageLast></citation>
</bib>
<bib xml:id="voxs12368-bib-0061">
<citation type="other" xml:id="voxs12368-cit-0061"><author><familyName>Dodd</familyName> <givenNames>R</givenNames></author>, <author><familyName>Stramer</familyName> <givenNames>S</givenNames></author>: <otherTitle>Adieu HBsAg? IPFA&#x002F;PEI 23rd international workshop on surveillance and screening of blood&#x2010;borne pathogens</otherTitle>. Lisbon, <pubYear year="2016">2016</pubYear></citation>
</bib>
<bib xml:id="voxs12368-bib-0062">
<citation type="journal" xml:id="voxs12368-cit-0062"><author><familyName>Seed</familyName> <givenNames>CR</givenNames></author>, <author><familyName>Lee</familyName> <givenNames>JF</givenNames></author>, <author><familyName>Maloney</familyName> <givenNames>R</givenNames></author>, <i>et al</i>.: <articleTitle>Hepatitis B surface antigenemia in blood donors after vaccination</articleTitle>. <journalTitle>Transfusion</journalTitle> <pubYear year="1996">1996</pubYear>; <vol>36</vol>:<pageFirst>386</pageFirst></citation>
</bib>
<bib xml:id="voxs12368-bib-0063">
<citation type="journal" xml:id="voxs12368-cit-0063"><author><familyName>Laperche</familyName> <givenNames>S</givenNames></author>, <author><familyName>Maniez</familyName> <givenNames>M</givenNames></author>, <author><familyName>Barlet</familyName> <givenNames>V</givenNames></author>, <i>et al</i>.: <articleTitle>A revised method for estimating hepatitis B virus transfusion residual risk based on antibody to hepatitis B core antigen incident cases</articleTitle>. <journalTitle>Transfusion</journalTitle> <pubYear year="2008">2008</pubYear>; <vol>48</vol>:<pageFirst>2308</pageFirst>&#x2013;<pageLast>2314</pageLast></citation>
</bib>
<bib xml:id="voxs12368-bib-0064">
<citation type="journal" xml:id="voxs12368-cit-0064"><author><familyName>Lelie</familyName> <givenNames>N</givenNames></author>, <author><familyName>Bruhn</familyName> <givenNames>R</givenNames></author>, <author><familyName>Busch</familyName> <givenNames>M</givenNames></author>, <i>et al</i>.: <articleTitle>Detection of different categories of hepatitis B virus (HBV) infection in a multi&#x2010;regional study comparing the clinical sensitivity of hepatitis B surface antigen and HBV&#x2010;DNA testing</articleTitle>. <journalTitle>Transfusion</journalTitle> <pubYear year="2017">2017</pubYear>; <vol>57</vol>:<pageFirst>24</pageFirst>&#x2013;<pageLast>35</pageLast></citation>
</bib>
<bib xml:id="voxs12368-bib-0065">
<citation type="journal" xml:id="voxs12368-cit-0065"><author><familyName>Menitove</familyName> <givenNames>JE</givenNames></author>, <author><familyName>Leach Bennett</familyName> <givenNames>J</givenNames></author>, <author><familyName>Tomasulo</familyName> <givenNames>P</givenNames></author>, <i>et al</i>.: <articleTitle>How safe is safe enough, who decides and how? From a zero&#x2010;risk paradigm to risk&#x2010;based decision making</articleTitle> <journalTitle>Transfusion</journalTitle> <pubYear year="2014">2014</pubYear>; <vol>54</vol>:<pageFirst>753</pageFirst>&#x2013;<pageLast>757</pageLast></citation>
</bib>
</bibliography>
</body>
</component>
