<?xml version="1.0" encoding="US-ASCII" standalone="yes"?>
<component type="serialArticle" version="2.0" xml:id="voxs12366" xml:lang="en" xmlns="http://www.wiley.com/namespaces/wiley" xmlns:wiley="http://www.wiley.com/namespaces/wiley/wiley">
<header>
<publicationMeta level="product">
<doi origin="wiley" registered="yes">10.1111/(ISSN)1751-2824</doi>
<issn type="print">1751-2816</issn>
<issn type="electronic">1751-2824</issn>
<idGroup>
<id type="product" value="VOXS"/>
</idGroup>
<titleGroup>
<title sort="ISBT SCIENCE SERIES" type="main">ISBT Science Series</title>
<title type="short">VOXS</title>
</titleGroup>
</publicationMeta>
<publicationMeta level="part" position="10"><doi origin="wiley">10.1111/voxs.2018.13.issue-1</doi>
<titleGroup>
<title type="specialIssueTitle">27th Regional Congress of the International Society of Blood Transfusion, Copenhagen, Denmark, June 17&#x2010;21, part II</title>
</titleGroup>
<copyright ownership="thirdParty">Copyright ISBT Science Series &#x00A9; 2018 International Society of Blood Transfusion</copyright><numberingGroup><numbering type="journalVolume" number="13">13</numbering><numbering type="journalIssue">1</numbering></numberingGroup><coverDate startDate="2018-02">February 2018</coverDate>
</publicationMeta>
<publicationMeta level="unit" position="160" status="forIssue" type="reviewArticle">
<doi>10.1111/voxs.12366</doi>
<idGroup>
<id type="unit" value="VOXS12366"/>
</idGroup>
<countGroup>
<count number="4" type="pageTotal"/>
</countGroup>
<titleGroup>
<title type="articleCategory">Congress Review</title>
<title type="tocHeading1">27th Regional Congress of the International Society of Blood Transfusion, Copenhagen, Denmark, June 17&#x2010;21, part II</title>
<title type="tocHeading2">Congress Reviews</title>
</titleGroup>
<copyright ownership="thirdParty">&#x00A9; 2017 International Society of Blood Transfusion</copyright>
<eventGroup>
<event agent="SPS" date="2017-07-13" type="xmlCreated"/>
</eventGroup>
<numberingGroup><numbering type="pageFirst">101</numbering><numbering type="pageLast">104</numbering></numberingGroup>
<correspondenceTo>
<lineatedText>
<line><i>Correspondence</i>: Erhard Seifried, University Clinic of the Goethe&#x2010;University Frankfurt&#x002F;Main<i>,</i> DRK&#x2010;Blutspendedienst Baden&#x2010;Wuerttemberg&#x2010;Hessen<i>,</i> Sandhofstrasse 1<i>,</i> 60528 Frankfurt am Main<i>,</i> Germany.</line>
<line>E&#x2010;mails: <email>e.seifried@blutspende.de</email> or <email>m.mueller@blutsende.de</email></line>
</lineatedText>
</correspondenceTo>
<linkGroup>
<link type="toTypesetVersion" href="file:voxs12366.pdf"/>
<link type="toAuthorManuscriptVersion" href="file:voxs12366_am.pdf"/>
</linkGroup>
</publicationMeta>
<contentMeta><countGroup><count type="figureTotal" number="0"/><count type="tableTotal" number="0"/><count type="wordTotal" number="2802"/></countGroup>
<titleGroup>
<title type="main">Blood transfusion: one unit too much or one unit too few &#x2013; which strategy poses the smallest risk to the patient?</title>
<title type="shortAuthors">E. Seifrie &#x0026; M. M. Mueller</title>
</titleGroup>
<creators>
<creator affiliationRef="#voxs12366-aff-0001" corresponding="yes" creatorRole="author" xml:id="voxs12366-cr-0001">
<personName><givenNames>E.</givenNames> <familyName>Seifried</familyName></personName>
<contactDetails>
<email>e.seifried@blutspende.de</email>
</contactDetails>
</creator>
<creator affiliationRef="#voxs12366-aff-0001" creatorRole="author" xml:id="voxs12366-cr-0002">
<personName><givenNames>M. M.</givenNames> <familyName>Mueller</familyName></personName>
<contactDetails>
<email>m.mueller@blutsende.de</email>
</contactDetails>
</creator>
</creators>
<affiliationGroup>
<affiliation countryCode="DE" type="organization" xml:id="voxs12366-aff-0001"><orgDiv>Institute for Transfusion Medicine and Immunohematology</orgDiv> <orgDiv>German Red Cross Blood Transfusion Service Baden&#x2010;Wuerttemberg &#x2013; Hessen</orgDiv> <orgName>University Clinic of the Goethe&#x2010;University</orgName> <address><city>Frankfurt&#x002F;Main</city> <country>Germany</country></address></affiliation>
</affiliationGroup>
<keywordGroup type="author">
<keyword xml:id="voxs12366-kwd-0001">blood transfusion</keyword>
<keyword xml:id="voxs12366-kwd-0002">haemoglobin measurement</keyword>
<keyword xml:id="voxs12366-kwd-0003">preoperative treatment of anaemia</keyword>
<keyword xml:id="voxs12366-kwd-0004">transfusion triggers</keyword>
</keywordGroup>
<abstractGroup>
<abstract type="main" xml:id="voxs12366-abs-0001" xml:lang="en">
<p>The last decades saw numerous prospective clinical trials using different haemoglobin levels as transfusion triggers for packed red blood cell transfusion. In most studies, a restrictive strategy with a lower haemoglobin value as transfusion trigger and a lower haemoglobin target range was compared to a more liberal strategy with higher patient haemoglobin values already triggering transfusion. While such studies answered some important clinical questions in well&#x2010;defined study patient populations, many more questions in this field are still open. Studies in patients suffering from acute or chronic neurological disorders, whether traumatic or not, trials in haematological or gynaecological patients are still very scarce or were performed in extremely small cohorts. In addition, the haemoglobin measurement in daily clinical routine suffers from methodological, technical and operational shortcomings. This might impair clinical decisions regarding transfusion triggers. Preoperative anaemia poses a risk for the perioperative outcome of the patient. Thus, it is worthwhile to explore a potential causal relationship between the extent of preoperative anaemia and perioperative mortality. From the existing retrospective trial data comparing preoperative anaemia and perioperative outcome, no such decision can be taken. The best transfusion strategy and the optimal dosing for packed red blood cells are still missing in most indications. Sufficiently powered, prospective, randomized, controlled clinical transfusion trials for packed red blood cells in most clinical settings are urgently needed to reduce ill&#x2010;founded clinical decisions and to base transfusion strategies on clinical evidence and scientific study results.</p>
</abstract>
</abstractGroup>
</contentMeta>
<noteGroup xml:id="voxs00000-ntgp-1001">
<note numbered="no" xml:id="voxs00000-note-1001">3A&#x2013;S04&#x2013;01</note>
</noteGroup>
</header>
<body sectionsNumbered="no" xml:id="voxs12366-body-0001">
<section xml:id="voxs12366-sec-0001">
<title type="main">Introduction</title>
<p>The amount of transfused blood increased during the last century and peaked in most highly developed countries at the end of the last decade. During the recent decade, however, in most highly developed countries, a decline in the numbers of packed red blood cells (RBC) transfused was observed. This decline which represents up to 20&#x2013;30&#x0025; of the peak RBC use in some countries was mainly triggered by an advancement in surgical techniques as well as medical treatment and the implementation of patient blood management (PBM) in these countries. However, financial restrictions in the healthcare system in some countries also had their share in a reduction in RBC use. It is important for all physicians involved in blood transfusion, procurement and production of blood components as well as the clinical application of such components to make sure that blood products, which are a scarce commodity, are used according to the best possible strategy and subsequently outcome for the (potentially transfused) patients.</p>
<p>Transfusion of packed red blood cells (RBC) is a therapeutic measure as safe as never before in clinical medicine. However, infections and other risks such as interference with the recipient&#x2032;s immune system cannot be ruled out by a pharmaceutical which contains allogeneic cells. It seems therefore prudent to transfuse &#x2018;as much as necessary, as little as possible&#x2019; in order to avoid unnecessary exposure of the recipient&#x0027;s immune system to foreign cells as well as plasma constituents. On the other hand, prevention of manifest anaemic tissue hypoxia with permanent damage to recipient&#x2032;s organs by prophylactic RBC transfusion as desired pharmacological effect must not be lost from physician&#x2032;s sight.</p>
<p>In this complicated clinical question, statistical considerations have to be taken into account as well. Retrospective analyses correlating RBC transfusion with poor clinical outcome such as mortality, metastasis, infection, sepsis or tumour growth are not appropriate to establish a causal relationship between RBC transfusion and such results. Only prospective, controlled and randomized clinical trials can answer these questions.</p>
<p>Since 1999, more than thirty prospective, controlled and randomized trials clinical trials covering restrictive versus liberal transfusion strategies have been published to date. Several meta&#x2010;analyses have skilfully combined these prospective trial results into summary findings. In most of these trials, the restrictive strategy used a lower haemoglobin value as transfusion trigger, for example a haemoglobin value of 7 g&#x002F;dl or 8 g&#x002F;dl and a lower haemoglobin target range (about 9 g&#x002F;dl), compared to a more liberal strategy with higher patient haemoglobin values (9 g&#x002F;dl or 10 g&#x002F;dl) already triggering transfusion and a target range of 10 g&#x002F;dl to 12 g&#x002F;dl.</p>
<p>These RBC transfusion trigger studies cover only a small group of patients in an even smaller group of indications. Therefore, most clinical indications are still uncovered by prospective, controlled and randomized clinical trials.</p>
<p>In addition, the methodological quality of different national RBC transfusion guidelines and the evidence base of more restrictive RBC transfusion thresholds need much improvement still <link href="#voxs12366-bib-0001"/>. Hans van Remoortel and colleagues in 2016 analysed, that the only RBC transfusion thresholds which are based on high&#x2010;quality evidence are the Hb &#x003C;7 g&#x002F;dl threshold for intensive care patients and the &#x003C;8 g&#x002F;dl for post&#x2010;operative patients. Only four of 32 recommendations had a high&#x2010;quality evidence base <link href="#voxs12366-bib-0001"/>.</p>
</section>
<section xml:id="voxs12366-sec-0002">
<title type="main">Dosing of blood components in clinical use: the platelet concentrate example</title>
<p>The desired pharmacological effect of the transfusion of a platelet concentrate (PC) is primary (and subsequent secondary) haemostasis. Early studies <link href="#voxs12366-bib-0002"/> showed that spontaneous bleeding starts even in clinically stable hyporegenerative patients, when their platelet count drops below 10 000 platelets per <i>&#x03BC;</i>l. Even more important, later studies <link href="#voxs12366-bib-0003"/> showed that patient&#x2032;s platelet counts below the threshold mentioned above also increase the risk for severe and disabling or potentially lethal bleeding. A transfusion trigger of 10 000 platelets&#x002F;<i>&#x03BC;</i>l in clinically stable thrombocytopenic haematological patients without fever, splenomegaly or other disorders affecting platelet survival or coagulation status has been established during the last decades.</p>
<p>More recent trials <link href="#voxs12366-bib-0004"/> also answered the question of prophylactic (&#x003D; before bleeding) vs. non&#x2010;prophylactic (&#x003D; already bleeding; &#x003D; therapeutic) PC transfusion in patients suffering from haematological cancers. Here, the benefit of prophylactic PC transfusion was especially shown in acute leukaemia patients <link href="#voxs12366-bib-0004"/>.</p>
<p>The Platelet Dose (PLADO) trial <link href="#voxs12366-bib-0005"/> compared prophylactic PC transfusion in thrombocytopenic (platelet count &#x003C; 10 000&#x002F;<i>&#x03BC;</i>l) patients after stem cell transplantation or chemotherapy in malignant diseases using three different dose groups. While increasing the number of PC transfusions per study period, the low&#x2010;dose prophylactic PC transfusion regimen led to the smallest amount of platelets transfused compared to the medium&#x2010; or high&#x2010;dose regimen. In the dosing interval used in the PLADO trial (1&#x00B7;1 to 4&#x00B7;4 &#x00D7; 10E11 platelets transfused per square metre of the patient), the number of platelets prophylactically transfused in this study had no effect whatsoever on the incidence of bleeding in this study population.</p>
</section>
<section xml:id="voxs12366-sec-0003">
<title type="main">Dosing of packed red blood cell concentrates in daily clinical routine: Still open questions</title>
<p>Compared to the relatively well&#x2010;defined patient population receiving PC transfusions and at least some of the important clinical questions concerning PC transfusion already answered, the situation is more complex and less clear for RBC transfusion.</p>
<p>The desired pharmacological effect of RBC transfusion is the prevention of manifest anaemic tissue hypoxia, mainly in brain and heart tissue, but subsequently also in all other tissues.</p>
<p>While bleeding assessment requires well trained and dedicated observers and is by no means an easy daily task to perform, the detection of threatening anaemic tissue hypoxia is by far more difficult. Therefore, laboratory surrogate parameters like haemoglobin level or haematocrit are often chosen to supplement the clinical decision for or against RBC transfusion.</p>
<p>However, more and more clinical studies show that the precision of haemoglobin measurement strongly depends on the methodology used and that point&#x2010;of&#x2010;care measurement used in daily routine quite often lacks precision <link href="#voxs12366-bib-0006"/>. The authors of one of these studies concluded that &#x2018;clinicians should carefully consider these limits of agreement before basing transfusion or other clinical decisions on these point&#x2010;of&#x2010;care measurements alone&#x2019; <link href="#voxs12366-bib-0006"/>.</p>
<p>Prospective controlled and randomized clinical RBC transfusion trigger trials <link href="#voxs12366-bib-0007 #voxs12366-bib-0008 #voxs12366-bib-0009 #voxs12366-bib-0010 #voxs12366-bib-0011"/>, however, clearly base the decision in favour of or against RBC transfusion directly on a haemoglobin threshold. It is therefore important to become aware of the potential shortcomings of this decision process.</p>
<p>While in clinically stable intensive care patients <link href="#voxs12366-bib-0007"/> and elderly patients at high cardiovascular risk in their individual history undergoing hip replacement surgery <link href="#voxs12366-bib-0008 #voxs12366-bib-0009"/> might not benefit from a liberal transfusion strategy, such a liberal strategy might be beneficial for patients with symptomatic coronary artery disease <link href="#voxs12366-bib-0010"/> and patients undergoing cardiac surgery <link href="#voxs12366-bib-0011"/>. It is therefore not possible to generalize a &#x2018;no harm&#x2019; signal for all patient groups, but to closely watch the individual patient and the current literature dealing with transfusion strategies for the procedure, this patient is undergoing. In addition, as Marek Mirski and colleagues concluded in their important &#x2018;Critical Care&#x2019; review <link href="#voxs12366-bib-0012"/>: &#x2018;Until future studies further define the role of RBC transfusion in these specific scenarios, a restrictive transfusion strategy should be recommended within the well&#x2010;studied patient population and clinical conditions, and the clinicians must continue to use their experience and bedside clinical judgement to advocate the best management for their patients&#x2019;. <link href="#voxs12366-bib-0012"/>.</p>
</section>
<section xml:id="voxs12366-sec-0004">
<title type="main">Meta&#x2010;analyses of RBC transfusion threshold studies</title>
<p>Several meta&#x2010;analyses of RBC transfusion threshold studies have been published within the last years <link href="#voxs12366-bib-0013 #voxs12366-bib-0014"/>. The 2016 Cochrane Library analysis of 31 clinical trials concluded that while a restrictive RBC transfusion strategy reduced the proportion of patients exposed to RBC transfusions by 43&#x0025; compared to the liberal RBC transfusion strategy, there was no evidence for a statistically significant difference in 30&#x2010;day mortality of study populations exposed to restrictive or liberal RBC transfusion strategies <link href="#voxs12366-bib-0013"/>. Likewise, there was no difference in the incidence of cardiac events, myocardial infarction, stroke, pneumonia, thromboembolic events or infections between the patients exposed to one of the two different RBC transfusion strategies mentioned above.</p>
<p>The authors also concluded that there were insufficient data to decide on a RBC transfusion strategy in patients suffering from acute coronary syndrome, myocardial infarction, neurological injuries, traumatic brain injuries, acute neurological disorders, stroke, thrombocytopenia, cancer, haematological malignancies or bone marrow failure <link href="#voxs12366-bib-0013"/>. One might also add gynaecological diseases and obstetrical problems to this list. Therefore, most of the clinical entities currently lack sufficient data to come to an informed decision regarding a restrictive or a liberal RBC transfusion strategy.</p>
<p>As long as there are insufficient data to decide on a restrictive or a liberal RBC transfusion strategy, it might be a good advice to decide on an individual patient basis according to the acute clinical situation and keep the previous transfusion strategy until new study data become available.</p>
<p>Another meta&#x2010;analysis <link href="#voxs12366-bib-0014"/> concluded that &#x2018;restrictive transfusion strategies should be applied with caution in high&#x2010;risk patients undergoing major surgery&#x2019; <link href="#voxs12366-bib-0014"/>.</p>
<p>The question remains whether meta&#x2010;analyses are prone to &#x2018;dilute&#x2019; small, but potentially therapeutically meaningful effects in subgroups of the study populations by &#x2018;pooling&#x2019; clinical data. In addition, extra care must be taken to include only high&#x2010;level study data in order to get clinically relevant meta&#x2010;analysis results.</p>
</section>
<section xml:id="voxs12366-sec-0005">
<title type="main">The preoperative anaemia problem</title>
<p>Retrospective studies <link href="#voxs12366-bib-0015"/> revealed preoperative anaemia as an independent risk factor for an adverse outcome after non&#x2010;cardiac surgery. Unfortunately, such a retrospective analysis cannot help in solving the clinically most important problem whether preoperative anaemia is causal to an increase in postoperative mortality and morbidity or only a risk marker for patients doing less well perioperatively.</p>
<p>It would be worthwhile to conduct clinical trials comparing outcome after non&#x2010;cardiac surgery in preoperative anaemic patients randomized to either (1) treatment of the preoperative anaemia vs. (2) no treatment of preoperative treatment. Different treatment arms could be compared in such prospective, controlled and randomized clinical studies. Iron&#x2010;deficient anaemia might be treated with oral iron, i.v. iron or iron combined with erythropoietin&#x2010;receptor stimulating agents (ESA), while other forms of preoperative anaemia including anaemia due to blood loss or bone marrow failure might be treated by RBC transfusion.</p>
<p>To our knowledge, no such study directly comparing, for example, blood transfusion vs., for example, i.v. iron vs. doing nothing in a prospective randomized and sufficiently sized form has been published up to today.</p>
</section>
<section xml:id="voxs12366-sec-0006">
<title type="main">Conclusions</title>
<p>While older retrospective observations erroneously suggested a causal relationship between RBC transfusion and long&#x2010;term morbidity like infections, metastasis or tumour growth, the rare prospective, controlled and randomized clinical trials dealing with this question <link href="#voxs12366-bib-0009"/> were able to show that their &#x2018;[&#x2026;] findings do not support hypotheses that blood transfusion leads to long&#x2010;term immunosuppression [&#x2026;]&#x2019; <link href="#voxs12366-bib-0009"/>. Elderly FOCUS study patients treated in the liberal RBC transfusion strategy group, in which 97&#x0025; of patients received RBCs, showed no differences in 3&#x2010;year mortality or causes of death compared to the FOCUS study patients treated within the restrictive RBC transfusion study group, in which only 41&#x0025; of patients received RBCs. Therefore, RBC transfusion did not influence morbidity, nor mortality, nor causes of death in this high&#x2010;risk elderly patient group with underlying cardiovascular diseases or risk factors <link href="#voxs12366-bib-0009"/>.</p>
<p>Although this is reassuring data, a great deal of questions regarding best RBC transfusion strategy and RBC dosing still remains unanswered.</p>
<p>The therapeutic dose of RBC, a &#x2018;single bag of packed red blood cells&#x2019;, might not be an optimal dosing. Other specifications like the whole amount of haemoglobin transfused, for example in grams, might be an alternative to be tested in clinical trials. In addition, patient weight and body surface might also serve as an indicator for the optimal RBC dosing. However, these novel dosing ideas have to be tested in clinical trials first before they can be recommended for daily use.</p>
<p>Clinical outcome measures like 30&#x2010;day mortality or in&#x2010;hospital mortality might be too crude a parameter in order to detect even clinically relevant differences in subgroups of patients. On the other hand, less strict clinical parameters might be prone to observer bias.</p>
<p>Sufficiently sized, prospective, randomized, controlled RBC transfusion trigger studies are still lacking for most medical, gynaecological, obstetric, neurological and haematological&#x002F;oncological indications and patient groups. In addition, clinically instable patients like patients suffering from acute bleeding are currently not sufficiently included in RBC transfusion trigger studies. Such patients often need RBC, PC and plasma products during one treatment period, therefore making correlations between blood products and clinical outcome even more difficult. As difficult as they might be, it is most important to find financial resources and experienced study groups to internationally initialize and execute such clinical trials.</p>
<p>Inaction in this field might endanger future blood supply, if blood donors and clinicians get the wrong impression of a danger indwelling within blood transfusion.</p>
<p>Similar to all other medical decisions, RBC transfusion strategies should be based on clinical evidence and scientific study results. It becomes more and more evident that different patient groups need different RBC transfusion strategies.</p>
</section>
<bibliography cited="yes" style="numbered" xml:id="voxs12366-bibl-0001">
<title type="main">References</title>
<bib xml:id="voxs12366-bib-0001">
<citation type="journal" xml:id="voxs12366-cit-0001"><author><familyName>Van Remoortel</familyName> <givenNames>H</givenNames></author>, <author><familyNamePrefix>de</familyNamePrefix> <familyName>Buck</familyName> <givenNames>E</givenNames></author>, <author><familyName>Dieltjens</familyName> <givenNames>T</givenNames></author>, <i>et al</i>.: <articleTitle>Methodological quality assessment of red blood cell transfusion guidelines and the evidence base of more restrictive transfusion thresholds</articleTitle>. <journalTitle>Transfusion</journalTitle> <pubYear year="2016">2016</pubYear>; <vol>56</vol>:<pageFirst>472</pageFirst>&#x2013;<pageLast>480</pageLast></citation>
</bib>
<bib xml:id="voxs12366-bib-0002">
<citation type="journal" xml:id="voxs12366-cit-0002"><author><familyName>Slichter</familyName> <givenNames>SJ</givenNames></author>, <author><familyName>Harker</familyName> <givenNames>LA</givenNames></author>: <articleTitle>Thrombocytopenia: mechanisms and management of defects in platelet production</articleTitle>. <journalTitle>Clin Haematol</journalTitle> <pubYear year="1978">1978</pubYear>; <vol>7</vol>:<pageFirst>523</pageFirst>&#x2013;<pageLast>539</pageLast></citation>
</bib>
<bib xml:id="voxs12366-bib-0003">
<citation type="journal" xml:id="voxs12366-cit-0003"><author><familyName>Gm&#x00FC;r</familyName> <givenNames>J</givenNames></author>, <author><familyName>Burger</familyName> <givenNames>J</givenNames></author>, <author><familyName>Schanz</familyName> <givenNames>U</givenNames></author>, <i>et al</i>.: <articleTitle>Safety of stringent prophylactic platelet transfusion policy for patients with acute leukaemia</articleTitle>. <journalTitle>Lancet</journalTitle> <pubYear year="1991">1991</pubYear>; <vol>338</vol>:<pageFirst>1223</pageFirst>&#x2013;<pageLast>1226</pageLast></citation>
</bib>
<bib xml:id="voxs12366-bib-0004">
<citation type="journal" xml:id="voxs12366-cit-0004"><author><familyName>Stanworth</familyName> <givenNames>SJ</givenNames></author>, <author><familyName>Estcourt</familyName> <givenNames>LJ</givenNames></author>, <author><familyName>Powter</familyName> <givenNames>G</givenNames></author>, <i>et al</i>.: <articleTitle>A no&#x2010;prophylaxis platelet&#x2010;transfusion strategy for hematologic cancers</articleTitle>. <journalTitle>N Engl J Med</journalTitle> <pubYear year="2013">2013</pubYear>; <vol>368</vol>:<pageFirst>1771</pageFirst>&#x2013;<pageLast>1780</pageLast></citation>
</bib>
<bib xml:id="voxs12366-bib-0005">
<citation type="journal" xml:id="voxs12366-cit-0005"><author><familyName>Slichter</familyName> <givenNames>SJ</givenNames></author>, <author><familyName>Kaufman</familyName> <givenNames>RM</givenNames></author>, <author><familyName>Assmann</familyName> <givenNames>SF</givenNames></author>, <i>et al</i>.: <articleTitle>Dose of prophylactic platelet transfusions and prevention of hemorrhage</articleTitle>. <journalTitle>N Engl J Med</journalTitle> <pubYear year="2010">2010</pubYear>; <vol>362</vol>:<pageFirst>600</pageFirst>&#x2013;<pageLast>613</pageLast></citation>
</bib>
<bib xml:id="voxs12366-bib-0006">
<citation type="journal" xml:id="voxs12366-cit-0006"><author><familyName>Hiscock</familyName> <givenNames>R</givenNames></author>, <author><familyName>Kumar</familyName> <givenNames>D</givenNames></author>, <author><familyName>Simmons</familyName> <givenNames>SW</givenNames></author>: <articleTitle>Systematic review and meta&#x2010;analysis of method comparison studies of Masimo pulse co&#x2010;oximeters (Radical&#x2010;7&#x2122; or Pronto&#x2010;7&#x2122;) and HemoCue&#x00AE; absorption spectrometers (B&#x2010;Hemoglobin or 201&#x002B;) with laboratory haemoglobin estimation</articleTitle>. <journalTitle>Anaesth Intensive Care</journalTitle> <pubYear year="2015">2015</pubYear>; <vol>43</vol>:<pageFirst>341</pageFirst>&#x2013;<pageLast>350</pageLast></citation>
</bib>
<bib xml:id="voxs12366-bib-0007">
<citation type="journal" xml:id="voxs12366-cit-0007"><author><familyName>H&#x00E9;bert</familyName> <givenNames>PC</givenNames></author>, <author><familyName>Wells</familyName> <givenNames>G</givenNames></author>, <author><familyName>Blajchman</familyName> <givenNames>MA</givenNames></author>, <i>et al</i>.: <articleTitle>A multicenter, randomized, controlled clinical trial of transfusion requirements in critical care</articleTitle>. <journalTitle>N Engl J Med</journalTitle> <pubYear year="1999">1999</pubYear>; <vol>340</vol>:<pageFirst>409</pageFirst>&#x2013;<pageLast>417</pageLast></citation>
</bib>
<bib xml:id="voxs12366-bib-0008">
<citation type="journal" xml:id="voxs12366-cit-0008"><author><familyName>Carson</familyName> <givenNames>JL</givenNames></author>, <author><familyName>Terrin</familyName> <givenNames>ML</givenNames></author>, <author><familyName>Noveck</familyName> <givenNames>H</givenNames></author>, <i>et al</i>.: <articleTitle>Liberal or restrictive transfusion in high&#x2010;risk patients after hip surgery</articleTitle>. <journalTitle>N Engl J Med</journalTitle> <pubYear year="2011">2011</pubYear>; <vol>365</vol>:<pageFirst>2453</pageFirst>&#x2013;<pageLast>2462</pageLast></citation>
</bib>
<bib xml:id="voxs12366-bib-0009">
<citation type="journal" xml:id="voxs12366-cit-0009"><author><familyName>Carson</familyName> <givenNames>JL</givenNames></author>, <author><familyName>Sieber</familyName> <givenNames>F</givenNames></author>, <author><familyName>Cook</familyName> <givenNames>DR</givenNames></author>, <i>et al</i>.: <articleTitle>Liberal versus restrictive blood transfusion strategy: 3&#x2010;year survival and cause of death results from the FOCUS randomised controlled trial</articleTitle>. <journalTitle>Lancet</journalTitle> <pubYear year="2015">2015</pubYear>; <vol>385</vol>:<pageFirst>1183</pageFirst>&#x2013;<pageLast>1189</pageLast></citation>
</bib>
<bib xml:id="voxs12366-bib-0010">
<citation type="journal" xml:id="voxs12366-cit-0010"><author><familyName>Carson</familyName> <givenNames>JL</givenNames></author>, <author><familyName>Brooks</familyName> <givenNames>MM</givenNames></author>, <author><familyName>Abbott</familyName> <givenNames>JD</givenNames></author>, <i>et al</i>.: <articleTitle>Liberal versus restrictive transfusion thresholds for patients with symptomatic coronary artery disease</articleTitle>. <journalTitle>Am Heart J</journalTitle> <pubYear year="2013">2013</pubYear>; <vol>165</vol>:<pageFirst>964</pageFirst>&#x2013;<pageLast>971</pageLast></citation>
</bib>
<bib xml:id="voxs12366-bib-0011">
<citation type="journal" xml:id="voxs12366-cit-0011"><author><familyName>Murphy</familyName> <givenNames>GJ</givenNames></author>, <author><familyName>Pike</familyName> <givenNames>K</givenNames></author>, <author><familyName>Rogers</familyName> <givenNames>CA</givenNames></author>, <i>et al</i>.: <articleTitle>Liberal or restrictive transfusion after cardiac surgery</articleTitle>. <journalTitle>N Engl J Med</journalTitle> <pubYear year="2015">2015</pubYear>; <vol>372</vol>:<pageFirst>997</pageFirst>&#x2013;<pageLast>1008</pageLast></citation>
</bib>
<bib xml:id="voxs12366-bib-0012">
<citation type="journal" xml:id="voxs12366-cit-0012"><author><familyName>Mirski</familyName> <givenNames>MA</givenNames></author>, <author><familyName>Frank</familyName> <givenNames>SM</givenNames></author>, <author><familyName>Kor</familyName> <givenNames>DJ</givenNames></author>, <i>et al</i>.: <articleTitle>Restrictive and liberal red cell transfusion strategies in adult patients: reconciling clinical data with best practice</articleTitle>. <journalTitle>Crit Care</journalTitle> <pubYear year="2015">2015</pubYear>; <vol>19</vol>:<pageFirst>202</pageFirst>&#x2013;<pageLast>213</pageLast></citation>
</bib>
<bib xml:id="voxs12366-bib-0013">
<citation type="journal" xml:id="voxs12366-cit-0013"><author><familyName>Carson</familyName> <givenNames>JL</givenNames></author>, <author><familyName>Stanworth</familyName> <givenNames>SJ</givenNames></author>, <author><familyName>Roubinian</familyName> <givenNames>N</givenNames></author>, <i>et al</i>.: <articleTitle>Transfusion thresholds and other strategies for guiding allogeneic red blood cell transfusion</articleTitle>. <journalTitle>Cochrane Database of Syst Rev</journalTitle> <pubYear year="2016">2016</pubYear>; (<issue>10</issue>):<pageFirst>CD002042</pageFirst></citation>
</bib>
<bib xml:id="voxs12366-bib-0014">
<citation type="journal" xml:id="voxs12366-cit-0014"><author><familyName>Hovaguimian</familyName> <givenNames>F</givenNames></author>, <author><familyName>Myles</familyName> <givenNames>PS</givenNames></author>: <articleTitle>Restrictive versus liberal transfusion strategy in the perioperative and acute care settings. A context&#x2010;specific systematic review and meta&#x2010;analysis of randomised controlled trials</articleTitle>. <journalTitle>Anaesthesiology</journalTitle> <pubYear year="2016">2016</pubYear>; <vol>125</vol>:<pageFirst>46</pageFirst>&#x2013;<pageLast>61</pageLast></citation>
</bib>
<bib xml:id="voxs12366-bib-0015">
<citation type="journal" xml:id="voxs12366-cit-0015"><author><familyName>Musallam</familyName> <givenNames>KM</givenNames></author>, <author><familyName>Tamim</familyName> <givenNames>HM</givenNames></author>, <author><familyName>Richards</familyName> <givenNames>T</givenNames></author>, <i>et al</i>.: <articleTitle>Preoperative anaemia and postoperative outcomes in non&#x2010;cardiac surgery: a retrospective cohort study</articleTitle>. <journalTitle>Lancet</journalTitle> <pubYear year="2011">2011</pubYear>; <vol>378</vol>:<pageFirst>1396</pageFirst>&#x2013;<pageLast>1407</pageLast></citation>
</bib>
</bibliography>
</body>
</component>
