<?xml version="1.0" encoding="US-ASCII" standalone="yes"?>
<component type="serialArticle" version="2.0" xml:id="voxs12397" xml:lang="en" xmlns="http://www.wiley.com/namespaces/wiley" xmlns:wiley="http://www.wiley.com/namespaces/wiley/wiley">
<header>
<publicationMeta level="product">
<doi origin="wiley" registered="yes">10.1111/(ISSN)1751-2824</doi>
<issn type="print">1751-2816</issn>
<issn type="electronic">1751-2824</issn>
<idGroup>
<id type="product" value="VOXS"/>
</idGroup>
<titleGroup>
<title sort="ISBT SCIENCE SERIES" type="main">ISBT Science Series</title>
<title type="short">VOXS</title>
</titleGroup>
</publicationMeta>
<publicationMeta level="part" position="10"><doi origin="wiley">10.1111/voxs.2018.13.issue-1</doi>
<titleGroup>
<title type="specialIssueTitle">27th Regional Congress of the International Society of Blood Transfusion, Copenhagen, Denmark, June 17&#x2010;21, part II</title>
</titleGroup>
<copyright ownership="thirdParty">Copyright ISBT Science Series &#x00A9; 2018 International Society of Blood Transfusion</copyright><numberingGroup><numbering type="journalVolume" number="13">13</numbering><numbering type="journalIssue">1</numbering></numberingGroup><coverDate startDate="2018-02">February 2018</coverDate>
</publicationMeta>
<publicationMeta level="unit" position="40" status="forIssue" type="reviewArticle">
<doi>10.1111/voxs.12397</doi>
<idGroup>
<id type="unit" value="VOXS12397"/>
</idGroup>
<countGroup>
<count number="7" type="pageTotal"/>
</countGroup>
<titleGroup>
<title type="articleCategory">Congress Review</title>
<title type="tocHeading1">27th Regional Congress of the International Society of Blood Transfusion, Copenhagen, Denmark, June 17&#x2010;21, part II</title>
<title type="tocHeading2">Congress Reviews</title>
</titleGroup>
<copyright ownership="thirdParty">&#x00A9; 2017 International Society of Blood Transfusion</copyright>
<eventGroup>
<event agent="SPS" date="2017-09-26" type="xmlCreated"></event>
</eventGroup>
<numberingGroup><numbering type="pageFirst">16</numbering><numbering type="pageLast">22</numbering></numberingGroup>
<correspondenceTo>
<lineatedText>
<line><i>Correspondence</i>: Laura Infanti, Regional Blood Transfusion Center, Swiss Red Cross, Hebelstrasse 10, Basel 4031, Switzerland.</line>
<line>E&#x2010;mail: <email>laura.infanti@usb.ch</email></line>
</lineatedText>
</correspondenceTo>
<linkGroup>
<link type="toTypesetVersion" href="file:voxs12397.pdf"/>
<link type="toAuthorManuscriptVersion" href="file:voxs12397_am.pdf"/>
</linkGroup>
</publicationMeta>
<contentMeta><countGroup><count type="figureTotal" number="0"/><count type="tableTotal" number="3"/><count type="wordTotal" number="4965"/></countGroup>
<titleGroup>
<title type="main">Red cell apheresis: pros and cons</title>
<title type="shortAuthors">L. Infanti</title>
</titleGroup>
<creators>
<creator affiliationRef="#voxs12397-aff-0001" corresponding="yes" creatorRole="author" xml:id="voxs12397-cr-0001">
<idGroup>
<id type="orcid" value="http://orcid.org/0000-0001-7241-426X"/>
</idGroup>
<personName><givenNames>L.</givenNames> <familyName>Infanti</familyName></personName>
<contactDetails><email>laura.infanti@usb.ch</email></contactDetails>
</creator>
</creators>
<affiliationGroup>
<affiliation countryCode="CH" type="organization" xml:id="voxs12397-aff-0001"><orgDiv>Blood Donation Center</orgDiv> <orgName>Swiss Red Cross</orgName> <address><city>Basel</city> <country>Switzerland</country></address></affiliation>
</affiliationGroup>
<keywordGroup type="author">
<keyword xml:id="voxs12397-kwd-0001">apheresis</keyword>
<keyword xml:id="voxs12397-kwd-0002">blood components</keyword>
<keyword xml:id="voxs12397-kwd-0003">red cells</keyword>
</keywordGroup>
<abstractGroup>
<abstract type="main" xml:id="voxs12397-abs-0001">
<p>The collection of red blood cells (<fc>RBC</fc>) by apheresis, first developed in the 1970&#x0027;s for therapeutic use, for many years was not considered suitable for obtaining blood components for transfusion because of concerns on donor safety and elevated costs compared to whole blood (<fc>WB</fc>) donation. Single&#x2010;dose <fc>RBC</fc> apheresis as a part of multicomponent collections and double&#x2010;dose <fc>RBC</fc> (2<fc>RBC</fc>) apheresis for autologous and allogeneic transfusions were approved by the <fc>FDA</fc> between 1995 and 1997, and in Europe starting from 2000. The widespread implementation of these procedures followed mainly to address blood supply issues, as large numbers of blood components can be rapidly obtained. However, this potential advantage has been only partially confirmed in real practice, with striking regional differences. Limitations of 2RBC collections regarding both blood supply and donor safety have emerged. In particular, donor motivation, iron deficiency and risk of anaemia are issues that need to be addressed. On the other side, 2<fc>RBC</fc> apheresis represents a valuable alternative to <fc>WB</fc> collection for autologous or dedicated donations, can reduce the risk of alloimmunization in chronically transfused patients and can facilitate transfusion support in specific cases (i.e. patients with multiple alloantibodies or rare blood groups). Reducing patient exposure to different donors can also be relevant for preventing the transmission of blood&#x2010;borne infections.</p>
</abstract>
</abstractGroup>
</contentMeta>
<noteGroup xml:id="voxs00000-ntgp-1001">
<note numbered="no" xml:id="voxs00000-note-1001">2D&#x2013;S07&#x2013;01</note>
</noteGroup>
</header>
<body sectionsNumbered="no" xml:id="voxs12397-body-0001">
<section xml:id="voxs12397-sec-0001">
<title type="main">Introduction</title>
<p>Automated red blood cell (RBC) collections are performed for both therapeutic and preparative purposes. In blood donors, RBC components can be obtained as a part of multicomponent apheresis or double&#x2010;dose RBC (2RBC) donations. Thanks to the development of new collection systems, and as demonstrated by experience, today, RBC apheresis is considered safe for the donor, although particular care is given to the selection of subjects who are suitable for these procedures.</p>
<p>The necessity of assuring sufficiency for RBC components was the principal reason that initially led to the implementation of 2RBC collections in many countries, but in the recent decade, the opposite trends are being observed in different parts of the world.</p>
<p>In the last years, the most significant changes in transfusion medicine concern the more difficult recruitment and motivation of healthy volunteers for blood donation due to socio&#x2010;demographic developments, the overall decreasing usage of RBC transfusions mainly because of the widespread adoption of Patient Blood Management programs and the overall increasing number of patients receiving regular transfusions thanks to the broader availability of medical care and longer life expectancy.</p>
<p>In this review, advantages and drawbacks of RBC apheresis (summarized in Table&#x00A0;<link href="#voxs12397-tbl-0001"/>) will be discussed, focusing in particular on the role of 2RBC collections in assuring sufficiency, and the implications of this type of donation for the blood donor and for the recipients of transfusions.</p>
<tabular copyright="John Wiley &#x0026; Sons, Ltd" xml:id="voxs12397-tbl-0001">
<title type="main">Overview of the advantages and disadvantages of double&#x2010;dose RBC (2RBC) apheresis</title>
<table colsep="0" frame="topbot" pgwide="1" rowsep="0">
<tgroup cols="3">
<colspec colname="col1" colnum="1" colsep="0"></colspec>
<colspec colname="col2" colnum="2" colsep="0"></colspec>
<colspec colname="col3" colnum="3" colsep="0"></colspec>
<thead valign="top">
<row rowsep="1">
<entry align="left" colname="col1"></entry>
<entry align="left" colname="col2">Advantages</entry>
<entry align="left" colname="col3">Disadvantages</entry>
</row>
</thead>
<tbody>
<row>
<entry align="left" colname="col1" morerows="2">Blood donation staff</entry>
<entry align="left" colname="col2" morerows="2"></entry>
<entry align="left" colname="col3">More workload (donor selection, scheduling and performing procedures)</entry>
</row>
<row>
<entry align="left" colname="col3">Higher costs</entry>
</row>
<row>
<entry align="left" colname="col3">Greater logistic effort needed for performing procedures on mobile donation sites</entry>
</row>
<row>
<entry align="left" colname="col1">Manufacturing</entry>
<entry align="left" colname="col2">No postdonation processing of the apheresis product</entry>
<entry align="left" colname="col3">No collection of plasma and of buffy coat units</entry>
</row>
<row>
<entry align="left" colname="col1">Laboratory testing</entry>
<entry align="left" colname="col2">One testing for two RBC components</entry>
<entry align="left" colname="col3">Two RBC units discarded if positive screening test for infections or postdonation information</entry>
</row>
<row>
<entry align="left" colname="col1" morerows="2">Quality of RBC components</entry>
<entry align="left" colname="col2">Higher standardization for Hb content and Htc</entry>
<entry align="left" colname="col3" morerows="2"></entry>
</row>
<row>
<entry align="left" colname="col2">Better process control</entry>
</row>
<row>
<entry align="left" colname="col2">Higher ATP and 2&#x2013;3 DPG, lower haemolysis, free K&#x002B; and free Hb</entry>
</row>
<row>
<entry align="left" colname="col1" morerows="3">Blood donor</entry>
<entry align="left" colname="col2" morerows="3">Maximal contribution to blood supply with less visits</entry>
<entry align="left" colname="col3">Reduced number of eligible donors (stringent selection criteria)</entry>
</row>
<row>
<entry align="left" colname="col3">More frequently (minor) adverse events and postdonation fatigue</entry>
</row>
<row>
<entry align="left" colname="col3">High risk of iron deficiency and anaemia</entry>
</row>
<row>
<entry align="left" colname="col3">Not always available on mobile donation sites</entry>
</row>
<row>
<entry align="left" colname="col1">RBC procurement</entry>
<entry align="left" colname="col2">Rapid and efficient RBC collection</entry>
<entry align="left" colname="col3">Lower number of RBC units&#x002F;donor&#x002F;year collected</entry>
</row>
<row>
<entry align="left" colname="col1" morerows="2">Recipient of two RBC units from one donation</entry>
<entry align="left" colname="col2">Reduced risk of alloimmunization</entry>
<entry align="left" colname="col3" morerows="2"></entry>
</row>
<row>
<entry align="left" colname="col2">Reduced risk of transfusion&#x2010;transmitted infections</entry>
</row>
<row>
<entry align="left" colname="col2">Higher consistency in volume and Hb content</entry>
</row>
</tbody>
</tgroup>
</table>
</tabular>
</section>
<section xml:id="voxs12397-sec-0002">
<title type="main">Practical aspects of 2RBC apheresis and quality of automatically collected RBC units</title>
<p>Single&#x2010;dose RBC can be obtained in multicomponent aphereses with the Amicus (Fresenius Kabi, Lake Zurich, IL, USA), the Trima Accel (Terumo BCT, Lakewood, CO, USA) and the MCS&#x002B; (Haemonetics, Braintree, MA, USA) devices. Collections of 2RBC units are performed with the MCS&#x002B;, the Trima and the ALYX. With all systems, predefined absolute RBC volumes with small variations are obtained <link href="#voxs12397-bib-0001 #voxs12397-bib-0002"/>. With 2RBC procedures, cell volumes of 360, 400 or 420&#x00A0;ml can be collected that are then manually divided into two single&#x2010;dose units.</p>
<p>For the blood donation staff, the workload for multicomponent and 2RBC aphereses is overall greater than that for whole blood (WB) collections, because scheduling the donations and performing the procedures are more time&#x2010;consuming and the whole donation process is more cost intensive. The mean duration of a 2RBC procedure is about 33&#x00A0;min with the MCS&#x002B; and 26&#x00A0;min with the Trima for obtaining 420 and 400&#x00A0;ml RBC, respectively <link href="#voxs12397-bib-0003"/>, and 25&#x00A0;min with the ALYX for collecting 360&#x00A0;ml RBC <link href="#voxs12397-bib-0004"/>. Importantly, also the recruitment of 2RBC donors is more difficult due to the specific selection criteria required, as discussed below. Moreover, although frequently done by many institutions, mainly in the United States, logistic problems (transport of the device, longer time needed for a single donation, turnaround time for staff and donors and organization of workflow) can limit the feasibility of 2RBC collections at mobile donation sites.</p>
<p>On the contrary, for manufacturing and laboratory testing, 2RBC collections are associated with reduced workload and costs, as no postdonation processing is required and testing is carried out only once for two therapeutic RBC units. In 2RBC apheresis, leucocyte removal by filtration is performed in&#x2010;line during or at the end of the procedure, and the collected cell volume is distributed in two storage bags of equal weight automatically. As no further manipulation is needed, no RBC loss occurs. However, a disadvantage of 2RBC collections is that no plasma units and buffy coats for the manufacturing of platelet products can be obtained, as these components are returned to the donor. This limitation can be important depending on the short&#x2010;term needs for specific blood products, but blood collection centres performing 2RBC apheresis can schedule 2RBC or WB collections according to component&#x2010;specific or time&#x2010;bound demands. For example, more 2RBC donations of selected blood groups (i.e. O negative) can be planned before holiday periods or in case of particular threads for RBC procurement (i.e. flu epidemics); conversely, more WB collections can be targeted, if buffy coat units for the production of platelet components are needed <link href="#voxs12397-bib-0001 #voxs12397-bib-0005"/>. As a further disadvantage<b>,</b> in case of a true or unspecific positive screening test in a 2RBC donor or following postdonation information, two RBC units have to be discarded.</p>
<p>Because an absolute specified RBC volume is obtained, independently of the donor&#x0027;s haematocrit, RBC units from apheresis have more consistent haemoglobin (Hb) levels, RBC mass and haematocrit compared to those from WB donations <link href="#voxs12397-bib-0003 #voxs12397-bib-0006"/>. The higher standardization of automatically collected RBC units is also of advantage for the applications of Good Manufacturing Practices due to a better process control in all steps of component production <link href="#voxs12397-bib-0006"/>. Published data demonstrated very good <i>in&#xA0;vitro</i> quality of single&#x2010;dose and 2RBC products obtained with all collection systems and full compliance with regulatory requirements <link href="#voxs12397-bib-0007"/>. Notably, with respect to some storage parameters (ATP and 2&#x2013;3 DPG content, extent of haemolysis, amount of free K&#x002B; and free Hb) and rheology characteristics, a better quality of automatically collected RBC components was reported compared to those from WB collections <link href="#voxs12397-bib-0008 #voxs12397-bib-0009"/>. A possible explanation for this qualitative difference is the continuous and uniform mixing of the cells with the anticoagulant that occurs during apheresis, with a more constant anticoagulant to RBC ratio, which reduces the lesion of collection of RBC <link href="#voxs12397-bib-0003 #voxs12397-bib-0008"/>.</p>
</section>
<section xml:id="voxs12397-sec-0003">
<title type="main">RBC apheresis from the perspective of the blood donor</title>
<p>For the blood donor, but also for the blood collection centre, the principal advantage of donating 2RBC by apheresis is that a maximal contribution to blood supply with less visits is provided.</p>
<p>Aiming to reduce risks for adverse events (AEs) and iron depletion (ID), more stringent criteria regarding total blood volume (TBV) and Hb cut&#x2010;offs are applied for the selection of 2RBC donors, who are also allowed to donate less frequently than WB donors. The Council of Europe requires a TBV of &#x2265; 4&#x00B7;5&#x00A0;l (estimated on gender, height and weight) and a minimal predonation Hb level &#x2265; 140&#x00A0;g&#x002F;l; the maximal RBC volume to be collected varies according to gender, TBV and Hb level and must not exceed 400&#x00A0;ml; the minimal interval between two 2RBC aphereses is 6 and 4&#x00A0;months for women and men, respectively. Monitoring of iron stores is recommended for 2RBC donors providing more RBC volume&#x002F;year than that allowed for WB donations <link href="#voxs12397-bib-0010"/>. In comparison, the criteria of the American Red Cross, although similar regarding minimal lower TBV limits and Hb levels, allow a shorter interdonation interval <link href="#voxs12397-bib-0011"/> (Table&#x00A0;<link href="#voxs12397-tbl-0002"/>).</p>
<tabular copyright="John Wiley &#x0026; Sons, Ltd" xml:id="voxs12397-tbl-0002">
<title type="main">Criteria for donor selection and procedure parameters for double&#x2010;dose RBC (2RBC) apheresis according to the directives of the Council of Europe and the American Red Cross</title>
<table colsep="0" frame="topbot" pgwide="1" rowsep="0">
<tgroup cols="3">
<colspec colname="col1" colnum="1" colsep="0"></colspec>
<colspec colname="col2" colnum="2" colsep="0"></colspec>
<colspec colname="col3" colnum="3" colsep="0"></colspec>
<thead valign="top">
<row rowsep="1">
<entry align="left" colname="col1">Parameter</entry>
<entry align="left" colname="col2">Council of Europe<link href="#voxs12397-bib-0010"/></entry>
<entry align="left" colname="col3">American Red Cross<link href="#voxs12397-bib-0011"/></entry>
</row>
</thead>
<tbody>
<row>
<entry align="left" colname="col1">Lower age limit, years</entry>
<entry align="left" colname="col2">&#x2265;18</entry>
<entry align="left" colname="col3">&#x2265;17 in most states</entry>
</row>
<row>
<entry align="left" colname="col1">Height</entry>
<entry align="left" colname="col2">Mostly &#x2265;165&#x00A0;cm</entry>
<entry align="left" colname="col3">
<p>Males: &#x2265;5&#x2032;1&#x2032;&#x2032; ft (approx. 155&#x00A0;cm)</p>
<p>Females: &#x2265;5&#x2032;5&#x2032;&#x2032; ft (approx. 165&#x00A0;cm)</p>
</entry>
</row>
<row>
<entry align="left" colname="col1">Weight</entry>
<entry align="left" colname="col2">Mostly &#x2265;65&#x00A0;kg</entry>
<entry align="left" colname="col3">
<p>Males: &#x2265;130&#x00A0;lbs (approx. 60&#x00A0;kg)</p>
<p>Females: &#x2265;150&#x00A0;lbs (approx. 68&#x00A0;kg)</p>
</entry>
</row>
<row>
<entry align="left" colname="col1">Total blood volume, l</entry>
<entry align="left" colname="col2">&#x003E;4, 5<link href="#voxs12397-note-0001"/></entry>
<entry align="left" colname="col3">&#x2010;</entry>
</row>
<row>
<entry align="left" colname="col1">Predonation Hb level, g&#x002F;l</entry>
<entry align="left" colname="col2">&#x2265;140</entry>
<entry align="left" colname="col3">&#x2010;</entry>
</row>
<row>
<entry align="left" colname="col1">Postdonation Hb, g&#x002F;l</entry>
<entry align="left" colname="col2">&#x003E;110</entry>
<entry align="left" colname="col3">&#x2010;</entry>
</row>
<row>
<entry align="left" colname="col1">Predonation Htc, &#x0025;</entry>
<entry align="left" colname="col2">&#x2010;</entry>
<entry align="left" colname="col3">40</entry>
</row>
<row>
<entry align="left" colname="col1">RBC volume collected, ml</entry>
<entry align="left" colname="col2">&#x2264;400</entry>
<entry align="left" colname="col3">360 to 420 (mostly 400)</entry>
</row>
<row>
<entry align="left" colname="col1">2RBC frequency</entry>
<entry align="left" colname="col2">
<p>Males: every 4&#x00A0;months</p>
<p>Females: every 6&#x00A0;months</p>
</entry>
<entry align="left" colname="col3">Both genders: every 112&#x00A0;days, up to 3 times&#x002F;year</entry>
</row>
</tbody>
</tgroup>
</table>
<noteGroup xml:id="voxs12397-ntgp-0001">
<note xml:id="voxs12397-note-0001">
<p>Calculated on the basis of gender, height and weight.</p>
</note>
</noteGroup>
</tabular>
<p>Complications of blood donation and ID have a negative impact on donor retention <link href="#voxs12397-bib-0012"/>, and significant ID occurs specifically after 2RBC apheresis. Studies on AEs in large cohorts of 2RBC donors describe overall a lower incidence of complications compared to WB donations and a very low incidence of severe AEs <link href="#voxs12397-bib-0013 #voxs12397-bib-0014 #voxs12397-bib-0015 #voxs12397-bib-0016 #voxs12397-bib-0017"/>. Importantly, in 2RBC donation, volume replacement with saline is generally recommended and often performed. Moreover, the larger body mass and blood volume of donors, and the smaller amount of citrate reinfused and the shorter duration of the procedure compared to plasma or platelet collections reduce citrate toxicity. If also minor reactions and postdonation fatigue are considered, however, actually AEs are more frequent in 2RBC than in WB collections <link href="#voxs12397-bib-0015 #voxs12397-bib-0016"/>. In our experience, 5&#x0025; of 641 subjects who abandoned 2RBC donation indicated AEs as a reason, with fatigue being the most frequent symptom reported <link href="#voxs12397-bib-0004"/>. This complication can significantly impair physical activity in the days following the donation, and 2RBC donors with professions or hobbies requiring high physical performance should be informed on this possible side&#x2010;effect. In some centres, for instance, endurance athletes are often advised to avoid 2RBC donations during training. Fatigue is also a consequence of WB donation <link href="#voxs12397-bib-0018"/> and may reflect a transitory situation of tissue ID or &#x2018;relative&#x2019; anaemia <link href="#voxs12397-bib-0019 #voxs12397-bib-0020"/> that can be more substantial after 2RBC apheresis.</p>
<p>ID occurs inevitably with 2RBC donation <link href="#voxs12397-bib-0021 #voxs12397-bib-0022 #voxs12397-bib-0023 #voxs12397-bib-0024"/>, but anaemia can be prevented by iron supplementation <link href="#voxs12397-bib-0022 #voxs12397-bib-0024 #voxs12397-bib-0025"/>. However, not many studies have specifically focused on ID in 2RBC donors, and published data are difficult to compare because of different donor selection criteria, the type of device used, collection volumes and intervals. RBC volume removed and interdonation interval are probably the most important factors in determining the risk of ID anaemia for the donor. A differentiated RBC volume collection according to gender, TBV and Hb level was recommended for donor safety <link href="#voxs12397-bib-0026"/>. An interval of approximately 4&#x00A0;months, as currently allowed for men in Europe and for both genders in North America, appears to be adequate for the recovery of red cells but not of iron stores, if no iron supplementation is given <link href="#voxs12397-bib-0021"/>. At our centre, the majority of 2RBC males who donated 2RBC more than five times without receiving iron supplementation had serum ferritin levels in the lower normal range (50&#x2013;70&#x00A0;<i>&#x03BC;</i>g&#x002F;l, with reference values for males being 30&#x2013;300&#x00A0;<i>&#x03BC;</i>g&#x002F;l), but did not develop anaemia even after many consecutive aphereses (unpublished data). These findings can be explained with the longer interdonation interval (6&#x00A0;months) and the lower RBC volume collected (360&#x00A0;ml) required by the Swiss directives <link href="#voxs12397-bib-0027"/>. Due to this protective approach, in Switzerland, the maximal number of RBC units&#x002F;year that can be obtained from male donors is the same with both 2RBC apheresis and WB donation, a fact that reduces the advantage of 2RBC collections for RBC procurement. However, if a higher 2RBC donation frequency allows the obtainment of a larger number of RBC units, it also increases the risk of ID anaemia that can lead to a loss of experienced donors and negatively impact the blood supply in the long term <link href="#voxs12397-bib-0012"/> On the other hand, asymptomatic carriers of hereditary haemochromatosis, if allowed to donate blood, benefit particularly from 2RBC apheresis, as a large amount of iron is removed with one procedure and stable iron levels can be maintained by regular 2RBC donation <link href="#voxs12397-bib-0028"/>.</p>
<p>Table&#x00A0;<link href="#voxs12397-tbl-0003"/> shows procedure&#x2010;related data of 2RBC apheresis relevant for the risks of AEs and ID in blood donors. Data concern 291 donations performed with the ALYX, with a RBC collection volume of 360&#x00A0;ml (adapted from Keshelashvili <i>et&#x00A0;al</i>. <link href="#voxs12397-bib-0004"/>). For comparison, at our centre, the mean citrate volume reinfused in a single&#x2010; and double&#x2010;dose platelet apheresis with the Amicus is 264 and 362&#x00A0;ml, respectively.</p>
<tabular copyright="John Wiley &#x0026; Sons, Ltd" xml:id="voxs12397-tbl-0003">
<title type="main">Procedure&#x2010;related data of 291 double&#x2010;dose RBC (2RBC) apheresis performed with the ALYX</title>
<table colsep="0" frame="topbot" pgwide="1" rowsep="0">
<tgroup cols="2">
<colspec colname="col1" colnum="1" colsep="0"></colspec>
<colspec colname="col2" colnum="2" colsep="0"></colspec>
<thead valign="top">
<row rowsep="1">
<entry align="left" colname="col1">Parameter</entry>
<entry align="left" colname="col2">Median (range)</entry>
</row>
</thead>
<tbody>
<row>
<entry align="left" colname="col1">Duration of procedure (min)</entry>
<entry align="char" char="." colname="col2">24 (20&#x2013;35)</entry>
</row>
<row>
<entry align="left" colname="col1">Blood volume processed (ml)</entry>
<entry align="char" char="." colname="col2">1057 (890&#x2013;1244)</entry>
</row>
<row>
<entry align="left" colname="col1">Saline infused to donor (ml)</entry>
<entry align="char" char="." colname="col2">439 (332&#x2013;497)</entry>
</row>
<row>
<entry align="left" colname="col1">Anticoagulant (ACD&#x2010;A) infused to donor (ml)</entry>
<entry align="char" char="." colname="col2">126 (112&#x2013;244)</entry>
</row>
<row>
<entry align="left" colname="col1">RBC collected (ml)</entry>
<entry align="char" char="." colname="col2">361 (258&#x2013;365)</entry>
</row>
<row>
<entry align="left" colname="col1">Plasma loss (ml)</entry>
<entry align="char" char="." colname="col2">113 (98&#x2013;241)</entry>
</row>
<row>
<entry align="left" colname="col1">Total RBC loss (ml) (RBC collected, RBC in samples for testing and RBC lost in collection set)</entry>
<entry align="char" char="." colname="col2">386 (382&#x2013;457)</entry>
</row>
<row>
<entry align="left" colname="col1">Total iron loss (assuming a loss of 220&#x2013;240&#x00A0;mg in 200&#x00A0;ml RBC)</entry>
<entry align="left" colname="col2">Ca. 440&#x00A0;mg</entry>
</row>
<row>
<entry align="left" colname="col1">Total volume loss (ml) (RBC and plasma loss)</entry>
<entry align="char" char="." colname="col2">499 (401&#x2013;698)</entry>
</row>
<row>
<entry align="left" colname="col1">Total volume infused to the donor (ml) (Saline and ACD&#x2010;A)</entry>
<entry align="char" char="." colname="col2">582 (258&#x2013;714)</entry>
</row>
</tbody>
</tgroup>
</table>
</tabular>
<p>As a result of the combination of practical aspects and donor&#x2010;related issues, retention of 2RBC donors is lower compared to that of WB donors <link href="#voxs12397-bib-0003 #voxs12397-bib-0004"/>. Restrictive eligibility criteria, AEs, lack of motivation due to longer interdonation intervals, scarce availability of 2RBC apheresis on mobile donation sites and inconvenience because of time issues, along with the ongoing socio&#x2010;demographic changes of the donor base and psychologic factors <link href="#voxs12397-bib-0029 #voxs12397-bib-0030"/>, are reasons described for the overall lower commitment towards 2RBC donation.</p>
</section>
<section xml:id="voxs12397-sec-0004">
<title type="main">The role of RBC apheresis for blood supply</title>
<p>Overall, the notion that 2RBC apheresis substantially contributes to RBC procurement, as theoretically expected, is only partially confirmed by experience, but it is important to stress that remarkable differences are observed among countries and institutions.</p>
<p>In Europe, automated RBC collections are carried out in 16 of 47 countries responding to the 2013 EDQM survey, which indicates RBC apheresis of being of particular interest for autologous programmes and for obtaining RBC units of rare blood types <link href="#voxs12397-bib-0031"/>. In 2011&#x2013;2012, the number of RBC units from apheresis in Europe was 25&#x00A0;800 compared to the 1&#x00B7;9 million components collected in AABB member centres <link href="#voxs12397-bib-0032"/>. In Iceland, the European country performing the largest number of 2RBC aphereses, automatically collected RBC units represented only 1&#x00B7;7&#x0025; of the total RBC production <link href="#voxs12397-bib-0031"/>, while in the same period, 13&#x00B7;8&#x0025; of all collected RBC components for allogenic transfusion were apheresis&#x2010;derived in AABB member institutions <link href="#voxs12397-bib-0032"/>. In Europe, 2RBC aphereses for both autologous and allogeneic use are constantly decreasing. For example, in Germany, the number of RBC units from&#xA0;both multicomponent and 2RBC donations was approximately 28&#x00A0;500 in 2005 and only 14&#x00A0;000 in 2015 <link href="#voxs12397-bib-0033"/>. On the contrary, the trend of automated RBC collections in AABB centres is continuously rising in the last years. In the period 2011&#x2013;2013, the number of RBC aphereses for autologous use increased by 75&#x0025; (from 4000 to 7000) and the percentage of apheresis&#x2010;derived RBC units for allogeneic transfusion also increased, although a drop of 5&#x00B7;6&#x0025; in the absolute number of procedures was observed <link href="#voxs12397-bib-0032"/>. This development is explained by the increasing selective collection of O&#x2010;negative RBC by apheresis in response to the increasing demand of such units for transfusion.</p>
<p>The restricted RBC apheresis activity in Europe can be explained with an overall low acceptance of the procedure by the donors, for the reasons discussed above, and because in general, no particular sufficiency issues are perceived that would be addressed by 2RBC collections. The latter explains also why some European countries, such as the UK and Ireland, but also Australia and New Zealand, chose not to implement 2RBC apheresis. The success of 2RBC donations in North America is possibly due to the greater effort made on the part of blood collection institutions in recruiting suitable blood donors, in order to enhance the average number of blood products donated&#x002F;donor&#x002F;year, which is generally lower compared to Europe.</p>
</section>
<section xml:id="voxs12397-sec-0005">
<title type="main">RBC apheresis from the perspective of the recipient of RBC transfusions</title>
<p>For the patient requiring transfusions, receiving two RBC units from the same donor potentially reduces the risks for alloimmunization and blood&#x2010;borne infections because of the restricted exposition to different allogeneic RBC products. This is of relevance both if RBC units are regularly needed over time and for one&#x2010;time transfusions (i.e. predicted or unexpected blood loss during surgery or at delivery), and in the latter case, the benefits of a limited exposure to different donors are particularly important if the patient is a child or adolescent or a young female.</p>
<p>In chronically transfused patients, the incidence of alloimmunization increases with the number of units received, being particularly elevated in sickle cell disease (18&#x2013;47&#x0025;) <link href="#voxs12397-bib-0034 #voxs12397-bib-0035"/> and thalassaemia major (2&#x2013;30&#x0025;) <link href="#voxs12397-bib-0036"/>. However, the advantage of 2RBC collections in this setting may be overcome by the large number of RBC units required by the patients over time. Importantly, RBC antigen disparity between donors and recipients of transfusions represents <i>per se</i> a significant risk for the development of alloantibodies <link href="#voxs12397-bib-0035 #voxs12397-bib-0037 #voxs12397-bib-0038"/>, as is the case for patients with haemoglobinopathies who live in Europe or North America, is frequently of African or Asian origin and receive mostly RBC units from Caucasian donors. Targeting a broader RBC antigen matching beyond ABO and Rh phenotype can prevent alloimmunization <link href="#voxs12397-bib-0039 #voxs12397-bib-0040"/>. To this purpose, specifically promoting 2RBC donation in the recruitment of blood donors of African and Asian origin, which can be however a rather challenging task <link href="#voxs12397-bib-0041"/>, would be a winning approach for ensuring an optimal support for many chronically transfused patients. Similarly, also in subjects with haematological diseases and multiple alloantibodies, the availability of 2RBC apheresis increases flexibility for the blood banks in addressing specific requirements. Identifying a group of regular, dedicated 2RBC donors would be the ideal approach in several situations where transfusion support is difficult. However, if only a small number of compatible 2RBC donors are found for a given patient, but transfusions are regularly needed, WB collections can be more convenient, because of the shorter interdonation interval and the larger number of eligible subjects available. Alternatively, 2RBC products can be manually split into low volume units or in up to eight paediatric components. For many patients, such highly standardized RBC units would allow a sufficient Hb increase and reduce donor exposure for the patient at the same time. A further advantage of automatically collected RBC units for the recipient of chronical transfusions is that the higher consistency in volume and Hb content can result in a more constant rise of Hb in the patient and possibly reduce transfusion requirements <link href="#voxs12397-bib-0042"/>.</p>
<p>In case of multiple alloantibodies or rare blood group, if a one&#x2010;time transfusion only is required and dedicated donors are scarce or not available, an autologous 2RBC collection can be considered, provided that the patient is in good clinical condition and Hb levels are sufficient. Although autologous transfusions are overall declining, autologous 2RBC collections can be of value in specific cases and in the context of Patient Blood Management programs. However, in real life, only a limited number of patients are likely to be eligible for such procedures, because of comorbidities, age, peripheral venous access and Hb levels.</p>
<p>Reducing the risks of transfusion&#x2010;transmitted diseases through limiting patient exposure to different donors can be of great advantage in regions with high prevalence of infections, such as malaria and hepatitis B, or during outbreaks. In this situation, besides enhancing RBC procurement from healthy subjects, 2RBC collections could rapidly provide components to be treated with pathogen reduction methods.</p>
</section>
<section xml:id="voxs12397-sec-0006">
<title type="main">Conclusions</title>
<p>Double&#x2010;dose RBC apheresis provides high&#x2010;quality RBC components and saves costs for manufacturing and laboratory testing. The procedure is safe for the blood donor, but recruitment and retention of eligible subjects are generally difficult. Still open issues are the influence of iron loss and minor AEs on donor retention. Optimal strategies for protecting the blood donor and at the same time enhancing commitment for 2RBC donations are still needed. 2RBC are a valuable option for asymptomatic carriers of haemochromatosis who can be accepted for blood donation.</p>
<p>For the blood supply in general, the role of 2RBC collections appears to be less relevant as initially expected, but great regional differences are observed. Sufficiency may not be a major issue in countries with well&#x2010;established blood donation programmes, where also a constant drop in the usage of RBC components is observed <link href="#voxs12397-bib-0031 #voxs12397-bib-0032"/>. However, increased demands of RBC units of specific blood groups on one side and the shrinking of the blood donor base on the other side represent recurrent short&#x2010;time challenges and a problem in the medium&#x2010;to&#x2010;long term, respectively. In countries where blood donation services are developing and&#x002F;or the donor base is more limited, obtaining RBC units rapidly is of utmost importance and 2RBC collections can increase procurement efficiency.</p>
<p>Supplying RBC units of specific type to patients with alloantibodies and&#x002F;or requiring chronical transfusions often represents a challenging task for blood banks in all countries. Also in these cases, 2RBC apheresis has a definite role, although advantages can be limited by practical aspects and by the availability of good matched blood donors. A possible strategy is the establishment of groups of dedicated 2RBC donors for single patients. Moreover, pathogen reduction treatment of automatically collected RBC units could be of great advantage in case of time&#x2010;restricted or endemic infectious treats.</p>
</section>
<section type="acknowledgments" xml:id="voxs12397-sec-0007">
<title type="main">Acknowledgements</title>
<p>The author wishes to thank O. Henseler, Paul Ehrlich Institut; G. Leitner, University of Vienna; E. Menichetti, Austrian Red Cross; R. Moog, Nord&#x2010;East Blood Service, German Red Cross; and W. Murphy, New Zealand Blood Service for exchanging opinions and provide valuable information.</p>
</section>
<section xml:id="voxs12397-sec-0008">
<title type="main">Conflict of interests</title>
<p>The author declare no conflict of interests.</p>
</section>
<bibliography cited="yes" style="numbered" xml:id="voxs12397-bibl-0001">
<title type="main">References</title>
<bib xml:id="voxs12397-bib-0001">
<citation type="journal" xml:id="voxs12397-cit-0001"><author><familyName>Burgstaler</familyName> <givenNames>EA</givenNames></author>: <articleTitle>Blood component collection by apheresis</articleTitle>. <journalTitle>J&#xA0;Clin Apheresis</journalTitle> <pubYear year="2006">2006</pubYear>; <vol>21</vol>:<pageFirst>142</pageFirst>&#x2013;<pageLast>151</pageLast></citation>
</bib>
<bib xml:id="voxs12397-bib-0002">
<citation type="journal" xml:id="voxs12397-cit-0002"><author><familyName>Moog</familyName> <givenNames>R</givenNames></author>: <articleTitle>Collection of red blood cell units by apheresis</articleTitle>. <journalTitle>Transfus Apher Sci</journalTitle> <pubYear year="2013">2013</pubYear>; <vol>48</vol>:<pageFirst>141</pageFirst>&#x2013;<pageLast>143</pageLast></citation>
</bib>
<bib xml:id="voxs12397-bib-0003">
<citation type="journal" xml:id="voxs12397-cit-0003"><author><familyName>Harrison</familyName> <givenNames>JF</givenNames></author>: <articleTitle>Automated red cell collection&#x2010;quality and value</articleTitle>. <journalTitle>Transfus Med</journalTitle> <pubYear year="2006">2006</pubYear>; <vol>16</vol>:<pageFirst>155</pageFirst>&#x2013;<pageLast>164</pageLast></citation>
</bib>
<bib xml:id="voxs12397-bib-0004">
<citation type="journal" xml:id="voxs12397-cit-0004"><author><familyName>Keshelashvili</familyName> <givenNames>K</givenNames></author>, <author><familyName>O&#x0027;Meara</familyName> <givenNames>A</givenNames></author>, <author><familyName>Stern</familyName> <givenNames>M</givenNames></author>, <i>et&#x00A0;al</i>.: <articleTitle>Adverse events and retention of donors of double red cell units by apheresis</articleTitle>. <journalTitle>Blood Transfus</journalTitle> <pubYear year="2016">2016</pubYear>; <vol>14</vol>:<pageFirst>391</pageFirst>&#x2013;<pageLast>399</pageLast></citation>
</bib>
<bib xml:id="voxs12397-bib-0005">
<citation type="journal" xml:id="voxs12397-cit-0005"><author><familyName>Madden</familyName> <givenNames>E</givenNames></author>, <author><familyName>Murphy</familyName> <givenNames>EL</givenNames></author>, <author><familyName>Custer</familyName> <givenNames>B</givenNames></author>: <articleTitle>Modeling red cell procurement with both double&#x2010;red&#x2010;cell and whole&#x2010;blood collection and the impact of European travel deferral on units available for transfusion</articleTitle>. <journalTitle>Transfusion</journalTitle> <pubYear year="2007">2007</pubYear>; <vol>47</vol>:<pageFirst>2025</pageFirst>&#x2013;<pageLast>2037</pageLast></citation>
</bib>
<bib xml:id="voxs12397-bib-0006">
<citation type="journal" xml:id="voxs12397-cit-0006"><author><familyName>Smith</familyName> <givenNames>JW</givenNames></author>, <author><familyName>Gilcher</familyName> <givenNames>RO</givenNames></author>: <articleTitle>The future of automated red blood cell collection</articleTitle>. <journalTitle>Transfus Apher Sci</journalTitle> <pubYear year="2006">2006</pubYear>; <vol>34</vol>:<pageFirst>219</pageFirst>&#x2013;<pageLast>226</pageLast></citation>
</bib>
<bib xml:id="voxs12397-bib-0007">
<citation type="journal" xml:id="voxs12397-cit-0007"><author><familyName>Matthes</familyName> <givenNames>G</givenNames></author>, <author><familyName>Ingilizova</familyName> <givenNames>M</givenNames></author>, <author><familyName>Dobao</familyName> <givenNames>ML</givenNames></author>, <i>et&#x00A0;al</i>.: <articleTitle>Red cell apheresis with automated in&#x2010;Line filtration</articleTitle>. <journalTitle>Transfus Med Hemother</journalTitle> <pubYear year="2014">2014</pubYear>; <vol>41</vol>:<pageFirst>107</pageFirst>&#x2013;<pageLast>113</pageLast></citation>
</bib>
<bib xml:id="voxs12397-bib-0008">
<citation type="journal" xml:id="voxs12397-cit-0008"><author><familyName>Matthes</familyName> <givenNames>GA</givenNames></author>: <articleTitle>Red cell apheresis: new concepts of blood component processing</articleTitle>. <journalTitle>Ther Apher</journalTitle> <pubYear year="1997">1997</pubYear>; <vol>1</vol>:<pageFirst>22</pageFirst>&#x2013;<pageLast>28</pageLast></citation>
</bib>
<bib xml:id="voxs12397-bib-0009">
<citation type="journal" xml:id="voxs12397-cit-0009"><author><familyName>Hussein</familyName> <givenNames>E</givenNames></author>, <author><familyName>Enein</familyName> <givenNames>A</givenNames></author>: <articleTitle>Clinical and quality evaluation of red blood cell units collected via apheresis versus those obtained manually</articleTitle>. <journalTitle>Lab Med</journalTitle> <pubYear year="2014">2014</pubYear>; <vol>45</vol>:<pageFirst>238</pageFirst>&#x2013;<pageLast>243</pageLast></citation>
</bib>
<bib xml:id="voxs12397-bib-0010">
<citation type="book" xml:id="voxs12397-cit-0010"><groupName>European Directorate for the Quality of Medicines &#x0026; Healthcare</groupName>: <bookTitle>Guide to the Preparation, Use and Quality Assurance of Blood Components</bookTitle>. <edition number="18">18th</edition> edn. <publisherLoc>Strasbourg</publisherLoc>, <publisherName>Council of Europe Publishing</publisherName>, <pubYear year="2015">2015</pubYear></citation>
</bib>
<bib xml:id="voxs12397-bib-0011">
<citation type="other" xml:id="voxs12397-cit-0011"><otherTitle>American Red Cross blood donation eligibility requirements</otherTitle> at <url href="http://www.redcrossblood.org/donating-blood/eligibility-requirements">http://www.redcrossblood.org/donating-blood/eligibility-requirements</url> [Last accessed 20 May 2017]</citation>
</bib>
<bib xml:id="voxs12397-bib-0012">
<citation type="journal" xml:id="voxs12397-cit-0012"><author><familyName>Newman</familyName> <givenNames>BH</givenNames></author>, <author><familyName>Newman</familyName> <givenNames>DT</givenNames></author>, <author><familyName>Ahmad</familyName> <givenNames>R</givenNames></author>, <i>et&#x00A0;al</i>.: <articleTitle>The effect of whole&#x2010;blood donor adverse events on blood donor return rates</articleTitle>. <journalTitle>Transfusion</journalTitle> <pubYear year="2006">2006</pubYear>; <vol>46</vol>:<pageFirst>1374</pageFirst>&#x2013;<pageLast>1379</pageLast></citation>
</bib>
<bib xml:id="voxs12397-bib-0013">
<citation type="journal" xml:id="voxs12397-cit-0013"><author><familyName>Popovsky</familyName> <givenNames>MA</givenNames></author>: <articleTitle>Safety of RBC apheresis and whole blood donation in allogeneic and autologous blood donors</articleTitle>. <journalTitle>Transfus Apher Sci</journalTitle> <pubYear year="2006">2006</pubYear>; <vol>34</vol>:<pageFirst>205</pageFirst>&#x2013;<pageLast>211</pageLast></citation>
</bib>
<bib xml:id="voxs12397-bib-0014">
<citation type="journal" xml:id="voxs12397-cit-0014"><author><familyName>Wiltbank</familyName> <givenNames>TB</givenNames></author>, <author><familyName>Giordano</familyName> <givenNames>GF</givenNames></author>: <articleTitle>The safety profile of automated collections: an analysis of more than 1 million collections</articleTitle>. <journalTitle>Transfusion</journalTitle> <pubYear year="2007">2007</pubYear>; <vol>47</vol>:<pageFirst>1002</pageFirst>&#x2013;<pageLast>1005</pageLast></citation>
</bib>
<bib xml:id="voxs12397-bib-0015">
<citation type="journal" xml:id="voxs12397-cit-0015"><author><familyName>Rader</familyName> <givenNames>AW</givenNames></author>, <author><familyName>France</familyName> <givenNames>CR</givenNames></author>, <author><familyName>Carlson</familyName> <givenNames>B</givenNames></author>: <articleTitle>Donor retention as a function of donor reactions to whole&#x2010;blood and automated double red cell collections</articleTitle>. <journalTitle>Transfusion</journalTitle> <pubYear year="2007">2007</pubYear>; <vol>47</vol>:<pageFirst>995</pageFirst>&#x2013;<pageLast>1001</pageLast></citation>
</bib>
<bib xml:id="voxs12397-bib-0016">
<citation type="journal" xml:id="voxs12397-cit-0016"><author><familyName>Eder</familyName> <givenNames>AF</givenNames></author>, <author><familyName>Dy</familyName> <givenNames>BA</givenNames></author>, <author><familyName>Kennedy</familyName> <givenNames>JM</givenNames></author>, <i>et&#x00A0;al</i>.: <articleTitle>The American Red Cross donor hemovigilance program: complications of blood donation reported in 2006</articleTitle>. <journalTitle>Transfusion</journalTitle> <pubYear year="2008">2008</pubYear>; <vol>48</vol>:<pageFirst>1809</pageFirst>&#x2013;<pageLast>1819</pageLast></citation>
</bib>
<bib xml:id="voxs12397-bib-0017">
<citation type="journal" xml:id="voxs12397-cit-0017"><author><familyName>Benjamin</familyName> <givenNames>RJ</givenNames></author>, <author><familyName>Dy</familyName> <givenNames>BA</givenNames></author>, <author><familyName>Kennedy</familyName> <givenNames>JM</givenNames></author>, <i>et&#x00A0;al</i>.: <articleTitle>The relative safety of automated two&#x2010;unit red blood cell procedures and manual whole&#x2010;blood collection in young donors</articleTitle>. <journalTitle>Transfusion</journalTitle> <pubYear year="2009">2009</pubYear>; <vol>49</vol>: <pageFirst>1874</pageFirst>&#x2013;<pageLast>1883</pageLast></citation>
</bib>
<bib xml:id="voxs12397-bib-0018">
<citation type="journal" xml:id="voxs12397-cit-0018"><author><familyName>Nilsson&#x2010;Sojka</familyName> <givenNames>B</givenNames></author>, <author><familyName>Sojka</familyName> <givenNames>P</givenNames></author>: <articleTitle>The blood&#x2010;donation experience: perceived physical, psychological and social impact of blood donation on the donor</articleTitle>. <journalTitle>Vox Sang</journalTitle> <pubYear year="2003">2003</pubYear>; <vol>84</vol>:<pageFirst>120</pageFirst>&#x2013;<pageLast>128</pageLast></citation>
</bib>
<bib xml:id="voxs12397-bib-0019">
<citation type="journal" xml:id="voxs12397-cit-0019"><author><familyName>Brownlie</familyName> <givenNames>T</givenNames></author>, <author><familyName>Utermohlen</familyName> <givenNames>V</givenNames></author>, <author><familyName>Hinton</familyName> <givenNames>PS</givenNames></author>, <i>et&#x00A0;al</i>.: <articleTitle>Marginal iron deficiency without anemia impairs aerobic adaptation among previously untrained women</articleTitle>. <journalTitle>Am J Clin Nutr</journalTitle> <pubYear year="2002">2002</pubYear>; <vol>75</vol>:<pageFirst>734</pageFirst>&#x2013;<pageLast>742</pageLast></citation>
</bib>
<bib xml:id="voxs12397-bib-0020">
<citation type="journal" xml:id="voxs12397-cit-0020"><author><familyName>Brownlie</familyName> <givenNames>T</givenNames></author>, <author><familyName>Utermohlen</familyName> <givenNames>V</givenNames></author>, <author><familyName>Hinton</familyName> <givenNames>PS</givenNames></author>, <i>et&#x00A0;al</i>.: <articleTitle>Tissue iron deficiency without anemia impairs adaptation in endurance capacity after aerobic training in previously untrained women</articleTitle>. <journalTitle>Am J Clin Nutr</journalTitle> <pubYear year="2004">2004</pubYear>; <vol>79</vol>:<pageFirst>437</pageFirst>&#x2013;<pageLast>443</pageLast></citation>
</bib>
<bib xml:id="voxs12397-bib-0021">
<citation type="journal" xml:id="voxs12397-cit-0021"><author><familyName>Hogler</familyName> <givenNames>W</givenNames></author>, <author><familyName>Mayer</familyName> <givenNames>W</givenNames></author>, <author><familyName>Messmer</familyName> <givenNames>C</givenNames></author>, <i>et&#x00A0;al</i>.: <articleTitle>Prolonged iron depletion after allogeneic 2&#x2010;unit RBC apheresis</articleTitle>. <journalTitle>Transfusion</journalTitle> <pubYear year="2001">2001</pubYear>; <vol>41</vol>:<pageFirst>602</pageFirst>&#x2013;<pageLast>605</pageLast></citation>
</bib>
<bib xml:id="voxs12397-bib-0022">
<citation type="journal" xml:id="voxs12397-cit-0022"><author><familyName>Radtke</familyName> <givenNames>H</givenNames></author>, <author><familyName>Mayer</familyName> <givenNames>B</givenNames></author>, <author><familyName>Rocker</familyName> <givenNames>L</givenNames></author>, <i>et&#x00A0;al</i>.: <articleTitle>Iron supplementation and 2&#x2010;unit red blood cell apheresis: a randomized, double&#x2010;blind, placebo&#x2010;controlled study</articleTitle>. <journalTitle>Transfusion</journalTitle> <pubYear year="2004">2004</pubYear>; <vol>44</vol>:<pageFirst>1463</pageFirst>&#x2013;<pageLast>1467</pageLast></citation>
</bib>
<bib xml:id="voxs12397-bib-0023">
<citation type="journal" xml:id="voxs12397-cit-0023"><author><familyName>Mendrone</familyName> <nameSuffix>Jr</nameSuffix> <givenNames>A</givenNames></author>, <author><familyName>Arrais</familyName> <givenNames>CA</givenNames></author>, <author><familyName>Almeida</familyName> <givenNames>NC</givenNames></author>, <i>et&#x00A0;al</i>.: <articleTitle>Impact of allogeneic 2&#x2010;RBC apheresis on iron stores of Brazilian blood donors</articleTitle>. <journalTitle>Transfus Apher Sci</journalTitle> <pubYear year="2009">2009</pubYear>; <vol>41</vol>:<pageFirst>13</pageFirst>&#x2013;<pageLast>17</pageLast></citation>
</bib>
<bib xml:id="voxs12397-bib-0024">
<citation type="journal" xml:id="voxs12397-cit-0024"><author><familyName>Meyer</familyName> <givenNames>D</givenNames></author>, <author><familyName>Bolgiano</familyName> <givenNames>DC</givenNames></author>, <author><familyName>Sayers</familyName> <givenNames>M</givenNames></author>, <i>et&#x00A0;al</i>.: <articleTitle>Red cell collection by apheresis technology</articleTitle>. <journalTitle>Transfusion</journalTitle> <pubYear year="1993">1993</pubYear>; <vol>33</vol>:<pageFirst>819</pageFirst>&#x2013;<pageLast>824</pageLast></citation>
</bib>
<bib xml:id="voxs12397-bib-0025">
<citation type="journal" xml:id="voxs12397-cit-0025"><author><familyName>Shi</familyName> <givenNames>PA</givenNames></author>, <author><familyName>Ness</familyName> <givenNames>PM</givenNames></author>: <articleTitle>Two&#x2010;unit red cell apheresis and its potential advantages over traditional whole&#x2010;blood donation</articleTitle>. <journalTitle>Transfusion</journalTitle> <pubYear year="1999">1999</pubYear>; <vol>39</vol>:<pageFirst>218</pageFirst>&#x2013;<pageLast>225</pageLast></citation>
</bib>
<bib xml:id="voxs12397-bib-0026">
<citation type="journal" xml:id="voxs12397-cit-0026"><author><familyName>Popovsky</familyName> <givenNames>MA</givenNames></author>: <articleTitle>Automated red blood cell collections: the technology and the benefits</articleTitle>. <journalTitle>Blood Ther Med</journalTitle> <pubYear year="2002">2002</pubYear>; <vol>2</vol>:<pageFirst>1</pageFirst>&#x2013;<pageLast>5</pageLast></citation>
</bib>
<bib xml:id="voxs12397-bib-0027">
<citation type="other" xml:id="voxs12397-cit-0027"><otherTitle>Swiss red cross blood donation eligibility requirements</otherTitle> at <url href="http://www.blutspende.ch/de/medizin/transfusionsmedizin/vorschriften">http://www.blutspende.ch/de/medizin/transfusionsmedizin/vorschriften</url> [Last accessed 22 May 2017]</citation>
</bib>
<bib xml:id="voxs12397-bib-0028">
<citation type="journal" xml:id="voxs12397-cit-0028"><author><familyName>Stefashyna</familyName> <givenNames>O</givenNames></author>, <author><familyName>Stern</familyName> <givenNames>M</givenNames></author>, <author><familyName>Infanti</familyName> <givenNames>L</givenNames></author>, <i>et&#x00A0;al</i>.: <articleTitle>Pattern of care of blood donors with early&#x2010;uncomplicated hereditary haemochromatosis in a Swiss blood donation centre</articleTitle>. <journalTitle>Vox Sang</journalTitle> <pubYear year="2014">2014</pubYear>; <vol>106</vol>:<pageFirst>111</pageFirst>&#x2013;<pageLast>117</pageLast></citation>
</bib>
<bib xml:id="voxs12397-bib-0029">
<citation type="journal" xml:id="voxs12397-cit-0029"><author><familyName>Volken</familyName> <givenNames>T</givenNames></author>, <author><familyName>Buser</familyName> <givenNames>A</givenNames></author>, <author><familyName>Holbro</familyName> <givenNames>A</givenNames></author>, <i>et&#x00A0;al</i>.: <articleTitle>Blood donor to inactive donor transition in the Basel region between 1996 and 2011: a retrospective cohort study</articleTitle>. <journalTitle>Vox Sang</journalTitle> <pubYear year="2015">2015</pubYear>; <vol>109</vol>:<pageFirst>155</pageFirst>&#x2013;<pageLast>162</pageLast></citation>
</bib>
<bib xml:id="voxs12397-bib-0030">
<citation type="journal" xml:id="voxs12397-cit-0030"><author><familyName>Wevers</familyName> <givenNames>A</givenNames></author>, <author><familyName>Wigboldus</familyName> <givenNames>DHJ</givenNames></author>, <author><familyName>de</familyName> <givenNames>KW</givenNames></author>, <i>et&#x00A0;al</i>.: <articleTitle>Characteristics of donors who do or do not return to give blood and barriers to their return</articleTitle>. <journalTitle>Blood Transfus</journalTitle> <pubYear year="2014">2014</pubYear>; <vol>12</vol>(<issue>Suppl 1</issue>):<pageFirst>s37</pageFirst>&#x2013;<pageLast>s43</pageLast></citation>
</bib>
<bib xml:id="voxs12397-bib-0031">
<citation type="other" xml:id="voxs12397-cit-0031"><author>van<familyName>Hoeven</familyName> <givenNames>LR</givenNames></author>, <author><familyName>Janssen</familyName> <givenNames>MP</givenNames></author>, <author><familyName>Rautmann</familyName> <givenNames>G</givenNames></author>: <otherTitle>The collection, testing and use of blood components in Europe, 2013 report. Directorate for the Quality of Medicines and Healthcare of the Council of Europe (EDQM)</otherTitle>. <url href="http://www.edqm.eu/en/blood-transfusion-reports-70.html">http://www.edqm.eu/en/blood-transfusion-reports-70.html</url> [Last accessed 22 May 2017]</citation>
</bib>
<bib xml:id="voxs12397-bib-0032">
<citation type="journal" xml:id="voxs12397-cit-0032"><author><familyName>Whitaker</familyName> <givenNames>B</givenNames></author>, <author><familyName>Rajbhandary</familyName> <givenNames>S</givenNames></author>, <author><familyName>Kleinman</familyName> <givenNames>S</givenNames></author>, <i>et&#x00A0;al</i>.: <articleTitle>Trends in United States blood collection and transfusion: results from the 2013 AABB blood collection, utilization, and patient blood management survey</articleTitle>. <journalTitle>Transfusion</journalTitle> <pubYear year="2016">2016</pubYear>; <vol>56</vol>:<pageFirst>2173</pageFirst>&#x2013;<pageLast>2183</pageLast></citation>
</bib>
<bib xml:id="voxs12397-bib-0033">
<citation type="other" xml:id="voxs12397-cit-0033"><otherTitle>Report of the Paul Ehrlich Institute</otherTitle>: <url href="http://www.pei.de/DE/infos/meldepflichtige/meldung-blutprodukte-21-transfusionsgesetz/berichte/berichte-21tfg-node.html#doc3258776bodyText1">http://www.pei.de/DE/infos/meldepflichtige/meldung-blutprodukte-21-transfusionsgesetz/berichte/berichte-21tfg-node.html#doc3258776bodyText1</url> [Last accessed 22 May 2017]</citation>
</bib>
<bib xml:id="voxs12397-bib-0034">
<citation type="journal" xml:id="voxs12397-cit-0034"><author><familyName>La</familyName> <givenNames>S&#x2010;WM</givenNames></author>, <author><familyName>Nuss</familyName> <givenNames>R</givenNames></author>, <author><familyName>Le</familyName> <givenNames>T</givenNames></author>, <i>et&#x00A0;al</i>.: <articleTitle>Extended red blood cell antigen matching for transfusion in sickle cell disease: a review of a 14&#x00A0;years experience from a single center</articleTitle>. <journalTitle>Transfusion</journalTitle> <pubYear year="2011">2011</pubYear>; <vol>51</vol>:<pageFirst>1732</pageFirst>&#x2013;<pageLast>1739</pageLast></citation>
</bib>
<bib xml:id="voxs12397-bib-0035">
<citation type="journal" xml:id="voxs12397-cit-0035"><author><familyName>Silvy</familyName> <givenNames>M</givenNames></author>, <author><familyName>Tournamille</familyName> <givenNames>C</givenNames></author>, <author><familyName>Babinet</familyName> <givenNames>J</givenNames></author>, <i>et&#x00A0;al</i>.: <articleTitle>Red blood cell immunization in sickle cell disease: evidence of a large responder group and a low rate of anti&#x2010;Rh linked to partial Rh phenotype</articleTitle>. <journalTitle>Haematologica</journalTitle> <pubYear year="2014">2014</pubYear>; <vol>99</vol>:<pageFirst>115</pageFirst>&#x2013;<pageLast>117</pageLast></citation>
</bib>
<bib xml:id="voxs12397-bib-0036">
<citation type="journal" xml:id="voxs12397-cit-0036"><author><familyName>Cheng</familyName> <givenNames>CK</givenNames></author>, <author><familyName>Lee</familyName> <givenNames>CK</givenNames></author>, <author><familyName>Lin</familyName> <givenNames>CK</givenNames></author>: <articleTitle>Clinically significant red blood cell antibodies in chronically transfused patients: a survey of Chinese thalassemia major patients and literature review</articleTitle>. <journalTitle>Transfusion</journalTitle> <pubYear year="2012">2012</pubYear>; <vol>52</vol>:<pageFirst>2220</pageFirst>&#x2013;<pageLast>2224</pageLast></citation>
</bib>
<bib xml:id="voxs12397-bib-0037">
<citation type="journal" xml:id="voxs12397-cit-0037"><author><familyName>Noizat&#x2010;Pirenne</familyName> <givenNames>F</givenNames></author>, <author><familyName>Tournamille</familyName> <givenNames>C</givenNames></author>: <articleTitle>Relevance of RH variants in transfusion of sickle cell patients</articleTitle>. <journalTitle>Transfus Clin Biol</journalTitle> <pubYear year="2011">2011</pubYear>; <vol>18</vol>:<pageFirst>527</pageFirst>&#x2013;<pageLast>535</pageLast></citation>
</bib>
<bib xml:id="voxs12397-bib-0038">
<citation type="journal" xml:id="voxs12397-cit-0038"><author><familyName>Matteocci</familyName> <givenNames>A</givenNames></author>: <articleTitle>Managing the patient with haemoglobinopathy and multiple red cell antibodies</articleTitle>. <journalTitle>ISBT Sci Ser</journalTitle> <pubYear year="2017">2017</pubYear>; <vol>12</vol>:<pageFirst>51</pageFirst>&#x2013;<pageLast>61</pageLast></citation>
</bib>
<bib xml:id="voxs12397-bib-0039">
<citation type="journal" xml:id="voxs12397-cit-0039"><author><familyName>Hillyer</familyName> <givenNames>KL</givenNames></author>, <author><familyName>Hare</familyName> <givenNames>VW</givenNames></author>, <author><familyName>Josephson</familyName> <givenNames>CD</givenNames></author>, <i>et&#x00A0;al</i>.: <articleTitle>Partners for life: the transfusion program for patients with sickle cell disease offered at the American Red Cross Blood Services, Southern Region, Atlanta,Georgia</articleTitle>. <journalTitle>Immunohematology</journalTitle> <pubYear year="2006">2006</pubYear>; <vol>22</vol>:<pageFirst>108</pageFirst>&#x2013;<pageLast>111</pageLast></citation>
</bib>
<bib xml:id="voxs12397-bib-0040">
<citation type="journal" xml:id="voxs12397-cit-0040"><author><familyName>O&#x0027;Suoji</familyName> <givenNames>C</givenNames></author>, <author><familyName>Liem</familyName> <givenNames>RI</givenNames></author>, <author><familyName>Mack</familyName> <givenNames>AK</givenNames></author>, <i>et&#x00A0;al</i>.: <articleTitle>Alloimmunization in sickle cell anemia in the era of extended red cell typing</articleTitle>. <journalTitle>Pediatr Blood Cancer</journalTitle> <pubYear year="2013">2013</pubYear>; <vol>60</vol>:<pageFirst>1487</pageFirst>&#x2013;<pageLast>1491</pageLast></citation>
</bib>
<bib xml:id="voxs12397-bib-0041">
<citation type="journal" xml:id="voxs12397-cit-0041"><author><familyName>Yazer</familyName> <givenNames>MH</givenNames></author>, <author><familyName>Delanex</familyName> <givenNames>M</givenNames></author>, <author><familyName>Geramin</familyName> <givenNames>M</givenNames></author>, <i>et&#x00A0;al</i>.: <articleTitle>Trends in US minority red blood cell unit donations</articleTitle>. <journalTitle>Transfusion</journalTitle> <pubYear year="2017">2017</pubYear>; <vol>57</vol>:<pageFirst>1226</pageFirst>&#x2013;<pageLast>1234</pageLast></citation>
</bib>
<bib xml:id="voxs12397-bib-0042">
<citation type="journal" xml:id="voxs12397-cit-0042"><author><familyName>Heffernan</familyName> <givenNames>R</givenNames></author>, <author><familyName>Harrison</familyName> <givenNames>JF</givenNames></author>, <author><familyName>Wonke</familyName> <givenNames>B</givenNames></author>, <i>et&#x00A0;al</i>.: <articleTitle>Double dose red cells for thalassaemia patients (Abstract)</articleTitle>. <journalTitle>Vox Sang</journalTitle> <pubYear year="2004">2004</pubYear>; <vol>87</vol>(<issue>Suppl. 3</issue>):<pageFirst>P1</pageFirst></citation>
</bib>
</bibliography>
</body>
</component>
