<?xml version="1.0" encoding="US-ASCII" standalone="yes"?>
<component type="serialArticle" version="2.0" xml:id="voxs12376" xml:lang="en" xmlns="http://www.wiley.com/namespaces/wiley" xmlns:wiley="http://www.wiley.com/namespaces/wiley/wiley">
<header>
<publicationMeta level="product">
<doi origin="wiley" registered="yes">10.1111/(ISSN)1751-2824</doi>
<issn type="print">1751-2816</issn>
<issn type="electronic">1751-2824</issn>
<idGroup>
<id type="product" value="VOXS"/>
</idGroup>
<titleGroup>
<title sort="ISBT SCIENCE SERIES" type="main">ISBT Science Series</title>
<title type="short">VOXS</title>
</titleGroup>
</publicationMeta>
<publicationMeta level="part" position="10"><doi origin="wiley">10.1111/voxs.2018.13.issue-1</doi>
<titleGroup>
<title type="specialIssueTitle">27th Regional Congress of the International Society of Blood Transfusion, Copenhagen, Denmark, June 17&#x2010;21, part II</title>
</titleGroup>
<copyright ownership="thirdParty">Copyright ISBT Science Series &#x00A9; 2018 International Society of Blood Transfusion</copyright><numberingGroup><numbering type="journalVolume" number="13">13</numbering><numbering type="journalIssue">1</numbering></numberingGroup><coverDate startDate="2018-02">February 2018</coverDate>
</publicationMeta>
<publicationMeta level="unit" position="50" status="forIssue" type="reviewArticle">
<doi>10.1111/voxs.12376</doi>
<idGroup>
<id type="unit" value="VOXS12376"/>
</idGroup>
<countGroup>
<count number="6" type="pageTotal"/>
</countGroup>
<titleGroup>
<title type="articleCategory">Congress Review</title>
<title type="tocHeading1">27th Regional Congress of the International Society of Blood Transfusion, Copenhagen, Denmark, June 17&#x2010;21, part II</title>
<title type="tocHeading2">Congress Reviews</title>
</titleGroup>
<copyright ownership="thirdParty">&#x00A9; 2017 International Society of Blood Transfusion</copyright>
<eventGroup>
<event agent="SPS" date="2017-07-21" type="xmlCreated"></event>
</eventGroup>
<numberingGroup><numbering type="pageFirst">23</numbering><numbering type="pageLast">28</numbering></numberingGroup>
<correspondenceTo>
<lineatedText>
<line><i>Correspondence</i>: Nicola Curry, Oxford Haemophilia &#x0026; Thrombosis Centre, Oxford University Hospitals NHS Foundation Trust and Oxford NIHR BRC Blood Theme, Oxford, UK.</line>
<line>E&#x2010;mail: <email>nicola.curry@ouh.nhs.uk</email></line>
</lineatedText>
</correspondenceTo>
<linkGroup>
<link type="toTypesetVersion" href="file:voxs12376.pdf"/>
<link type="toAuthorManuscriptVersion" href="file:voxs12376_am.pdf"/>
</linkGroup>
</publicationMeta>
<contentMeta><countGroup><count type="figureTotal" number="0"/><count type="tableTotal" number="1"/><count type="wordTotal" number="4255"/></countGroup>
<titleGroup>
<title type="main">Do we need cryoprecipitate in the era of fibrinogen concentrate and other specific factor replacement options?</title>
<title type="shortAuthors">H. Wong &#x0026; N. Curry</title>
</titleGroup>
<creators>
<creator affiliationRef="#voxs12376-aff-0001 #voxs12376-aff-0002" creatorRole="author" xml:id="voxs12376-cr-0001">
<personName><givenNames>H.</givenNames> <familyName>Wong</familyName></personName>
</creator>
<creator affiliationRef="#voxs12376-aff-0002" corresponding="yes" creatorRole="author" xml:id="voxs12376-cr-0002">
<personName><givenNames>N.</givenNames> <familyName>Curry</familyName></personName><contactDetails><email>nicola.curry@ouh.nhs.uk</email></contactDetails>
</creator>
</creators>
<affiliationGroup>
<affiliation countryCode="GB" type="organization" xml:id="voxs12376-aff-0001">
<orgDiv>Department of Haematology</orgDiv> <orgName>University of Oxford</orgName> <address><city>Oxford</city> <country>UK</country></address>
</affiliation>
<affiliation countryCode="GB" type="organization" xml:id="voxs12376-aff-0002">
<orgDiv>Oxford Haemophilia &#x0026; Thrombosis Centre</orgDiv> <orgName>Oxford University Hospitals NHS Foundation Trust and Oxford NIHR BRC Blood Theme</orgName> <address><city>Oxford</city> <country>UK</country></address>
</affiliation>
</affiliationGroup>
<keywordGroup type="author">
<keyword xml:id="voxs12376-kwd-0001">hemostasis</keyword>
<keyword xml:id="voxs12376-kwd-0002">massive transfusion</keyword>
<keyword xml:id="voxs12376-kwd-0003">transfusion therapy</keyword>
</keywordGroup>
<abstractGroup>
<abstract type="main" xml:id="voxs12376-abs-0001" xml:lang="en">
<p>Cryoprecipitate was first used in the 1960s as a source of factor VIII (FVIII) for the treatment of bleeding in haemophilia A. Although still used in some countries for this purpose, its main use now is as a concentrated source of fibrinogen, commonly administered as part of major haemorrhage therapy for patients with uncontrolled bleeding. Fibrinogen is recognized as the first clotting protein to fall to clinically significant low levels during major haemorrhage, and there has been a recent explosion of interest around the potential importance of fibrinogen replacement therapy in this setting. This has led many to question the relative benefits of cryoprecipitate as compared to fibrinogen concentrate. This review will explore whether cryoprecipitate, in the era of specific factor concentrates, is an outmoded treatment. Cryoprecipitate is manufactured from frozen plasma after controlled thawing. It is not only a rich source of <fc>FVIII</fc> and fibrinogen but also contains von Willebrand Factor (<fc>VWF</fc>), <fc>FXIII</fc> and fibronectin. In UK, cryoprecipitate is available as single donor units or as pools of 5 units and requires thawing before transfusion. Variability in clotting factor levels in blood donors means that the fibrinogen concentration in cryoprecipitate may vary. With the exception of donor screening and viral testing at the time of donation, no viral reduction steps are taken during manufacture. Fibrinogen concentrate is an alternative concentrated source of fibrinogen but is not licensed in every country for acquired bleeding. It is a plasma&#x2010;derived product manufactured from pooled plasma. Many view fibrinogen concentrate as a superior product to cryoprecipitate with reasons including: standardization of production&#x2013;vials contain a known fibrinogen concentration; lyophilization making it easily portable and not requiring storage or thawing in blood bank; viral inactivation; a consideration for the <fc>UK</fc> is a likely lower risk for <fc>vCJD</fc> transmission. Gram for gram, fibrinogen concentrate is four times the cost of cryoprecipitate. The UK haemophilia centre doctors organisation (<fc>UKHCDO</fc>) recommends the use of single&#x2010;factor agents above pooled blood components for replacement therapy in inherited bleeding conditions, where possible, for many of these reasons. But what about cryoprecipitate as therapy for acquired bleeding where patients develop a complex coagulopathy affecting multiple coagulation and fibrinolytic factors? Might cryoprecipitate therapy confer an advantage? Theoretically, higher concentrations of <fc>VWF</fc>,<fc> FVIII</fc> and <fc>FXIII</fc> might promote more rapid primary and secondary haemostasis. Clinical efficacy for the two products in observational studies and one <fc>RCT</fc> has been reported to be similar, where increases in fibrinogen blood levels are comparable. However, no study has yet been large enough to look at comparative clinical efficacy or indeed safety. In the era of single&#x2010;factor concentrates, cryoprecipitate may seem outdated, but at present&#x2013;in particular in relation to therapy for major haemorrhage&#x2013;insufficient evidence is available which confirms or refutes it place in major haemorrhage therapy.</p>
</abstract>
</abstractGroup>
</contentMeta>
<noteGroup xml:id="voxs12376-ntgp-0101">
<note numbered="no" xml:id="voxs12376-note-1001">2D&#x2013;S07&#x2013;02</note>
</noteGroup>
</header>
<body sectionsNumbered="no" xml:id="voxs12376-body-0001">
<section xml:id="voxs12376-sec-0001">
<title type="main">Introduction</title>
<p>Cryoprecipitate has been available for transfusion since 1964; initially as therapy for haemophilia A, then rapidly becoming first line treatment for von Willebrand&#x0027;s disease and heritable deficiencies of fibrinogen and FXIII <link href="#voxs12376-bib-0001"/>. With the advent of single&#x2010;factor concentrate therapy the number of clinical indications for cryoprecipitate has reduced. It is recommended now for patients with acquired hypofibrinogenaemia only, most commonly as a result of major bleeding or disseminated intravascular coagulation (DIC). It is no longer recommended as first line therapy for heritable bleeding disorders if an alternative such as a single&#x2010;factor concentrate or virally inactivated plasma products (solvent&#x2013;detergent FFP) are available <link href="#voxs12376-bib-0002"/>. Indeed, much of Europe has phased out production of cryoprecipitate, instead favouring fibrinogen concentrates for all indications. In contrast, in the US, Australia, UK and Canada, fibrinogen concentrate is licensed only for heritable deficiencies.</p>
<p>Cryoprecipitate is a blood component, made by controlled thawing of frozen plasma at 1&#x2013;6&#x00B0;C. Precipitation of high molecular weight proteins occurs, and the resultant product is a concentrated source of fibrinogen, FVIII, von Willebrand factor (VWF) and FXIII. It also contains fibronectin, small amounts of immunoglobulin and platelet microparticles <link href="#voxs12376-bib-0003"/>. Due to differences both in clotting factor levels in blood donors and in the manufacturing process, the content of cryoprecipitate varies (Table <link href="#voxs12376-tbl-0001"/>). In UK, standard cryoprecipitate is manufactured from single units of leucodepleted frozen plasma from male donors, and NHSBT standards stipulate a fibrinogen concentration of &#x2265;140 mg&#x002F;unit (and FVIII &#x2265;70 iu&#x002F;unit) in at least 75&#x0025; units <link href="#voxs12376-bib-0004"/>. In UK, due to concerns about vCJD, methylene blue&#x2010;treated cryoprecipitate is available for any person born after 1st January 1996&#x2013;this product is specified to contain &#x2265;140 mg&#x002F;unit fibrinogen and &#x2265;50 iu&#x002F;unit FVIII <link href="#voxs12376-bib-0004"/>.</p>
<tabular copyright="John Wiley &#x0026; Sons, Ltd" xml:id="voxs12376-tbl-0001">
<title type="main">Comparison of cryoprecipitate and fibrinogen concentrate</title>
<table colsep="0" frame="topbot" pgwide="1" rowsep="0">
<tgroup cols="3">
<colspec colname="col1" colnum="1" colsep="0"></colspec>
<colspec colname="col2" colnum="2" colsep="0"></colspec>
<colspec colname="col3" colnum="3" colsep="0"></colspec>
<thead valign="top">
<row rowsep="1">
<entry align="left" colname="col1"></entry>
<entry align="left" colname="col2">Cryoprecipitate</entry>
<entry align="left" colname="col3">Fibrinogen concentrate (Riastap)</entry>
</row>
</thead>
<tbody>
<row>
<entry align="left" colname="col1" morerows="2">Manufacture</entry>
<entry align="left" colname="col2">Europe: 
<list style="bulleted" xml:id="voxs12376-list-0001">
<listItem>SD plasma</listItem>
</list></entry>
<entry align="left" colname="col3" morerows="2">Pooled human plasma (30&#x2013;60 000 donors)</entry>
</row>
<row>
<entry align="left" colname="col2">UK: 
<list style="bulleted" xml:id="voxs12376-list-0002">
<listItem>standard&#x2013;single male donors</listItem>
<listItem>MB treated (given in UK to patients born after 1&#x002F;1&#x002F;1996)</listItem>
</list></entry>
</row>
<row>
<entry align="left" colname="col2">USA: 
<list style="bulleted" xml:id="voxs12376-list-0003">
<listItem>standard FFP</listItem>
</list></entry>
</row>
<row>
<entry align="left" colname="col1">Concentration of fibrinogen</entry>
<entry align="left" colname="col2">15&#x2013;17 g&#x002F;l</entry>
<entry align="left" colname="col3">20 g&#x002F;l</entry>
</row>
<row>
<entry align="left" colname="col1" morerows="3">Other coagulation factors</entry>
<entry align="left" colname="col2">FVIII: mean 1&#x00B7;01 iu&#x002F;ml</entry>
<entry align="left" colname="col3">Not published</entry>
</row>
<row>
<entry align="left" colname="col2">Fn: 1500 mcg&#x002F;ml</entry>
<entry align="left" colname="col3"></entry>
</row>
<row>
<entry align="left" colname="col2">FXIII: mean 0&#x00B7;80 iu&#x002F;ml</entry>
<entry align="left" colname="col3"></entry>
</row>
<row>
<entry align="left" colname="col2">VWF: mean 2&#x00B7;60 iu&#x002F;ml</entry>
<entry align="left" colname="col3"></entry>
</row>
<row>
<entry align="left" colname="col1">Variability</entry>
<entry align="left" colname="col2">High</entry>
<entry align="left" colname="col3">Standardized product</entry>
</row>
<row>
<entry align="left" colname="col1">Cost</entry>
<entry align="left" colname="col2">&#x00A3;190 per 2 g Fg</entry>
<entry align="left" colname="col3">&#x00A3;680 per 2 g Fg</entry>
</row>
<row>
<entry align="left" colname="col1">Volume for 2 g dose</entry>
<entry align="left" colname="col2">&#x007E;150 ml</entry>
<entry align="left" colname="col3">100 ml</entry>
</row>
<row>
<entry align="left" colname="col1">Viral inactivation</entry>
<entry align="left" colname="col2">Nil in standard cryo</entry>
<entry align="left" colname="col3">Pasteurization 60&#x00B0;C for 20 h Fibrinogen adsorption&#x002F;precipitation also removes virus</entry>
</row>
<row>
<entry align="left" colname="col1">Adverse events</entry>
<entry align="left" colname="col2">TRALI, TTI</entry>
<entry align="left" colname="col3">TTI, thrombosis</entry>
</row>
<row>
<entry align="left" colname="col1">Shelf&#x2010;life</entry>
<entry align="left" colname="col2">4 h once defrosted</entry>
<entry align="left" colname="col3">24 h once reconstituted</entry>
</row>
<row>
<entry align="left" colname="col1">Storage</entry>
<entry align="char" char=" " colname="col2">12 months &#x2212;25&#x00B0;C or colder</entry>
<entry align="left" colname="col3">5 years at room temperature</entry>
</row>
<row>
<entry align="left" colname="col1">Speed of reconstitution&#x002F;availability</entry>
<entry align="left" colname="col2">17&#x2013;20 min to thaw</entry>
<entry align="left" colname="col3">&#x007E;10 min</entry>
</row>
<row>
<entry align="left" colname="col1">Blood group compatibility</entry>
<entry align="left" colname="col2">Requires consideration</entry>
<entry align="left" colname="col3">N&#x002F;A</entry>
</row>
<row>
<entry align="left" colname="col1"><i>In vivo</i> recovery</entry>
<entry align="left" nameend="col3" namest="col2">4 g fibrinogen raises blood fibrinogen level by 1&#x00B7;0 g&#x002F;l</entry>
</row>
</tbody>
</tgroup>
</table>
<noteGroup xml:id="voxs12376-ntgp-0001">
<note numbered="no" xml:id="voxs12376-note-0001">
<p>FFP, fresh frozen plasma; FVIII, factor VIII; FXIII, factor XIII; Fn, fibronectin; SD, solvent detergent; TRALI, transfusion&#x2010;related acute lung injury; TTI, transfusion transmitted infection; VWF, von Willebrand factor.</p>
</note>
</noteGroup>
</tabular>
<p>In contrast, fibrinogen concentrate is a heat&#x2010;treated, lyophilized fibrinogen powder made from pooled human plasma. It is a standardized product and has been available for use for over 50 years. Each vial contains between 900 and 1300 mg fibrinogen, 400 and 700 mg human albumin, and other constituents which aid the dissolution of the powdered fibrinogen into the solvent, most notably: 375&#x2013;660 mg&#x002F;l arginine hydrochloride <link href="#voxs12376-bib-0005"/>.</p>
</section>
<section xml:id="voxs12376-sec-0002">
<title type="main">Fibrinogen therapy for major bleeding</title>
<p>Both cryoprecipitate and fibrinogen concentrates are given during major haemorrhage to ameliorate low blood fibrinogen levels <link href="#voxs12376-bib-0006 #voxs12376-bib-0007"/>. Fibrinogen is critical for effective haemostasis. It is the precursor of fibrin and is an important mediator of platelet aggregation, via the platelet receptor GPIIb&#x002F;IIIa. Once cleaved by thrombin, fibrinogen forms a network of insoluble polymerized fibrin strands that act as a &#x2018;mesh&#x2019; to support the formation of a stable clot. Observational data support the important role of fibrinogen during bleeding and have shown that low fibrinogen levels are an independent predictor of mortality in trauma <link href="#voxs12376-bib-0008"/>, as well as bleeding in both trauma <link href="#voxs12376-bib-0009"/> and cardiac surgery <link href="#voxs12376-bib-0010"/>. Furthermore, a fibrinogen of 2 g&#x002F;l or less in pregnant women has also been shown to accurately predict postpartum haemorrhage <link href="#voxs12376-bib-0011"/>. Despite it being known for over 20 years that fibrinogen is one of the first clotting factors to fall to clinically low levels <link href="#voxs12376-bib-0012"/>, the central importance of fibrinogen replacement for effective haemostasis in acquired bleeding has only recently been recognized. This is likely to be a major reason behind the reports of increased cryoprecipitate use (22&#x0025; rise between 2011 and 2013 in UK), as well as increased fibrinogen concentrate use in Europe.</p>
<p>A growing number of observational studies and randomized controlled trials have been published in the last 5&#x2013;10 years exploring the effectiveness of fibrinogen replacement in major bleeding. A Cochrane review identified six small elective surgery trials of fibrinogen concentrate, all of low quality and the review reported no effect on mortality (2&#x00B7;6&#x0025; vs. 9&#x00B7;5&#x0025;, RR 0&#x00B7;28, 95&#x0025; CI: 0&#x00B7;33&#x2013;2&#x00B7;33), but did show a clear reduction in the incidence of allogeneic transfusions (RR 0&#x00B7;47, 95&#x0025; CI: 0&#x00B7;32&#x2013;0&#x00B7;72) <link href="#voxs12376-bib-0013"/>. A broader systematic review evaluated RCT (<i>n</i> &#x003D; 7) and observational data (<i>n</i> &#x003D; 23), again looking at fibrinogen concentrate as therapy for major bleeding <link href="#voxs12376-bib-0014"/>. The authors of this study concluded that there was only weak evidence from RCTs to support the use of fibrinogen concentrate, primarily in elective cardiac surgery, and that the general use of fibrinogen across all settings (cardiac, obstetric, trauma) was only supported by non&#x2010;randomized studies which had serious methodological shortcomings.</p>
<p>As highlighted, to date most data evaluate fibrinogen concentrate alone and far fewer studies use cryoprecipitate. However, a recent systematic review explored clinical outcomes in studies using fibrinogen concentrate and cryoprecipitate in patients with bleeding <link href="#voxs12376-bib-0015"/>. Overall, in the four included studies (one RCT, three observational), there were no differences between either fibrinogen therapy in terms of bleeding, fibrinogen recovery, red blood cell (RBC) transfusions or thromboembolic (TE) complications (TE events were reported only in the RCT). Mortality data were not available, and the authors concluded that no recommendation could be made favouring one intervention over the other. The only other published RCT that has used cryoprecipitate <link href="#voxs12376-bib-0016"/>, evaluated its use in trauma haemorrhage <link href="#voxs12376-bib-0016"/>. This study showed that cryoprecipitate raised blood fibrinogen levels, was not associated with increased TE events and might have an effect on reducing mortality.</p>
</section>
<section xml:id="voxs12376-sec-0003">
<title type="main">Beyond fibrinogen</title>
<section xml:id="voxs12376-sec-0004">
<title type="main">Other haemostatic factors</title>
<p>The main reason for administering cryoprecipitate or fibrinogen concentrate during major haemorrhage is to replace the fibrinogen that has been lost. It is clear from observational studies that the recovery of fibrinogen using either cryoprecipitate or the most widely available fibrinogen concentrate (Riastap, CSL Behring) is similar. On average 4 g of administered fibrinogen raises the fibrinogen blood level by 1&#x00B7;0 g&#x002F;l <link href="#voxs12376-bib-0017"/>. However, cryoprecipitate (and indeed fibrinogen concentrate) contains much more than fibrinogen alone. It is unclear what role these additional coagulation factors play in overall haemostatic potential, or indeed whether the presence of anticoagulant factors (antithrombin) or antifibrinolytic factors (alpha&#x2010;2 antiplasmin) play an additional role, perhaps by &#x2018;balancing&#x2019; haemostatic and thrombotic processes.</p>
<p>Cryoprecipitate is rich in VWF, fibronectin, FVIII, FXIII and contains significant amounts of <i>&#x03B1;</i>2&#x2010;antiplasmin and antithrombin. What role might these proteins play:</p>
<section xml:id="voxs12376-sec-0005">
<title type="main">VWF:</title>
<p>VWF is important for primary haemostasis. It binds exposed subendothelial collagen and forms a &#x2018;haemostatic bridge&#x2019; initiating the capture of platelets to sites of injury.</p>
</section>
<section xml:id="voxs12376-sec-0006">
<title type="main">FVIII:</title>
<p>FVIII is a key coagulation protease, which is important for thrombin generation. FVIII is transported, and protected from breakdown, in plasma by VWF.</p>
</section>
<section xml:id="voxs12376-sec-0007">
<title type="main">Fibronectin:</title>
<p>In mice, plasma fibronectin (pFn) has been shown to play a vital role in thrombus formation. pFn deposits rapidly at the site of vessel wall injury and promotes platelet aggregation through fibronectin&#x2013;fibrin complexes and by so doing strengthens the developing fibrin clot <link href="#voxs12376-bib-0018"/>. Conversely, at the edges of a developing clot, pFn limits thrombus formation and prevents unregulated clot extension.</p>
</section>
<section xml:id="voxs12376-sec-0008">
<title type="main">Factor XIII:</title>
<p>Factor XIII plays a critical role in secondary haemostasis, by cross&#x2010;linking fibrin chains and stabilizing a forming thrombus. Importantly it also cross&#x2010;links inhibitors of fibrinolysis (in particular <i>&#x03B1;</i>2&#x2010;antiplasmin) to fibrin, preventing premature clot lysis and improving clot stability <link href="#voxs12376-bib-0019"/>. Normal resistance to lysis is seen when FXIII levels are above 0&#x00B7;50 iu&#x002F;ml (50&#x0025;) <link href="#voxs12376-bib-0019"/>.</p>
</section>
<section xml:id="voxs12376-sec-0009">
<title type="main">Alpha&#x2010;2 antiplasmin:</title>
<p>Alpha&#x2010;2 antiplasmin is a constituent of cryoprecipitate <link href="#voxs12376-bib-0020"/> and is the main coagulation protein that inhibits clot breakdown. Theoretically <i>&#x03B1;</i>2&#x2010;AP may be an important by limiting fibrinolysis (as occurs in trauma haemorrhage, some forms of obstetric haemorrhage and DIC).</p>
<p>Observational data provide some data about what happens to these clotting factors in major bleeding. Following trauma, VWF levels are generally very high (thought to be augmented by endothelial cell activation and release of VWF from Weibel&#x2010;Palade bodies) <link href="#voxs12376-bib-0021"/>. However, in patients with major haemorrhage following injury significantly lower VWF levels are reported (VWF levels: 224 iu&#x002F;ml vs. 206 iu&#x002F;ml, <i>P</i> &#x003D; 0&#x00B7;014)<link href="#voxs12376-bib-0021"/>. In addition to this, low FXIII levels are found in trauma patients with bleeding, compared to non&#x2010;bleeding patients <link href="#voxs12376-bib-0021"/>. The importance of these changes, and indeed the haemostatic and clinical effect of replacing these factors together during major bleeding (e.g. by cryoprecipitate), is difficult to know and has not been studied. A recent trauma RCT compared plasma (FFP) therapy with factor concentrate therapy (which included fibrinogen concentrate, prothrombin complex concentrate and FXIII in varying amounts) for trauma patients with bleeding <link href="#voxs12376-bib-0022"/>. Due to the administration of all three factor concentrates in combination it has not been possible to delineate the effect of FXIII therapy alone.</p>
<p>The full range of coagulation factors (or their concentrations) that makes up fibrinogen concentrate is not known. In fact there are no recent publications detailing the constituents of cryoprecipitate, and therefore, the differential effects between these two therapies according to coagulation profiles can only be speculated. Clinical data show no overt differences in outcomes, and mechanistic studies are required to unpick whether any differences are seen <i>in vivo</i> at the haemostatic level.</p>
</section>
</section>
</section>
<section xml:id="voxs12376-sec-0010">
<title type="main">Cost</title>
<p>The cost of the two products must not be ignored. On average, fibrinogen concentrate costs three&#x2010;four times the amount of standard cryoprecipitate when compared per gram of fibrinogen (Table <link href="#voxs12376-tbl-0001"/>). A recent cost analysis study concluded that even after taking into consideration a 28&#x0025; wastage of cryoprecipitate and the cost of preparation of cryoprecipitate, fibrinogen concentrate was more expensive by a factor of two. The authors stated that either a 44&#x0025; reduction in cost, or a change to a clinical outcome of importance, such as a significant reduction in ICU length of stay, was required to make fibrinogen concentrate economically competitive <link href="#voxs12376-bib-0023"/>.</p>
</section>
<section xml:id="voxs12376-sec-0011">
<title type="main">Safety</title>
<section xml:id="voxs12376-sec-0012">
<title type="main">Infection</title>
<p>One of the main safety concerns relating to standard cryoprecipitate transfusion is the risk of viral transmission, as it does not undergo pasteurization or viral inactivation. Efforts to pathogen reduce cryoprecipitate by treatment of plasma with riboflavin and UV light, amotosalen, and solvent detergent filtration have met with limited success as these methods generally lead to a 30&#x0025; drop in fibrinogen <link href="#voxs12376-bib-0024"/>. Looking at data from the UK haemovigilance scheme, Serious Hazards of Transfusion (SHOT) (1996&#x2010;2014), no cryoprecipitate&#x2010;related cases of viral transmission were reported <link href="#voxs12376-bib-0025"/> until the 2015 SHOT report where one case of cryoprecipitate implicated HEV transmission was reported. Over this same time period, there were five cases of viral transmission with FFP (three HEV, one HIV and one HBV). Specific to the UK is the potential risk of vCJD. As yet, no pools of cryoprecipitate have been implicated in transmission of this prion.</p>
<p>Fibrinogen concentrate is virally inactivated, and therefore deemed to be safer than cryoprecipitate. Fibrinogen concentrate is made from pooled plasma&#x2013;where many thousands of donations are pooled. This does increase donor number exposure for any recipients of this treatment, an important consideration for emerging pathogens.</p>
</section>
<section xml:id="voxs12376-sec-0013">
<title type="main">Thromboembolic events</title>
<p>High fibrinogen levels are a risk factor for thrombosis. In postsurveillance monitoring, 1 thrombotic event per 23 300 doses of fibrinogen concentrate was reported from data covering a 27&#x2010;year period <link href="#voxs12376-bib-0026"/>. Notably the majority of treatments in this report were given for heritable fibrinogen deficiency, where thrombotic risk profiles differ significantly from those of patients with major bleeding. Nevertheless, other studies that have evaluated fibrinogen concentrate therapy for major bleeding have raised no thrombotic or safety concerns <link href="#voxs12376-bib-0027"/>.</p>
<p>Data for cryoprecipitate are scanty. TE data are generally not collected in national haemovigilance databases. Two RCTs have reported TE event data with cryoprecipitate (evaluating just over 100 patients) <link href="#voxs12376-bib-0016 #voxs12376-bib-0028"/> and neither has shown increased TE events with cryoprecipitate supplementation. In fact, in the trauma RCT, all TE events were reported in the comparator arm <link href="#voxs12376-bib-0016"/>.</p>
</section>
<section xml:id="voxs12376-sec-0014">
<title type="main">Transfusion&#x2010;related adverse events</title>
<p>One case of cryoprecipitate implicated transfusion&#x2010;related acute lung injury (TRALI) has been reported since the inception of SHOT reporting in UK in 1996 <link href="#voxs12376-bib-0025"/>. In general, there are few transfusion&#x2010;related adverse events attributable to cryoprecipitate, for example in the 2014, only one of the 43 acute transfusion reactions was attributed to cryoprecipitate, and cryoprecipitate was issued over 43 150 times that year.</p>
</section>
</section>
<section xml:id="voxs12376-sec-0015">
<title type="main">Practical considerations</title>
<p>Much is made of the difference between the speed of reconstitution for fibrinogen concentrate compared with the thawing time for cryoprecipitate. Certainly, fibrinogen concentrate can be stored at the point of need, and therefore, transportation times are absent. However, on average it takes at least 10 min to reconstitute fibrinogen concentrate <link href="#voxs12376-bib-0029"/>. Once reconstituted, fibrinogen concentrate must be administered within 24 h. By way of contrast, cryoprecipitate takes 17&#x2013;20 min to defrost. A small RCT study in trauma haemorrhage (CRYOSTAT1) evaluated the feasibility of administering cryoprecipitate to exsanguinating patients within 90 min of hospital admission <link href="#voxs12376-bib-0016"/>. The study confirmed feasibility and reported a median time of transfusion as 60 min (IQR: 57&#x2013;76 min). In direct comparison, a similar trauma RCT which used fibrinogen concentrate confirmed the feasibility of administering this within 60 min, with an average time of administration of 51 min (IQR: 43&#x2013;59 min) <link href="#voxs12376-bib-0030"/>&#x2013;perhaps not as different as might be expected (although this study did reconstitute the concentrate in blood bank, adding transport times).</p>
<p>Once defrosted, cryoprecipitate has a shelf&#x2010;life of 4 h, increasing its potential for wastage. Blood services have been addressing this particular issue by exploring the effects of extended post&#x2010;thaw shelf&#x2010;life, both to 24 h <link href="#voxs12376-bib-0031"/> and 72 h <link href="#voxs12376-bib-0032"/>. In both studies, no significant reductions in fibrinogen, FVIII, FXIII or VWF were found after storage at 20&#x2013;24&#x00B0;C at either time point, and ROTEM parameters were similar at 72 h&#x2013;suggesting maintenance of haemostatic potential <link href="#voxs12376-bib-0032"/>. Extended thaw times might, therefore, make cryoprecipitate more attractive for major haemorrhage therapy, reducing delivery time to the patient, and may make it quicker than concentrate administration.</p>
</section>
<section xml:id="voxs12376-sec-0016">
<title type="main">Areas for future research</title>
<p>On the face of it there is much to recommend fibrinogen concentrate as a means to treat low fibrinogen levels&#x2013;increased viral safety; higher and standardized concentrations; no blood group compatibility issues and the ability to keep the drug at the patient bedside. And indeed, for patients with inherited fibrinogen deficiency, where repeated prophylactic exposure to fibrinogen therapy is likely, where data confirm improved clinical outcomes when prophylaxis is given, and where long term viral safety of the prophylactic therapy is paramount, it makes sense to give concentrate.</p>
<p>However, the case for acquired hypofibrinogenaemia is not so clear cut. Data are scanty&#x2013;and before we even consider which of these two sources of fibrinogen has the greater overall benefit&#x2013;we need to determine whether outcomes after major bleeding are even improved using fibrinogen supplementation. And in addition, if fibrinogen is confirmed to be beneficial, we need to know what fibrinogen threshold we should be administering fibrinogen for greatest effect. It is only then, when these questions are answered, that attention can be turned to compare the two therapies and to look in greater detail at differential outcomes.</p>
<p>Several studies are currently open and will provide important results to inform future management. CRYOSTAT&#x2010;2 (ISRCTN 14998314) is a large multicenter, international trauma trial evaluating whether 6 g of early fibrinogen replacement (three pools of cryoprecipitate) reduces mortality in adults with major trauma haemorrhage. It is expected to recruit just fewer than 1600 patients and will complete recruitment in 2020. A large (<i>n</i> &#x003D; 1200) multicenter study will also open soon in Canada (FIBRES: NCT03037424) looking at the effect of fibrinogen concentrate in cardiac surgery, with red cell transfusion as the primary endpoint. These two large studies will provide robust information about clinical effectiveness of these two therapies. Two smaller RCTs are on&#x2010;going comparing fibrinogen concentrate with cryoprecipitate; one in patients undergoing cardiopulmonary bypass (TOP&#x2010;CLOT: NCT02540434) and one in trauma (FEISTY: NCT02745041). These studies will add to the knowledge base, providing important answers about differential benefits of either treatment.</p>
</section>
<section xml:id="voxs12376-sec-0017">
<title type="main">Conclusions</title>
<p>There are, as yet, no clear clinical data that show that fibrinogen concentrate is superior to cryoprecipitate in any clinical setting. Infection risk and cost remain the two significant differences between these products which must be considered when treating patients. To address the uncertainties around fibrinogen supplementation, multicentre studies with large patient numbers must be conducted, ideally with mechanistic sub studies evaluating <i>in vivo</i> differences in haemostatic potential.</p>
</section>
<bibliography cited="yes" style="numbered" xml:id="voxs12376-bibl-0001">
<title type="main">References</title>
<bib xml:id="voxs12376-bib-0001">
<citation type="journal" xml:id="voxs12376-cit-0001"><author><familyName>Kasper</familyName> <givenNames>CK</givenNames></author>: <articleTitle>Judith Graham Pool and the discovery of cryoprecipitate</articleTitle>. <journalTitle>Haemophilia</journalTitle> <pubYear year="2012">2012</pubYear>; <vol>18</vol>:<pageFirst>833</pageFirst>&#x2013;<pageLast>835</pageLast></citation>
</bib>
<bib xml:id="voxs12376-bib-0002">
<citation type="journal" xml:id="voxs12376-cit-0002"><author><familyName>Keeling</familyName> <givenNames>D</givenNames></author>, <author><familyName>Tait</familyName> <givenNames>C</givenNames></author>, <author><familyName>Makris</familyName> <givenNames>M</givenNames></author>: <articleTitle>Guideline on the selection and use of therapeutic products to treat haemophilia and other hereditary bleeding disorders. A UKHCDO guideline approved by the BCSH</articleTitle>. <journalTitle>Haemophilia</journalTitle> <pubYear year="2008">2008</pubYear>; <vol>14</vol>:<pageFirst>671</pageFirst>&#x2013;<pageLast>684</pageLast></citation>
</bib>
<bib xml:id="voxs12376-bib-0003">
<citation type="journal" xml:id="voxs12376-cit-0003"><author><familyName>Callum</familyName> <givenNames>JL</givenNames></author>, <author><familyName>Karkouti</familyName> <givenNames>K</givenNames></author>, <author><familyName>Lin</familyName> <givenNames>Y</givenNames></author>: <articleTitle>Cryoprecipitate: the current state of knowledge</articleTitle>. <journalTitle>Transfus Med Rev</journalTitle> <pubYear year="2009">2009</pubYear>; <vol>23</vol>:<pageFirst>177</pageFirst>&#x2013;<pageLast>188</pageLast></citation>
</bib>
<bib xml:id="voxs12376-bib-0004">
<citation type="book" xml:id="voxs12376-cit-0004"><bookTitle>Guidelines for the Blood Transfusion Services in the United Kingdom</bookTitle>. <edition number="8">8th</edition> edn, <pubYear year="2013">2013</pubYear>. <url href="http://www.transfusionguidelines.org/red-book">http://www.transfusionguidelines.org/red-book</url></citation>
</bib>
<bib xml:id="voxs12376-bib-0005">
<citation type="other" xml:id="voxs12376-cit-0005"><otherTitle>Summary of product characteristics for Riastap</otherTitle>: <url href="https://www.medicines.org.uk/emc/medicine/24163">https://www.medicines.org.uk/emc/medicine/24163</url></citation>
</bib>
<bib xml:id="voxs12376-bib-0006">
<citation type="journal" xml:id="voxs12376-cit-0006"><author><familyName>Alport</familyName> <givenNames>CE</givenNames></author>, <author><familyName>Callum</familyName> <givenNames>J</givenNames></author>, <author><familyName>Nahirniak</familyName> <givenNames>S</givenNames></author>, <i>et al</i>.: <articleTitle>Cryoprecipitate use in 25 Canadian hospitals: commonly used outside of the published guidelines</articleTitle>. <journalTitle>Transfusion</journalTitle> <pubYear year="2008">2008</pubYear>; <vol>48</vol>:<pageFirst>2122</pageFirst>&#x2013;<pageLast>2127</pageLast></citation>
</bib>
<bib xml:id="voxs12376-bib-0007">
<citation type="journal" xml:id="voxs12376-cit-0007"><author><familyName>Tinegate</familyName> <givenNames>H</givenNames></author>, <author><familyName>Allard</familyName> <givenNames>S</givenNames></author>, <author><familyName>Grant&#x2010;Casey</familyName> <givenNames>J</givenNames></author>, <i>et al</i>.: <articleTitle>Cryoprecipitate for transfusion: which patients receive it and why? A study of patterns of use across three regions in England</articleTitle>. <journalTitle>Transfus Med</journalTitle> <pubYear year="2012">2012</pubYear>; <vol>22</vol>:<pageFirst>356</pageFirst>&#x2013;<pageLast>361</pageLast></citation>
</bib>
<bib xml:id="voxs12376-bib-0008">
<citation type="journal" xml:id="voxs12376-cit-0008"><author><familyName>Rourke</familyName> <givenNames>C</givenNames></author>, <author><familyName>Curry</familyName> <givenNames>N</givenNames></author>, <author><familyName>Khan</familyName> <givenNames>S</givenNames></author>, <i>et al</i>.: <articleTitle>Fibrinogen levels during trauma hemorrhage, response to replacement therapy, and association with patient outcomes</articleTitle>. <journalTitle>J Thromb Haemost</journalTitle> <pubYear year="2012">2012</pubYear>; <vol>10</vol>:<pageFirst>1342</pageFirst>&#x2013;<pageLast>1351</pageLast></citation>
</bib>
<bib xml:id="voxs12376-bib-0009">
<citation type="journal" xml:id="voxs12376-cit-0009"><author><familyName>Schochl</familyName> <givenNames>H</givenNames></author>, <author><familyName>Cotton</familyName> <givenNames>B</givenNames></author>, <author><familyName>Inaba</familyName> <givenNames>K</givenNames></author>, <i>et al</i>.: <articleTitle>FIBTEM provides early prediction of massive transfusion in trauma</articleTitle>. <journalTitle>Crit Care</journalTitle> <pubYear year="2011">2011</pubYear>; <vol>15</vol>:<pageFirst>R265</pageFirst></citation>
</bib>
<bib xml:id="voxs12376-bib-0010">
<citation type="journal" xml:id="voxs12376-cit-0010"><author><familyName>Karlsson</familyName> <givenNames>M</givenNames></author>, <author><familyName>Ternstrom</familyName> <givenNames>L</givenNames></author>, <author><familyName>Hyllner</familyName> <givenNames>M</givenNames></author>, <i>et al</i>.: <articleTitle>Plasma fibrinogen level, bleeding, and transfusion after on&#x2010;pump coronary artery bypass grafting surgery: a prospective observational study</articleTitle>. <journalTitle>Transfusion</journalTitle> <pubYear year="2008">2008</pubYear>; <vol>48</vol>:<pageFirst>2152</pageFirst>&#x2013;<pageLast>2158</pageLast></citation>
</bib>
<bib xml:id="voxs12376-bib-0011">
<citation type="journal" xml:id="voxs12376-cit-0011"><author><familyName>Charbit</familyName> <givenNames>B</givenNames></author>, <author><familyName>Mandelbrot</familyName> <givenNames>L</givenNames></author>, <author><familyName>Samain</familyName> <givenNames>E</givenNames></author>, <i>et al</i>., <groupName>PPH Study Group</groupName>: <articleTitle>The decrease of fibrinogen is an early indicator of the severity of postpartum haemorrhage</articleTitle>. <journalTitle>J Thromb Haemost</journalTitle> <pubYear year="2007">2007</pubYear>; <vol>5</vol>:<pageFirst>266</pageFirst>&#x2013;<pageLast>273</pageLast></citation>
</bib>
<bib xml:id="voxs12376-bib-0012">
<citation type="journal" xml:id="voxs12376-cit-0012"><author><familyName>Hiippala</familyName> <givenNames>ST</givenNames></author>, <author><familyName>Myllyl&#x00E4;</familyName> <givenNames>GJ</givenNames></author>, <author><familyName>Vahtera</familyName> <givenNames>EM</givenNames></author>: <articleTitle>Hemostatic factors and replacement of major blood loss with plasma&#x2010;poor red cell concentrates</articleTitle>. <journalTitle>Anesth Analg</journalTitle> <pubYear year="1995">1995</pubYear>; <vol>81</vol>:<pageFirst>360</pageFirst>&#x2013;<pageLast>365</pageLast></citation>
</bib>
<bib xml:id="voxs12376-bib-0013">
<citation type="journal" xml:id="voxs12376-cit-0013"><author><familyName>Wikkelso</familyName> <givenNames>A</givenNames></author>, <author><familyName>Lunde</familyName> <givenNames>J</givenNames></author>, <author><familyName>Johansen</familyName> <givenNames>M</givenNames></author>, <i>et al</i>.: <articleTitle>Fibrinogen in bleeding patients</articleTitle>. <journalTitle>Cochrane Database Syst Rev</journalTitle> <pubYear year="2013">2013</pubYear>; issue <issue>8</issue>:<pageFirst>CD008864</pageFirst></citation>
</bib>
<bib xml:id="voxs12376-bib-0014">
<citation type="journal" xml:id="voxs12376-cit-0014"><author><familyName>Lunde</familyName> <givenNames>J</givenNames></author>, <author><familyName>Stensballe</familyName> <givenNames>J</givenNames></author>, <author><familyName>Wikkelso</familyName> <givenNames>A</givenNames></author>, <i>et al</i>.: <articleTitle>Fibrinogen concentrate for bleeding&#x2013;a systematic review</articleTitle>. <journalTitle>Acta Anaesthesiol Scand</journalTitle> <pubYear year="2014">2014</pubYear>; <vol>58</vol>:<pageFirst>1061</pageFirst>&#x2013;<pageLast>1074</pageLast></citation>
</bib>
<bib xml:id="voxs12376-bib-0015">
<citation type="journal" xml:id="voxs12376-cit-0015"><author><familyName>Jensen</familyName> <givenNames>NHL</givenNames></author>, <author><familyName>Stensballe</familyName> <givenNames>J</givenNames></author>, <author><familyName>Afshari</familyName> <givenNames>A</givenNames></author>: <articleTitle>Comparing efficacy and safety of fibrinogen concentrate to cryoprecipitate in bleeding patients: a systematic review</articleTitle>. <journalTitle>Acta Anaesthesiol Scand</journalTitle> <pubYear year="2016">2016</pubYear>; <vol>60</vol>:<pageFirst>1033</pageFirst>&#x2013;<pageLast>1042</pageLast>. <url href="https://doi.org/10.1111/aas.12734">https://doi.org/10.1111/aas.12734</url></citation>
</bib>
<bib xml:id="voxs12376-bib-0016">
<citation type="journal" xml:id="voxs12376-cit-0016"><author><familyName>Curry</familyName> <givenNames>N</givenNames></author>, <author><familyName>Rourke</familyName> <givenNames>C</givenNames></author>, <author><familyName>Davenport</familyName> <givenNames>R</givenNames></author>, <i>et al</i>.: <articleTitle>Early cryoprecipitate for major haemorrhage in trauma: a randomised controlled feasibility trial</articleTitle>. <journalTitle>Br J Anaesth</journalTitle> <pubYear year="2015">2015</pubYear>; <vol>115</vol>:<pageFirst>76</pageFirst>&#x2013;<pageLast>83</pageLast></citation>
</bib>
<bib xml:id="voxs12376-bib-0017">
<citation type="journal" xml:id="voxs12376-cit-0017"><author><familyName>Fenger&#x2010;Eriksen</familyName> <givenNames>C</givenNames></author>, <author><familyName>Jensen</familyName> <givenNames>TM</givenNames></author>, <author><familyName>Kristensen</familyName> <givenNames>BS</givenNames></author>, <i>et al</i>.: <articleTitle>Fibrinogen substitution improves whole blood clot firmness after dilution with hydroxyethyl starch in bleeding patients undergoing radical cystectomy: a randomized, placebo&#x2010;controlled clinical trial</articleTitle>. <journalTitle>J Thromb Haemost</journalTitle> <pubYear year="2009">2009</pubYear>; <vol>7</vol>:<pageFirst>795</pageFirst>&#x2013;<pageLast>802</pageLast></citation>
</bib>
<bib xml:id="voxs12376-bib-0018">
<citation type="journal" xml:id="voxs12376-cit-0018"><author><familyName>Wang</familyName> <givenNames>Y</givenNames></author>, <author><familyName>Ni</familyName> <givenNames>H</givenNames></author>: <articleTitle>Fibronectin maintains the balance between haemostasis and thrombosis</articleTitle>. <journalTitle>Cell Mol Life Sci</journalTitle> <pubYear year="2016">2016</pubYear>; <vol>73</vol>:<pageFirst>3265</pageFirst>&#x2013;<pageLast>3277</pageLast></citation>
</bib>
<bib xml:id="voxs12376-bib-0019">
<citation type="journal" xml:id="voxs12376-cit-0019"><author><familyName>Mutch</familyName> <givenNames>NJ</givenNames></author>, <author><familyName>Koikkalainen</familyName> <givenNames>JS</givenNames></author>, <author><familyName>Fraser</familyName> <givenNames>SR</givenNames></author>, <i>et al</i>.: <articleTitle>Model thrombi formed under flow reveal the role of factor XIII&#x2010;mediated cross&#x2010;linking in resistance to fibrinolysis</articleTitle>. <journalTitle>J Thromb Haemost</journalTitle> <pubYear year="2010">2010</pubYear>; <vol>8</vol>:<pageFirst>2017</pageFirst>&#x2013;<pageLast>2024</pageLast></citation>
</bib>
<bib xml:id="voxs12376-bib-0020">
<citation type="journal" xml:id="voxs12376-cit-0020"><author><familyName>McRoyan</familyName> <givenNames>DK</givenNames></author>, <author><familyName>McRoyan</familyName> <givenNames>CJ</givenNames></author>, <author><familyName>Sauter</familyName> <givenNames>KL</givenNames></author>, <i>et al</i>.: <articleTitle>Antithrombin III, plasminogen, plasmin, and alpha&#x2010;2&#x2010;antiplasmin in donor blood and plasma components</articleTitle>. <journalTitle>Ann Clin Lab Sci</journalTitle> <pubYear year="1985">1985</pubYear>; <vol>15</vol>:<pageFirst>165</pageFirst>&#x2013;<pageLast>170</pageLast></citation>
</bib>
<bib xml:id="voxs12376-bib-0021">
<citation type="journal" xml:id="voxs12376-cit-0021"><author><familyName>Johansson</familyName> <givenNames>PI</givenNames></author>, <author><familyName>S&#x00F8;rensen</familyName> <givenNames>AM</givenNames></author>, <author><familyName>Perner</familyName> <givenNames>A</givenNames></author>, <i>et al</i>.: <articleTitle>Disseminated intravascular coagulation or acute coagulopathy of trauma shock early after trauma? An observational study</articleTitle>. <journalTitle>Crit Care</journalTitle> <pubYear year="2011">2011</pubYear>; <vol>15</vol>:<pageFirst>R272</pageFirst></citation>
</bib>
<bib xml:id="voxs12376-bib-0022">
<citation type="journal" xml:id="voxs12376-cit-0022"><author><familyName>Innohofer</familyName> <givenNames>P</givenNames></author>, <author><familyName>Fries</familyName> <givenNames>D</givenNames></author>, <author><familyName>Mittermayr</familyName> <givenNames>M</givenNames></author>, <i>et al</i>.: <articleTitle>Reversal of trauma&#x2010;induced coagulopathy using first&#x2010;line coagulation factor concentrates or fresh frozen plasma (RETIC): a single&#x2010;centre, parallel group, open&#x2010;label, randomised trial</articleTitle>. <journalTitle>Lancet Haematol</journalTitle> <pubYear year="2017">2017</pubYear>; <vol>4</vol>:<pageFirst>e258</pageFirst>&#x2013;<pageLast>e271</pageLast></citation>
</bib>
<bib xml:id="voxs12376-bib-0023">
<citation type="journal" xml:id="voxs12376-cit-0023"><author><familyName>Okerberg</familyName> <givenNames>CK</givenNames></author>, <author><familyName>William</familyName> <givenNames>LA</givenNames></author>, <author><familyName>Kilgore</familyName> <givenNames>ML</givenNames></author>, <i>et al</i>.: <articleTitle>Cryoprecipitate AHF vs. fibrinogen concentrates for fibrinogen replacement in acquired bleeding patients &#x2013; an economic evaluation</articleTitle>. <journalTitle>Vox Sang</journalTitle> <pubYear year="2016">2016</pubYear>; <vol>111</vol>:<pageFirst>292</pageFirst>&#x2013;<pageLast>298</pageLast>. <url href="https://doi.org/10.1111/vox.12417">https://doi.org/10.1111/vox.12417</url></citation>
</bib>
<bib xml:id="voxs12376-bib-0024">
<citation type="journal" xml:id="voxs12376-cit-0024"><author><familyName>Nascimento</familyName> <givenNames>B</givenNames></author>, <author><familyName>Goodnough</familyName> <givenNames>LT</givenNames></author>, <author><familyName>Levy</familyName> <givenNames>JH</givenNames></author>: <articleTitle>Cryoprecipitate therapy</articleTitle>. <journalTitle>Br J Anaesth</journalTitle> <pubYear year="2014">2014</pubYear>; <vol>113</vol>:<pageFirst>922</pageFirst>&#x2013;<pageLast>934</pageLast></citation>
</bib>
<bib xml:id="voxs12376-bib-0025">
<citation type="other" xml:id="voxs12376-cit-0025"><author><familyName>Bolton&#x2010;Maggs</familyName> <givenNames>P</givenNames></author>, <author><familyName>Poles</familyName> <givenNames>D</givenNames></author>, <groupName>on behalf of the Serious Hazards of Transfusion (SHOT) Steering Group</groupName>: <otherTitle>The 2014 Annual SHOT Report</otherTitle> <pubYear year="2015">2015</pubYear></citation>
</bib>
<bib xml:id="voxs12376-bib-0026">
<citation type="journal" xml:id="voxs12376-cit-0026"><author><familyName>Solomon</familyName> <givenNames>C</givenNames></author>, <author><familyName>Gr&#x00F6;ner</familyName> <givenNames>A</givenNames></author>, <author><familyName>Ye</familyName> <givenNames>J</givenNames></author>, <i>et al</i>.: <articleTitle>Safety of fibrinogen concentrate: analysis of more than 27 years of pharmacovigilance data</articleTitle>. <journalTitle>Thromb Haemost</journalTitle> <pubYear year="2015">2015</pubYear>; <vol>113</vol>:<pageFirst>759</pageFirst>&#x2013;<pageLast>771</pageLast></citation>
</bib>
<bib xml:id="voxs12376-bib-0027">
<citation type="journal" xml:id="voxs12376-cit-0027"><author><familyName>Levy</familyName> <givenNames>JH</givenNames></author>, <author><familyName>Goodnough</familyName> <givenNames>LT</givenNames></author>: <articleTitle>How I use fibrinogen replacement therapy in acquired bleeding</articleTitle>. <journalTitle>Blood</journalTitle> <pubYear year="2015">2015</pubYear>; <vol>125</vol>:<pageFirst>1387</pageFirst>&#x2013;<pageLast>1393</pageLast></citation>
</bib>
<bib xml:id="voxs12376-bib-0028">
<citation type="journal" xml:id="voxs12376-cit-0028"><author><familyName>Galas</familyName> <givenNames>F</givenNames></author>, <author><familyNamePrefix>de</familyNamePrefix> <familyName>Almeida</familyName> <givenNames>JP</givenNames></author>, <author><familyName>Fukushima</familyName> <givenNames>JT</givenNames></author>, <i>et al</i>.: <articleTitle>Hemostatic effects of fibrinogen concentrate compared with cryoprecipitate in children after surgery: a randomized pilot trial</articleTitle>. <journalTitle>J Thorac Cardiovasc Surg</journalTitle> <pubYear year="2014">2014</pubYear>; <vol>148</vol>:<pageFirst>1647</pageFirst>&#x2013;<pageLast>1655</pageLast></citation>
</bib>
<bib xml:id="voxs12376-bib-0029">
<citation type="journal" xml:id="voxs12376-cit-0029"><author><familyName>Bruynseels</familyName> <givenNames>D</givenNames></author>, <author><familyName>Solomon</familyName> <givenNames>C</givenNames></author>, <author><familyName>Hallam</familyName> <givenNames>A</givenNames></author>, <i>et al</i>.: <articleTitle>Commentary on reconstituting fibrinogen concentrate to maintain blinding in a double&#x2010;blind, randomized trial in an emergency setting</articleTitle>. <journalTitle>J Emerg Med</journalTitle> <pubYear year="2016">2016</pubYear>; <vol>50</vol>:<pageFirst>104</pageFirst>&#x2013;<pageLast>107</pageLast></citation>
</bib>
<bib xml:id="voxs12376-bib-0030">
<citation type="journal" xml:id="voxs12376-cit-0030"><author><familyName>Nascimento</familyName> <givenNames>B</givenNames></author>, <author><familyName>Callum</familyName> <givenNames>J</givenNames></author>, <author><familyName>Tien</familyName> <givenNames>H</givenNames></author>, <i>et al</i>.: <articleTitle>Fibrinogen in the initial resuscitation of severe trauma (FiiRST): a randomized feasibility trial</articleTitle>. <journalTitle>Br J Anaesth</journalTitle> <pubYear year="2016">2016</pubYear>; <vol>117</vol>:<pageFirst>775</pageFirst>&#x2013;<pageLast>782</pageLast></citation>
</bib>
<bib xml:id="voxs12376-bib-0031">
<citation type="journal" xml:id="voxs12376-cit-0031"><author><familyName>Sheffield</familyName> <givenNames>WP</givenNames></author>, <author><familyName>Bhakta</familyName> <givenNames>V</givenNames></author>, <author><familyName>Jenkins</familyName> <givenNames>C</givenNames></author>: <articleTitle>Stability of coagulation protein activities in single units or pools of cryoprecipitate during storage at 20&#x2010;24&#x00B0;C for up to 24 h</articleTitle>. <journalTitle>Vox Sang</journalTitle> <pubYear year="2016">2016</pubYear>; <vol>110</vol>:<pageFirst>12</pageFirst>&#x2013;<pageLast>19</pageLast></citation>
</bib>
<bib xml:id="voxs12376-bib-0032">
<citation type="journal" xml:id="voxs12376-cit-0032"><author><familyName>Green</familyName> <givenNames>L</givenNames></author>, <author><familyName>Backholer</familyName> <givenNames>L</givenNames></author>, <author><familyName>Wiltshire</familyName> <givenNames>M</givenNames></author>, <i>et al</i>.: <articleTitle>The hemostatic properties of thawed pooled cryoprecipitate up to 72 hours</articleTitle>. <journalTitle>Transfusion</journalTitle> <pubYear year="2016">2016</pubYear>; <vol>56</vol>:<pageFirst>1356</pageFirst>&#x2013;<pageLast>1361</pageLast></citation>
</bib>
</bibliography>
</body>
</component>
