<?xml version="1.0" encoding="US-ASCII" standalone="yes"?>
<component type="serialArticle" version="2.0" xml:id="voxs12399" xml:lang="en" xmlns="http://www.wiley.com/namespaces/wiley" xmlns:wiley="http://www.wiley.com/namespaces/wiley/wiley">
<header>
<publicationMeta level="product">
<doi origin="wiley" registered="yes">10.1111/(ISSN)1751-2824</doi>
<issn type="print">1751-2816</issn>
<issn type="electronic">1751-2824</issn>
<idGroup>
<id type="product" value="VOXS"/>
</idGroup>
<titleGroup>
<title sort="ISBT SCIENCE SERIES" type="main">ISBT Science Series</title>
<title type="short">VOXS</title>
</titleGroup>
</publicationMeta>
<publicationMeta level="part" position="10"><doi origin="wiley">10.1111/voxs.2018.13.issue-1</doi>
<titleGroup>
<title type="specialIssueTitle">27th Regional Congress of the International Society of Blood Transfusion, Copenhagen, Denmark, June 17&#x2010;21, part II</title>
</titleGroup>
<copyright ownership="thirdParty">Copyright ISBT Science Series &#x00A9; 2018 International Society of Blood Transfusion</copyright><numberingGroup><numbering type="journalVolume" number="13">13</numbering><numbering type="journalIssue">1</numbering></numberingGroup><coverDate startDate="2018-02">February 2018</coverDate>
</publicationMeta>
<publicationMeta level="unit" position="30" status="forIssue" type="reviewArticle">
<doi>10.1111/voxs.12399</doi>
<idGroup>
<id type="unit" value="VOXS12399"/>
</idGroup>
<countGroup>
<count number="5" type="pageTotal"/>
</countGroup>
<titleGroup>
<title type="articleCategory">Congress Review</title>
<title type="tocHeading1">27th Regional Congress of the International Society of Blood Transfusion, Copenhagen, Denmark, June 17&#x2010;21, part II</title>
<title type="tocHeading2">Congress Reviews</title>
</titleGroup>
<copyright ownership="thirdParty">&#x00A9; 2017 International Society of Blood Transfusion</copyright>
<eventGroup>
<event agent="SPS" date="2017-09-23" type="xmlCreated"/>
</eventGroup>
<numberingGroup><numbering type="pageFirst">11</numbering><numbering type="pageLast">15</numbering></numberingGroup>
<correspondenceTo>
<lineatedText>
<line><i>Correspondence:</i> Cinzia Paccapelo, Immunohaematology Reference Laboratory &#x2010; Centro Trasfusionale, Fondazione IRCCS Ca&#x0027; Granda Ospedale Maggiore Policlinico, Milan, Italy.</line>
<line>E&#x2010;mail: <email>c.paccapelo@policlinico.mi.it</email></line>
</lineatedText>
</correspondenceTo>
<linkGroup>
<link type="toTypesetVersion" href="file:voxs12399.pdf"/>
<link type="toAuthorManuscriptVersion" href="file:voxs12399_am.pdf"/>
</linkGroup>
</publicationMeta>
<contentMeta><countGroup><count type="figureTotal" number="0"/><count type="tableTotal" number="0"/><count type="wordTotal" number="3549"/></countGroup>
<titleGroup>
<title type="main">Managing a rare donor programme: the immunohaematology laboratory perspective</title>
<title type="shortAuthors">C. Paccapelo</title>
</titleGroup>
<creators>
<creator affiliationRef="#voxs12399-aff-0001" corresponding="yes" creatorRole="author" xml:id="voxs12399-cr-0001">
<personName><givenNames>C.</givenNames> <familyName>Paccapelo</familyName></personName>
<contactDetails><email>c.paccapelo@policlinico.mi.it</email></contactDetails>
</creator>
</creators>
<affiliationGroup>
<affiliation countryCode="IT" type="organization" xml:id="voxs12399-aff-0001"><orgDiv>Immunohaematology Reference Laboratory &#x2013; Centro Trasfusionale</orgDiv> <orgName>Fondazione IRCCS Ca&#x2019; Granda Ospedale Maggiore Policlinico</orgName> <address><city>Milan</city> <country>Italy</country></address></affiliation>
</affiliationGroup>
<keywordGroup type="author">
<keyword xml:id="voxs12399-kwd-0001">alloimmunization</keyword>
<keyword xml:id="voxs12399-kwd-0002">Immunohaematology Reference Laboratory</keyword>
<keyword xml:id="voxs12399-kwd-0003">rare donors</keyword>
<keyword xml:id="voxs12399-kwd-0004">red cell antigens</keyword>
</keywordGroup>
<abstractGroup>
<abstract type="main" xml:id="voxs12399-abs-0001" xml:lang="en">
<p>Alloimmunization is a major complication of blood transfusion which occurs more frequently in patients who are chronically transfused. It causes serologic investigations and makes the selection of compatible blood difficult, expensive and time&#x2010;consuming. Prompt availability of compatible units for patients with complex alloimmunization requires access to an inventory of extensively typed blood and to a database of rare donors. There are two key factors for rare donor provision. First, the routine programmes of red cell antigen typing in large cohorts of donors. Second, the ability to enrol healthy donors and patients negative for high&#x2010;prevalence antigens as well as family members. The immunohaematology laboratory is a highly specialized unit in charge of identifying challenging antibodies. It uses multiple methods of analysis and a broad inventory of reagents and cells not easily available. The laboratory also finds compatible blood units for patients with complex alloimmunization and designs appropriate transfusion strategies for these patients often in cooperation with international programmes.</p>
</abstract>
</abstractGroup>
</contentMeta>
<noteGroup xml:id="voxs12399-ntgp-0001">
<note numbered="no" xml:id="voxs12399-note-1001">2B&#x2013;04&#x2013;02</note>
</noteGroup>
</header>
<body sectionsNumbered="no" xml:id="voxs12399-body-0001">
<section xml:id="voxs12399-sec-0001">
<title type="main">Introduction</title>
<p>Blood group antigens are expressed on proteins, glycoproteins or glycolipids on the outside surface of the red blood cell (RBC) membrane. There are currently 352 blood group antigens recognized by the International Society of Blood Transfusion (ISBT), included in 36 blood group systems, collections, 700 and 901 series (<url href="http://www.isbtweb.org/working-parties/red-cell-immunogenetics-and-blood-group-terminology/">http://www.isbtweb.org/working-parties/red-cell-immunogenetics-and-blood-group-terminology/</url>). The consequence of extensive polymorphism in blood groups is an immune response to foreign RBC antigens as a result of transfusion, pregnancy or transplantation. Although blood transfusion is generally very safe, one of the adverse reactions caused by the exposure to allogenic RBCs is the development of RBCs antibodies (alloimmunization). The risk of alloimmunization depends on immunogenicity of the antigen, genetic disparities between blood donor and recipient, genetic or acquired factors, diagnosis, number and frequency of transfusions. The presence of antibodies can cause immediate or delayed transfusion reactions and in pregnancy can result in foetal and neonatal anaemia <link href="#voxs12399-bib-0001 #voxs12399-bib-0002 #voxs12399-bib-0003 #voxs12399-bib-0004 #voxs12399-bib-0005"/>. Alloimmunization is a significant complication for patients who require multiple or chronic RBC transfusions, as it complicates serologic investigations and makes the selection of compatible blood difficult, expensive and time&#x2010;consuming. Studies on the frequency of alloimmunization have shown that approximately 2&#x2013;3&#x0025; of the transfused patients will form alloantibodies. The frequency is about three times higher in patients previously alloimmunized <link href="#voxs12399-bib-0006"/>. Rates can be very high in selected groups of regularly transfused patients such as those suffering from thalassaemia or sickle cell disease (SCD). Among transfused patients with myelodysplastic syndrome or chronic myelomonocytic leukaemia, the prevalence of alloimmunization is 15&#x0025; and mostly involves the Rh and Kell systems <link href="#voxs12399-bib-0007"/>. In thalassaemia and patients with SCD, alloimmunization varies greatly, ranging from 4&#x0025; to 37&#x0025; and 7&#x0025; to 70&#x0025;, respectively. The rates of alloimmunization depend primarily on the extent of minor RBC antigen matching and exposure frequency <link href="#voxs12399-bib-0008 #voxs12399-bib-0009"/>. A careful evaluation of the presence of irregular red cell antibodies must be carried out in patients undergoing transfusion therapy, and the provision of compatible blood may become particularly challenging for patients developing alloantibodies to high&#x2010;prevalence antigens or multiple antibodies to common antigens for which blood is not readily available <link href="#voxs12399-bib-0010"/>. Transfusion support of these patients needs cooperation between the Immunohaematology Reference Laboratory (IRL), transfusion specialists, blood bank, clinicians and can involve national and international cooperation.</p>
</section>
<section xml:id="voxs12399-sec-0002">
<title type="main">The Immunohaematology Reference Laboratory (IRL)</title>
<p>The clinical effects of alloimmunization are heightened in complex cases such as those involving antibodies against high&#x2010;prevalence antigens or combinations of antibodies. On these rare occasions, it becomes essential to turn to an IRL. The availability of a well&#x2010;developed regional, national or international IRL is extremely beneficial for identification and confirmation of antibody specificity.</p>
<p>The IRL is a highly specialized laboratory that carries out the following functions:</p>
<p>
<list style="1" xml:id="voxs12399-list-0001">

<listItem>identifying challenging antibodies, using multiple methods of analysis and a broad inventory of reagents and cells which can only be obtained through participation in collaborative programmes with other accredited laboratories. The IRL can test the patient&#x0027;s RBCs with rare frozen antisera from patient samples that contain previously identified antibodies to high&#x2010;prevalence blood group antigens and test the patient&#x0027;s serum with rare cell samples. Although many serologic problems can be investigated at the local or national level, it is useful to have the available resources of an IRL that can carry out advanced serologic work with standardized techniques used internationally for final elucidation and confirmation.</listItem>

<listItem>finding compatible blood units for patients with complex alloimmunization. When an antibody directed against a high&#x2010;prevalence antigen has been identified, locating rare units for transfusion can be difficult. Knowledge of the clinical significance of RBC antibodies (antibody&#x0027;s ability to cause haemolysis and clinical symptoms) is essential. Clinical significance depends on parameters such as antibody specificity, phase and strength of reactivity, antibody titre, immunoglobulin subtype and the ability to bind complement <i>in vitro</i>. Determining the <i>in vivo</i> significance of an antibody to a high&#x2010;prevalence antigen may greatly facilitate the search for available products. Several methods to predict the clinical significance of the antibody, such as monocyte monolayer assay (MMA), chemiluminescence (CLT) or chromium survival, have been developed but they are not readily available in most countries. For example, if the MMA test result indicates that the antibody is currently not stimulating monocyte activity, there is a high likelihood that antigen&#x2010;positive RBC products can be transfused safely.</listItem>

<listItem>designing appropriate strategies for these patients when no compatible blood can be found via the national panel or bank appealing to the WHO International Panel of Rare Donors at Bristol, the American Rare Donor Program, the Sanquin Bank of frozen blood and other international panels&#x002F;banks. The use of regional, national and international collaborations between blood centres capable of resolving complex serological cases which have inventories of rare red cells enables patients requiring rare blood types to receive the blood they need. Providing transfusion support for these patients can be challenging, and numerous problems in obtaining units of RBCs with a rare phenotype can be encountered. Sometimes, blood might not be available in a timely manner especially when the blood is coming from a foreign blood centre and the IRL must be able to communicate effectively at all times with the clinicians responsible for the patient to reduce risk due to incompatible transfusions and to determine the best course of action for the patient. When units have to be thawed in the blood centre of origin, the short preservation time of thawed RBCs may be a serious problem. Furthermore, one of the major problems encountered is logistic problems in transporting the blood product especially when units are sent from aboard due to import&#x002F;export procedures. Finally, the lack of experience of many physicians concerning the clinical significance of different alloantibodies, rare blood availability, procedures and time required for their provision may hamper transfusion support of such patients. Seltsam <i>et al</i>. reported a retrospective analysis on 52 hospitalized patients with antibodies to high&#x2010;prevalence antigens where transfusion support was unsatisfactory in about one&#x2010;third of the hospitalized patients with antibodies to high&#x2010;frequency antigens. The lack of compatible RBC units for these patients is a potential hazard that could often be avoided when properly recognized and addressed. If antigen&#x2010;negative units are not available, autologous donation can be considered or family studies to identify potential blood donors <link href="#voxs12399-bib-0010"/>.</listItem>
</list>
</p>
<p>For the timely provision of antigen&#x2010;negative and rare blood products, the IRL should have adequate standard operations procedures (SOPs) for antibody identification, management of patients with clinically significant antibodies, thawing and administering of rare units and trained staff to perform antibody investigation and identification.</p>
</section>
<section xml:id="voxs12399-sec-0003">
<title type="main">Rare donor and rare donor programmes</title>
<p>One strategy to find compatible units for subjects with complex red cell immunization is to set up registries and banks of rare donors in order to ensure suitable transfusion support.</p>
<p>As the prevalence of blood group antigens varies among different ethnic groups, the definition of &#x2018;rare blood donor&#x2019; varies from country to country and depends on the ethnicity of the population. D&#x2010;negative blood has a prevalence of 15&#x0025; in Caucasian population but less than 1&#x0025; in Asia. Similarly, Fy (a&#x2010;) blood has a prevalence of 32&#x0025; in Caucasian population but less than 4&#x0025; in Asia. Therefore, if an Asian patient needs Fy (a&#x2010;) and D&#x2010;negative blood, the likelihood to find suitable blood will be very challenging. For this reason, there is no complete consensus concerning the definition of rare donor. However, in the vast majority of the countries, an individual is recognized as a rare blood donor when RBCs are negative:</p>
<p>
<list style="1" xml:id="voxs12399-list-0002">

<listItem>for high&#x2010;prevalence antigens with an occurrence less than 1 in 1000 (but 4 in 1000 in France and 1 in 100 to 1 in 1000 in Japan)</listItem>

<listItem>for multiple common antigens with an occurrence that varies from 1 in 200 to 1 in 1000 <link href="#voxs12399-bib-0011"/>.</listItem>
</list>
</p>
<p>In most instances, compatible blood is readily available, but an associated challenge is providing especially rare blood in a time&#x2010;sensitive situation. Indeed, prompt availability of suitable units for patients with complex alloimmunization requires access to an inventory of extensively typed blood as well to a database of rare donors and may involve national or international searches.</p>
<p>There are a number of ways to identify rare blood donors. The key factors are <link href="#voxs12399-bib-0012 #voxs12399-bib-0013"/> as follows:</p>
<p>
<list style="1" xml:id="voxs12399-list-0003">

<listItem>routinely carry out programmes of typing RBC antigens in large cohorts of donors with automated high&#x2010;throughput molecular or serological methods. A programme of mass antigen screening should continuously provide information of the phenotypes of the donor population and secure the ability to maintain a stable and sufficient daily inventory of antigen&#x2010;negative RBC units for the more common antibodies. The screening of donors may be done efficiently and cheaply on a large scale for all clinical significant blood groups using high&#x2010;throughput molecular biology methods followed by serological verification. Blood group genotyping is becoming widely used because the molecular background of almost all the clinically significant polymorphisms has been identified. For most blood groups, genotyping is simple and straight forward because there is only a single polymorphism responsible for the difference in antigen expression. For this reason, high&#x2010;throughput RBC genotyping platforms are a major alternative to RBC phenotyping to increase inventories of antigen&#x2010;negative blood component, particularly when serological reagents are unavailable. Several studies of use of molecular typing platforms for donor prediction RBCs phenotype have been published <link href="#voxs12399-bib-0014 #voxs12399-bib-0015 #voxs12399-bib-0016 #voxs12399-bib-0017 #voxs12399-bib-0018 #voxs12399-bib-0019 #voxs12399-bib-0020"/>. Most available devices, such as microarrays and mass spectrometry, now routinely, include rare specificities, for example k, Kp<sup>b</sup>, Js<sup>b</sup>, Co<sup>a</sup>, U, Lu<sup>b</sup>, Di<sup>b</sup>, Yt<sup>a</sup>, Hy, Jo<sup>a</sup>, Sc1 and Lw<sup>a</sup>. These platforms allow the screening for several SNPs simultaneously and make the determination of blood groups phenotypes more reliable. To perform mass antigen screening, the laboratory needs an adequate number of staff and should screen an adequate number of new donors per day&#x002F;week in order to increased inventory of liquid rare and other antigen&#x2010;typed units and fill urgent requests.</listItem>

<listItem>finding rare blood by testing people from the specific geographical areas or populations. The Vel&#x2010;negative phenotype has a prevalence of 1 in 4000 in most populations, but 1 in 1700 people are Vel&#x2010;negative in Sweden and Norway. Also in donors of South American Indian, Native Americans and some Asian populations, the frequency of Di (b&#x2010;)&#x2010;negative phenotype is about 1&#x0025;, whereas it is extremely rare in other populations Therefore, focusing donor screening on different ethnic backgrounds may yield the most productive approach.</listItem>

<listItem>procedures to identify rare donors when a routine antibody screening test is positive for antibodies to high&#x2010;prevalence antigens. Some very rare blood types may be found because of the presence of &#x2018;naturally occurring&#x2019; antibodies such as anti&#x2010;PP<sub>1</sub>P<sup>k</sup> in donors with pp phenotype.</listItem>

<listItem>enrolment of patients negative for high&#x2010;prevalence antigen into autologous or allogenic RBC storage programmes. Patients with a rare blood group are mostly found in routine antibody screening for blood transfusion or antenatal antibody screening. All patients who are eligible at a later date to be allogenic or autologous donors should be encouraged to donate and have their blood frozen for future needs.</listItem>

<listItem>donor selection from family members, especially siblings, of patients immunized against high&#x2010;prevalence antigens. In cases of a single antibody to a high&#x2010;prevalence antigen, approximately one in four siblings will have the same rare blood group. If others antibodies to common antigens are also involved, the chance is lower but higher than in the random population.</listItem>
</list>
</p>
<p>In numerous countries, one national or a few regional IRLs are responsible for the screening, selection and supply of rare blood. They undertake regular typing of a large number of donors from the area they serve to set up registries of rare donors and banks of frozen blood to ensure suitable transfusion support for the most critical cases. In the majority of cases, regional or national rare donor programmes are able to handle patients with complex alloimmunization even if sometimes additional international help may be required. Therefore, in 1965, an International Rare Donor Panel (IRDP) of blood donors of rare types was established as an ISBT initiative in collaboration with the World Health Organization. The purpose of the panel was to find and facilitate exchange of rare blood units between countries for patients in urgent situations. In 1985, the Working Party on Rare Donors composed of experts in rare donor activities was established. The member countries of ISBT Working Party on Rare Donors support the continued replenishment of rare donors and provision of their units worldwide by continuing to identify and submit donors to the IRDP (<url href="http://www.isbtweb.org/working-parties/rare-donors/">http://www.isbtweb.org/working-parties/rare-donors/</url>). The organization and maintenance of the IRDP are located at the International Blood Group Reference Laboratory (IBGRL) in Bristol <link href="#voxs12399-bib-0021 #voxs12399-bib-0022"/>. Currently, the IRDP database consists of 8000 donors, and the information is available via Internet. In a recent review, the members of the Working Party have provided a list of the most challenging types to obtain for their country <link href="#voxs12399-bib-0023 #voxs12399-bib-0024 #voxs12399-bib-0025"/>. Rh<sub>null</sub> type is recognized as the rarest in the world. This indicates that an alloimmunized patient with an Rh<sub>null</sub> type would be extremely difficult to support even with international cooperation. Other types extremely difficult to find are K<sub>o</sub>, O<sub>h</sub> and PP1Pk. The American Rare Donor Program (ARDP) is a joint programme of the American Association of Blood Banks (AABB) and the American Red Cross Blood Service formed in 1998. The databases of both organizations were merged into the ARDP database, REGGI, which includes information on more than 59 000 active rare donors submitted by ARDP members that are AABB&#x2010;accredited Immunohaematology Reference Laboratories <link href="#voxs12399-bib-0026"/>.</p>
<p>Many centres have developed programmes to identify, freeze and store rare blood to be able to meet the needs of the local area for transfusion. Since 1950, cryopreservation has been used in transfusion medicine to preserve RBCs. Two methods have been described, but the high&#x2010;glycerol technique for RBC storage at &#x2212;80&#x00B0;C is currently predominantly used. Because blood in the liquid state has a short shelf life, a frozen blood inventory is beneficial for very rare blood types that are accessible for at least 10 years and longer. The 10&#x2010;year outdate is largely applied in different countries throughout the world (e.g. United States, South Africa). In the USA, rare frozen units may be used beyond the expiration date, but only after medical review and approval based on the patient&#x0027;s needs and availability of other rare compatible units. In Europe, the European Guidelines state that storage of frozen RBC units is possible for at least 10 years, but each European country has established own national law. There are several studies that address the quality of cryopreserved RBCs stored in excess of 10 years <link href="#voxs12399-bib-0027 #voxs12399-bib-0028"/>. Valeri <i>et al</i>. assessed 80 RBC units cryopreserved with glycerol and stored at &#x2212;80&#x00B0;C for up to 37 years. The data obtained were acceptable by FDA standards. Peyrard <i>et al</i>. reported the French experience where, despite European recommendations, no official mandatory outdate about the validity of rare frozen RBC units exists: 118 rare blood units older than 10 years were transfused between 1994 and 2007, and no transfusion reactions or evidence of haemolysis of thawed RBCs was reported. So, based on this experience and data, it could be safe and efficient to transfuse rare frozen RBC units older than 10 years. The period of validity of rare frozen RBC units should ideally be the same for all rare blood banks throughout the world. The data provided and future data could be used to guide the development of international standards for extending the storage of cryopreserved rare blood by providing quality control of the thawed RBC units. A specific problem for long&#x2010;term preservation of rare RBC units is testing for mandatory markers for transfusion&#x2010;transmitted diseases according to the current national regulations. As eligibility requirements for donors change and new infectious tests can be included over the years, it will be important to discuss the best policy to be adopted.</p>
</section>
<section xml:id="voxs12399-sec-0004">
<title type="main">Conclusion</title>
<p>The IRL is responsible for identifying and providing compatible blood for patients with rare blood types and for multiply transfused patients. To achieve this role, the IRL must adopt high&#x2010;quality standards and have specialized laboratory staff. In addition, a close collaboration between the IRL and clinicians is essential for management of patients who need rare blood units. To find rare donors, in recent years, a variety of algorithms have been used, which include automated serologic testing and molecular typing. The present migration of people throughout the world and mingling of different populations may well result in difficult serologic problems arising. The use of collaboration between regional, national and international IRLs capable of the resolution of very complex serological cases and combined with the availability of with inventories of rare red cells enables patients requiring rare blood types to receive the right blood to the right time.</p>
</section>
<bibliography cited="yes" style="numbered" xml:id="voxs12399-bibl-0001">
<title type="main">References</title>
<bib xml:id="voxs12399-bib-0001">
<citation type="journal" xml:id="voxs12399-cit-0001"><author><familyName>Giblett</familyName> <givenNames>ER</givenNames></author>: <articleTitle>A critique of the theoretical hazard of inter vs. intra&#x2010;racial transfusion</articleTitle>. <journalTitle>Transfusion</journalTitle> <pubYear year="1961">1961</pubYear>; <vol>1</vol>:<pageFirst>233</pageFirst>&#x2013;<pageLast>238</pageLast></citation>
</bib>
<bib xml:id="voxs12399-bib-0002">
<citation type="journal" xml:id="voxs12399-cit-0002"><author><familyName>Stack</familyName> <givenNames>G</givenNames></author>, <author><familyName>Tormey</familyName> <givenNames>CA</givenNames></author>: <articleTitle>Estimating the immunogenicity of blood group antigens: a modified calculation that corrects for transfusion exposures</articleTitle>. <journalTitle>Br J Haematol</journalTitle> <pubYear year="2016">2016</pubYear>; <vol>175</vol>:<pageFirst>154</pageFirst>&#x2013;<pageLast>160</pageLast></citation>
</bib>
<bib xml:id="voxs12399-bib-0003">
<citation type="journal" xml:id="voxs12399-cit-0003"><author><familyName>Bauer</familyName> <givenNames>MP</givenNames></author>, <author><familyName>Wiersum&#x2010;Osselton</familyName> <givenNames>J</givenNames></author>, <author><familyName>Schipperus</familyName> <givenNames>M</givenNames></author>, <i>et al</i>.: <articleTitle>Clinical predictors of alloimmunization after red blood cell transfusion</articleTitle>. <journalTitle>Transfusion</journalTitle> <pubYear year="2007">2007</pubYear>; <vol>47</vol>:<pageFirst>2066</pageFirst>&#x2013;<pageLast>2071</pageLast></citation>
</bib>
<bib xml:id="voxs12399-bib-0004">
<citation type="journal" xml:id="voxs12399-cit-0004"><author><familyName>Zalpuri</familyName> <givenNames>S</givenNames></author>, <author><familyName>Zwaginga</familyName> <givenNames>JJ</givenNames></author>, <author><familyNamePrefix>le</familyNamePrefix> <familyName>Cessie</familyName> <givenNames>S</givenNames></author>, <i>et al</i>.: <articleTitle>Red&#x2010;blood&#x2010;cell alloimmunization and number of red&#x2010;blood&#x2010;cell transfusions</articleTitle>. <journalTitle>Vox Sang</journalTitle> <pubYear year="2012">2012</pubYear>; <vol>102</vol>:<pageFirst>144</pageFirst>&#x2013;<pageLast>149</pageLast></citation>
</bib>
<bib xml:id="voxs12399-bib-0005">
<citation type="journal" xml:id="voxs12399-cit-0005"><author><familyName>Schonewille</familyName> <givenNames>H</givenNames></author>, <author><familyName>van</familyName> <givenNames>dWL</givenNames></author>, <author><familyName>Loomans</familyName> <givenNames>DSE</givenNames></author>, <i>et al</i>.: <articleTitle>Red blood cell alloantibodies after transfusion: factors influencing incidence and specificity</articleTitle>. <journalTitle>Transfusion</journalTitle> <pubYear year="2006">2006</pubYear>; <vol>46</vol>:<pageFirst>250</pageFirst>&#x2013;<pageLast>256</pageLast></citation>
</bib>
<bib xml:id="voxs12399-bib-0006">
<citation type="journal" xml:id="voxs12399-cit-0006"><author><familyName>Heddle</familyName> <givenNames>NM</givenNames></author>, <author><familyName>Soutar</familyName> <givenNames>RL</givenNames></author>, <author><familyName>O&#x0027;Hoski</familyName> <givenNames>PL</givenNames></author>, <i>et al</i>.: <articleTitle>A prospective study to determine the frequency and clinical significance of alloimmunization post&#x2010;transfusion</articleTitle>. <journalTitle>Br J Haematol</journalTitle> <pubYear year="1995">1995</pubYear>; <vol>91</vol>:<pageFirst>1000</pageFirst>&#x2013;<pageLast>1005</pageLast></citation>
</bib>
<bib xml:id="voxs12399-bib-0007">
<citation type="journal" xml:id="voxs12399-cit-0007"><author><familyName>Sanz</familyName> <givenNames>C</givenNames></author>, <author><familyName>Nomdedeu</familyName> <givenNames>M</givenNames></author>, <author><familyName>Belkaid</familyName> <givenNames>M</givenNames></author>, <i>et al</i>.: <articleTitle>Red blood cell alloimmunization in transfused patients with myelodysplastic syndrome or chronic myelomonocytic leukaemia</articleTitle>. <journalTitle>Transfusion</journalTitle> <pubYear year="2013">2013</pubYear>; <vol>53</vol>:<pageFirst>710</pageFirst>&#x2013;<pageLast>715</pageLast></citation>
</bib>
<bib xml:id="voxs12399-bib-0008">
<citation type="journal" xml:id="voxs12399-cit-0008"><author><familyName>Chou</familyName> <givenNames>ST</givenNames></author>, <author><familyName>Liem</familyName> <givenNames>RI</givenNames></author>, <author><familyName>Thompson</familyName> <givenNames>AA</givenNames></author>: <articleTitle>Challenges of alloimmunization in patients with haemoglobinopathies</articleTitle>. <journalTitle>Br J Haematol</journalTitle> <pubYear year="2012">2012</pubYear>; <vol>159</vol>:<pageFirst>394</pageFirst>&#x2013;<pageLast>404</pageLast></citation>
</bib>
<bib xml:id="voxs12399-bib-0009">
<citation type="journal" xml:id="voxs12399-cit-0009"><author><familyName>Thompson</familyName> <givenNames>AA</givenNames></author>, <author><familyName>Cunningham</familyName> <givenNames>MJ</givenNames></author>, <author><familyName>Singer</familyName> <givenNames>ST</givenNames></author>, <i>et al</i>.: <articleTitle>Red cell alloimmunization in a diverse population of transfused patients with thalassemia</articleTitle>. <journalTitle>Br J Haematol</journalTitle> <pubYear year="2011">2011</pubYear>; <vol>153</vol>:<pageFirst>121</pageFirst>&#x2013;<pageLast>128</pageLast></citation>
</bib>
<bib xml:id="voxs12399-bib-0010">
<citation type="journal" xml:id="voxs12399-cit-0010"><author><familyName>Seltsam</familyName> <givenNames>A</givenNames></author>, <author><familyName>Wagner</familyName> <givenNames>FF</givenNames></author>, <author><familyName>Salama</familyName> <givenNames>A</givenNames></author>, <i>et al</i>.: <articleTitle>Antibodies to high frequency antigens may decrease the quality of transfusion support: an observational study</articleTitle>. <journalTitle>Transfusion</journalTitle> <pubYear year="2003">2003</pubYear>; <vol>43</vol>:<pageFirst>1563</pageFirst>&#x2013;<pageLast>1566</pageLast></citation>
</bib>
<bib xml:id="voxs12399-bib-0011">
<citation type="journal" xml:id="voxs12399-cit-0011"><author><familyName>Reesink</familyName> <givenNames>HW</givenNames></author>, <author><familyName>Engelfriet</familyName> <givenNames>CP</givenNames></author>, <author><familyName>Schennach</familyName> <givenNames>H</givenNames></author>, <i>et al</i>.: <articleTitle>Donors with a rare pheno(geno)type</articleTitle>. <journalTitle>Vox Sang</journalTitle> <pubYear year="2008">2008</pubYear>; <vol>95</vol>:<pageFirst>236</pageFirst>&#x2013;<pageLast>253</pageLast></citation>
</bib>
<bib xml:id="voxs12399-bib-0012">
<citation type="journal" xml:id="voxs12399-cit-0012"><author><familyName>Nance</familyName> <givenNames>ST</givenNames></author>: <articleTitle>How to find, recruit and maintain rare blood donors</articleTitle>. <journalTitle>Curr Opin Hematol</journalTitle> <pubYear year="2009">2009</pubYear>; <vol>16</vol>:<pageFirst>503</pageFirst>&#x2013;<pageLast>508</pageLast></citation>
</bib>
<bib xml:id="voxs12399-bib-0013">
<citation type="journal" xml:id="voxs12399-cit-0013"><author><familyName>Woodfield</familyName> <givenNames>G</givenNames></author>, <author><familyName>Poole</familyName> <givenNames>J</givenNames></author>, <author><familyName>Nance</familyName> <givenNames>ST</givenNames></author>, <i>et al</i>.: <articleTitle>A review of the ISBT rare blood donor</articleTitle>. <journalTitle>Immunohematology</journalTitle> <pubYear year="2004">2004</pubYear>; <vol>20</vol>:<pageFirst>244</pageFirst>&#x2013;<pageLast>248</pageLast></citation>
</bib>
<bib xml:id="voxs12399-bib-0014">
<citation type="journal" xml:id="voxs12399-cit-0014"><author><familyName>Keller</familyName> <givenNames>MA</givenNames></author>: <articleTitle>The role of red cell genotyping in transfusion medicine</articleTitle>. <journalTitle>Immunohematology</journalTitle> <pubYear year="2015">2015</pubYear>; <vol>31</vol>:<pageFirst>49</pageFirst>&#x2013;<pageLast>52</pageLast></citation>
</bib>
<bib xml:id="voxs12399-bib-0015">
<citation type="journal" xml:id="voxs12399-cit-0015"><author><familyName>Latini</familyName> <givenNames>FRM</givenNames></author>, <author><familyName>Castilho</familyName> <givenNames>LM</givenNames></author>: <articleTitle>An overview of the use of SNaPshot for predicting blood group antigens</articleTitle>. <journalTitle>Immunohematology</journalTitle> <pubYear year="2015">2015</pubYear>; <vol>31</vol>:<pageFirst>53</pageFirst>&#x2013;<pageLast>57</pageLast></citation>
</bib>
<bib xml:id="voxs12399-bib-0016">
<citation type="journal" xml:id="voxs12399-cit-0016"><author><familyName>Veldhuisen</familyName> <givenNames>B</givenNames></author>, <author><familyName>van der Schoot</familyName> <givenNames>CE</givenNames></author>, <author><familyName>de Haas</familyName> <givenNames>M</givenNames></author>: <articleTitle>Multiplex ligation&#x2010;dependent probe amplification assay for blood group genotyping, copy number quantification, and analysis of RH variants</articleTitle>. <journalTitle>Immunohematology</journalTitle> <pubYear year="2015">2015</pubYear>; <vol>31</vol>:<pageFirst>58</pageFirst>&#x2013;<pageLast>61</pageLast></citation>
</bib>
<bib xml:id="voxs12399-bib-0017">
<citation type="journal" xml:id="voxs12399-cit-0017"><author><familyName>Golman</familyName> <givenNames>M</givenNames></author>, <author><familyName>Nogu&#x00E9;s</familyName> <givenNames>N</givenNames></author>, <author><familyName>Castilho</familyName> <givenNames>LM</givenNames></author>: <articleTitle>An overview of the Progenika ID CORE XT: an automated genotyping platform based on a fluidic microarray system</articleTitle>. <journalTitle>Immunohematology</journalTitle> <pubYear year="2015">2015</pubYear>; <vol>31</vol>:<pageFirst>62</pageFirst>&#x2013;<pageLast>68</pageLast></citation>
</bib>
<bib xml:id="voxs12399-bib-0018">
<citation type="journal" xml:id="voxs12399-cit-0018"><author><familyName>Denomme</familyName> <givenNames>GA</givenNames></author>, <author><familyName>Schanem</familyName> <givenNames>MJ</givenNames></author>: <articleTitle>Mass&#x2010;scale donor red cell genotyping using real&#x2010;time array technology</articleTitle>. <journalTitle>Immunohematology</journalTitle> <pubYear year="2015">2015</pubYear>; <vol>31</vol>:<pageFirst>69</pageFirst>&#x2013;<pageLast>74</pageLast></citation>
</bib>
<bib xml:id="voxs12399-bib-0019">
<citation type="journal" xml:id="voxs12399-cit-0019"><author><familyName>McBean</familyName> <givenNames>RS</givenNames></author>, <author><familyName>Hyland</familyName> <givenNames>CA</givenNames></author>, <author><familyName>Flower</familyName> <givenNames>RL</givenNames></author>: <articleTitle>Blood group genotyping: the power and limitations of the Hemo ID Panel and MassARRAY platform</articleTitle>. <journalTitle>Immunohematology</journalTitle> <pubYear year="2015">2015</pubYear>; <vol>31</vol>:<pageFirst>75</pageFirst>&#x2013;<pageLast>80</pageLast></citation>
</bib>
<bib xml:id="voxs12399-bib-0020">
<citation type="journal" xml:id="voxs12399-cit-0020"><author><familyName>Paccapelo</familyName> <givenNames>C</givenNames></author>, <author><familyName>Truglio</familyName> <givenNames>F</givenNames></author>, <author><familyName>Villa</familyName> <givenNames>MA</givenNames></author>, et al.: <articleTitle>HEA BeadChipTM technology in immunohematology</articleTitle>. <journalTitle>Immunohematology</journalTitle> <pubYear year="2015">2015</pubYear>; <vol>31</vol>:<pageFirst>81</pageFirst>&#x2013;<pageLast>90</pageLast></citation>
</bib>
<bib xml:id="voxs12399-bib-0021">
<citation type="journal" xml:id="voxs12399-cit-0021"><author><familyName>Mourant</familyName> <givenNames>AE</givenNames></author>: <articleTitle>The establishment of the international panel of rare donors</articleTitle>. <journalTitle>Vox Sang</journalTitle> <pubYear year="1965">1965</pubYear>; <vol>10</vol>:<pageFirst>129</pageFirst>&#x2013;<pageLast>132</pageLast></citation>
</bib>
<bib xml:id="voxs12399-bib-0022">
<citation type="journal" xml:id="voxs12399-cit-0022"><author><familyName>Thornton</familyName> <givenNames>NM</givenNames></author>: <articleTitle>The world health organization international rare donor panel</articleTitle>. <journalTitle>Immunohematology</journalTitle> <pubYear year="2016">2016</pubYear>; <vol>1</vol>:<pageFirst>3</pageFirst>&#x2013;<pageLast>7</pageLast></citation>
</bib>
<bib xml:id="voxs12399-bib-0023">
<citation type="journal" xml:id="voxs12399-cit-0023"><author><familyName>Nance</familyName> <givenNames>S</givenNames></author>, <author><familyName>Scharberg</familyName> <givenNames>EA</givenNames></author>, <author><familyName>Thornton</familyName> <givenNames>N</givenNames></author>, <i>et al</i>.: <articleTitle>International rare donor panels: a review</articleTitle>. <journalTitle>Vox Sang</journalTitle> <pubYear year="2016">2016</pubYear>; <vol>110</vol>:<pageFirst>209</pageFirst>&#x2013;<pageLast>218</pageLast></citation>
</bib>
<bib xml:id="voxs12399-bib-0024">
<citation type="journal" xml:id="voxs12399-cit-0024"><author><familyName>Nance</familyName> <givenNames>ST</givenNames></author>: <articleTitle>Global definitions of rare donors</articleTitle>. <journalTitle>ISBT Sci Ser</journalTitle> <pubYear year="2013">2013</pubYear>; <vol>8</vol>:<pageFirst>23</pageFirst>&#x2013;<pageLast>27</pageLast></citation>
</bib>
<bib xml:id="voxs12399-bib-0025">
<citation type="journal" xml:id="voxs12399-cit-0025"><author><familyName>Norgaard</familyName> <givenNames>A</givenNames></author>, <author><familyName>Gybel&#x2010;Brask</familyName> <givenNames>M</givenNames></author>, <author><familyName>Rieneck</familyName> <givenNames>K</givenNames></author>, <i>et al</i>.: <articleTitle>Managing the bleeding emergency in a patient with red cell antibodies</articleTitle>. <journalTitle>ISBT Sci Ser</journalTitle> <pubYear year="2016">2016</pubYear>; <vol>11</vol>:<pageFirst>44</pageFirst>&#x2013;<pageLast>53</pageLast></citation>
</bib>
<bib xml:id="voxs12399-bib-0026">
<citation type="journal" xml:id="voxs12399-cit-0026"><author><familyName>Flickinger</familyName> <givenNames>C</givenNames></author>: <articleTitle>REGGI and the American rare Donor Program</articleTitle>. <journalTitle>Transfus Med Hemother</journalTitle> <pubYear year="2014">2014</pubYear>; <vol>41</vol>:<pageFirst>342</pageFirst>&#x2013;<pageLast>345</pageLast></citation>
</bib>
<bib xml:id="voxs12399-bib-0027">
<citation type="journal" xml:id="voxs12399-cit-0027"><author><familyName>Peyrard</familyName> <givenNames>T</givenNames></author>, <author><familyName>Pham</familyName> <givenNames>BN</givenNames></author>, <author><familyName>LePennec</familyName> <givenNames>PY</givenNames></author>: <articleTitle>Transfusion of rare cryopreserved red blood cell units stored at &#x2010;80 degrees: the French experience</articleTitle>. <journalTitle>Immunohematology</journalTitle> <pubYear year="2009">2009</pubYear>; <vol>25</vol>:<pageFirst>17</pageFirst>&#x2013;<pageLast>21</pageLast></citation>
</bib>
<bib xml:id="voxs12399-bib-0028">
<citation type="journal" xml:id="voxs12399-cit-0028"><author><familyName>Valeri</familyName> <givenNames>CR</givenNames></author>, <author><familyName>Ragno</familyName> <givenNames>G</givenNames></author>, <author><familyName>Pivacek</familyName> <givenNames>LE</givenNames></author>, <i>et al</i>.: <articleTitle>An experiment with glycerol&#x2010;frozen red blood cells stored at &#x2010;80&#x00B0;C for up to 37 years</articleTitle>. <journalTitle>Vox Sang</journalTitle> <pubYear year="2000">2000</pubYear>; <vol>79</vol>:<pageFirst>168</pageFirst>&#x2013;<pageLast>174</pageLast></citation>
</bib>
</bibliography>
</body>
</component>
