<?xml version="1.0" encoding="US-ASCII" standalone="yes"?>
<component type="serialArticle" version="2.0" xml:id="voxs12386" xml:lang="en" xmlns="http://www.wiley.com/namespaces/wiley" xmlns:wiley="http://www.wiley.com/namespaces/wiley/wiley">
<header>
<publicationMeta level="product">
<doi origin="wiley" registered="yes">10.1111/(ISSN)1751-2824</doi>
<issn type="print">1751-2816</issn>
<issn type="electronic">1751-2824</issn>
<idGroup>
<id type="product" value="VOXS"/>
</idGroup>
<titleGroup>
<title sort="ISBT SCIENCE SERIES" type="main">ISBT Science Series</title>
<title type="short">VOXS</title>
</titleGroup>
</publicationMeta>
<publicationMeta level="part" position="10"><doi origin="wiley">10.1111/voxs.2018.13.issue-1</doi>
<titleGroup>
<title type="specialIssueTitle">27th Regional Congress of the International Society of Blood Transfusion, Copenhagen, Denmark, June 17&#x2010;21, part II</title>
</titleGroup>
<copyright ownership="thirdParty">Copyright ISBT Science Series &#x00A9; 2018 International Society of Blood Transfusion</copyright><numberingGroup><numbering type="journalVolume" number="13">13</numbering><numbering type="journalIssue">1</numbering></numberingGroup><coverDate startDate="2018-02">February 2018</coverDate>
</publicationMeta>
<publicationMeta level="unit" position="90" status="forIssue" type="reviewArticle">
<doi>10.1111/voxs.12386</doi>
<idGroup>
<id type="unit" value="VOXS12386"/>
</idGroup>
<countGroup>
<count number="8" type="pageTotal"/>
</countGroup>
<titleGroup>
<title type="articleCategory">Congress Review</title>
<title type="tocHeading1">27th Regional Congress of the International Society of Blood Transfusion, Copenhagen, Denmark, June 17&#x2010;21, part II</title>
<title type="tocHeading2">Congress Reviews</title>
</titleGroup>
<copyright ownership="thirdParty">&#x00A9; 2017 International Society of Blood Transfusion</copyright>
<eventGroup>
<event date="2017-07-03" type="manuscriptReceived"></event>
<event date="2017-08-03" type="manuscriptRevised"></event>
<event date="2017-08-09" type="manuscriptAccepted"></event>
<event agent="SPS" date="2017-08-16" type="xmlCreated"></event>
</eventGroup>
<numberingGroup><numbering type="pageFirst">51</numbering><numbering type="pageLast">58</numbering></numberingGroup>
<correspondenceTo>
<lineatedText>
<line><i>Correspondence</i>: A. Kelly, Irish Blood Transfusion Service, Dublin, Ireland.</line>
<line>E&#x2010;mail: <email>andy.kelly@ibts.ie</email></line>
</lineatedText>
</correspondenceTo>
<linkGroup>
<link type="toTypesetVersion" href="file:voxs12386.pdf"/>
<link type="toAuthorManuscriptVersion" href="file:voxs12386_am.pdf"/>
</linkGroup>
</publicationMeta>
<contentMeta><countGroup><count type="figureTotal" number="0"/><count type="tableTotal" number="0"/><count type="wordTotal" number="4601"/></countGroup>
<titleGroup>
<title type="main">Emergency planning and business continuity: why blood services must plan for both. How the <fc>EBA</fc> working group (<fc>WG</fc>) is assisting blood services</title>
<title type="shortAuthors">R. Rackham &#x0026; A. Kelly</title>
</titleGroup>
<creators>
<creator affiliationRef="#voxs12386-aff-0001" creatorRole="author" xml:id="voxs12386-cr-0001">
<personName><givenNames>R.</givenNames> <familyName>Rackham</familyName></personName>
</creator>
<creator affiliationRef="#voxs12386-aff-0002" corresponding="yes" creatorRole="author" xml:id="voxs12386-cr-0002">
<personName><givenNames>A.</givenNames> <familyName>Kelly</familyName></personName>
<contactDetails><email>andy.kelly@ibts.ie</email></contactDetails>
</creator>
</creators>
<affiliationGroup>
<affiliation countryCode="GB" type="organization" xml:id="voxs12386-aff-0001"><orgName>NHS Blood and Transplant</orgName> <address><city>London</city> <country>UK</country></address></affiliation>
<affiliation countryCode="IE" type="organization" xml:id="voxs12386-aff-0002"><orgName>Irish Blood Transfusion Service</orgName> <address><city>Dublin</city> <country>Ireland</country></address></affiliation>
</affiliationGroup>
<keywordGroup type="author">
<keyword xml:id="voxs12386-kwd-0001">business continuity planning and emergency preparedness</keyword>
<keyword xml:id="voxs12386-kwd-0002">contingency planning</keyword>
<keyword xml:id="voxs12386-kwd-0003">emergency planning</keyword>
</keywordGroup>
<abstractGroup>
<abstract type="main" xml:id="voxs12386-abs-0001">
<section xml:id="voxs12386-sec-0001">
<title type="main">Background</title>
<p>In 2016, the Executive of the European Blood Alliance (<fc>EBA</fc>) decided to explore whether there was sufficient interest amongst member countries on whether they saw value in the re&#x2010;establishment of a Working Group on contingency planning. A survey of members was carried out and as there was sufficient interest a Working Group (<fc>WG</fc>) was established. The question then was how could the work of the <fc>WG</fc> add value to member countries in their contingency planning process? We set out to establish this.</p>
</section>
<section xml:id="voxs12386-sec-0002">
<title type="main">Method</title>
<p>Members of the <fc>WG</fc> decided that there were three areas where the <fc>WG</fc> should concentrate on and these were as follows: (1) share lessons learnt during past contingencies and response to major disasters, (2) exchange contingency plans and (3) test run of contingency plans. As a first step, it was decided that we would share our existing contingency plans and when these were shared the <fc>WG</fc> undertook to carry out a gap analysis. It became evident that the state of contingency planning varied across countries. It is vitally important that each <fc>BTS</fc> ensures that their critical functions of manufacturing, testing and supply management have contingency arrangements in place whether that is within the country or with an international partner. However, having them in place is not enough they must be tested on a regular basis to ensure that they work. It was important that the <fc>WG</fc> formulated formal terms of reference to inform its work and also to set out clear deliverables. Draft Terms of Reference (ToR) were drawn up and sent to the Board of the <fc>EBA</fc> for approval in line with the normal procedure for <fc>WG</fc>s. These have been approved by the Board and are as follows:
<list style="plain" xml:id="voxs12386-list-0001">
<listItem>To share and leverage the knowledge of <fc>EBA</fc> members so all can move towards best practice (e.g. <fc>ISO</fc> 22301)</listItem>
<listItem>To share experience, documentation, risk and other relevant materials and identify common training needs and opportunities.</listItem>
<listItem>To identify opportunities for mutual aid in business continuity and emergency planning processes, consumables and the provision of services and products and develop these into agreed heads of agreement in bilateral or multilateral mutual aid arrangements.</listItem>
<listItem>To create routes and mechanisms of communication on business continuity and emergency planning issues between <fc>EBA</fc> members, and to maintain a forum for discussion on these matters (e.g. <fc>EBA</fc> newsletter, <fc>EBA</fc>se).</listItem>
<listItem>To engage in and lead the conversation on business continuity and emergency planning with the Commission and Competent Authorities to ensure a workable and consistent approach across <fc>EBA</fc> member states.</listItem>
</list></p>
</section>
<section xml:id="voxs12386-sec-0003">
<title type="main">Outcome</title>
<p>The work of the group will deliver a better understanding of contingency planning with tangible examples and case studies which demonstrate how these plans have been activated and the lessons learnt from the events that required their activation. Some of the lessons learnt to date are that (1) there can never be too much communication on the contingency arrangements and there must be deputies in place for the main functional leads in the plan because inevitably the event occurs at a weekend where the nominated people are not always available, (2) the carrying out of a desktop exercise can be very useful and can expose any shortcomings in the contingency plan in a safe environment and (3) communication between the <fc>BTS</fc> and their contingency partner must ensure that any changes by either party are communicated so that any impact is worked through. The work of the <fc>WG</fc> is continuing.</p>
</section>
</abstract>
</abstractGroup>
</contentMeta>
<noteGroup xml:id="voxs00000-ntgp-1001">
<note numbered="no" xml:id="voxs00000-note-1001">3A&#x2013;S01&#x2013;03</note>
</noteGroup>
</header>
<body sectionsNumbered="no" xml:id="voxs12386-body-0001">
<section xml:id="voxs12386-sec-0004">
<title type="main">Introduction</title>
<p>Emergency planning is familiar to healthcare systems: a range of preplanned responses to a variety of events including major accidents, natural disasters, warfare and terrorism <link href="#voxs12386-bib-0001"/>. It is the mechanism by which healthcare organizations provide emergency health care to those directly affected by an event. An example of this approach is the dedicated prehospital urgent care systems provided by ambulance services in the United Kingdom, although the mechanism of delivery varies in other countries. These services exist mainly or solely to provide this type of care: a preplanned response to accidents and incidents.</p>
<p>Business continuity emerged during the 1970s as a mechanism by which businesses assess and improve their ability to continue should they face a disruptive challenge <link href="#voxs12386-bib-0002"/>. This discipline began with the resilience of computer mainframes, but by the 1980s had spread to other aspects of business and, as a response to terrorist attacks, such as the World Trade Centre attacks (9&#x002F;11&#x002F;2001) and natural disasters, such as the massive hurricanes in the USA in 2003&#x2010;4. Business continuity had, by the early 2000s, become a consideration across the full range of business disciplines in the early 2000s <link href="#voxs12386-bib-0003"/>.</p>
<p>While the two disciplines are allied and have common features, they are distinct. Emergency planning is an outward facing activity delivering assistance to those affected by an event, whereas business continuity faces internally, dealing with the impact of an event on the business itself.</p>
</section>
<section xml:id="voxs12386-sec-0005">
<title type="main">Discussion</title>
<p>Blood services have had a response role in emergencies since their inception, delivering product to hospitals outside scheduled delivery times, often using preplanned dedicated protocols and, in many countries, using vehicles with lights that indicate that the vehicle is engaged on emergency business. In recent years, blood services have used their emergency provision to cover many high&#x2010;profile incidents. These have included events in Paris (November 2015), Brussels Airport (March 2016), Nice (July 2016) and Orlando (June 2106).</p>
<p>Just this year, in the United Kingdom there has been a terrorist attack on Westminster Bridge (22 March 2017), a suicide bomb in the Manchester Arena (22 May 2017), an attack on people enjoying an evening near London Bridge (3 June 2017), a fire in a tower block in Kensington, London (14 June 2017), and an attack on worshippers at a mosque in Finsbury Park (18 June 2017). The clinical challenges presented by these different incidents and the amount of product ordered varied enormously.</p>
<p>The common factor is that all blood services need to plan to ensure a number of considerations are made and that the materials needed to respond are in place before the events occur. Stock, staff to issue products, vehicles, drivers and specialist clinical transfusion advice all are required to respond to these situations. All these events were unavoidable and other than having well&#x2010;prepared emergency plans could not have been foreseen. However, we know other events such as natural disasters or failure in complex systems occur and blood services should work with Municipal&#x002F;Civil Authorities in ensuring that they can respond effectively. The past number of years have seen a series of major disasters afflicting a wide range of complex systems: nuclear power plants, chemical installations, &#x2018;roll&#x2010;on&#x002F;roll&#x2010;off&#x2019; ferries, off&#x2010;shore platforms and railway networks. While many investigations of these events focus on the front&#x2010;line failure in more recent cases, the accident investigations have focused on systemic failures <link href="#voxs12386-bib-0004 #voxs12386-bib-0005"/>. Both the Zeebrugge and King&#x0027;s Cross inquiries concluded that &#x2018;rather than being the main instigators of these disasters, those at the human &#x2013; machine interface were the inheritors of system defects created by poor design, conflicting goals, defective organisation and bad management decisions. Their part, in effect, was simply that of creating the conditions under which these latent failures could reveal themselves&#x2019; <link href="#voxs12386-bib-0006"/>.</p>
<p>There is little doubt that human error contributes to the majority of incidents and accidents that occur within complex systems. A study was undertaken in 2007 to understand the human factors that contributed to railway accidents and incidents in Australia. The results of this study were published by Melissa T. Baysari <i>et&#x00A0;al</i>. <link href="#voxs12386-bib-0007"/>. They used a theoretical framework the Human factors Analysis and Classification System (HFACS) and reviewed forty rail safety investigation reports in their study. They accept that in arriving at their findings, a greater number of reports would need to be examined to validate their results. However, notwithstanding this caveat their review revealed that over half the cases of accidents and incidents were associated with equipment failures, mostly due to &#x2018;<i>inadequate monitoring and checking of equipment&#x2019;</i>. In incidents which resulted from the actions of front&#x2010;line staff, the majority were slips in attention (i.e. skill&#x2010;based errors) and these were associated with a reduction in alertness and physical fatigue. They also found that <i>&#x2018;nearly all incidents were associated with at least one organisational influence, suggesting that problems with resource management, organisational climate and organisational processes need to be addressed in order for error reduction in the Australian railway system to occur&#x2019;</i> Even allowing for their caveat about the size of the study, these findings are in line with the findings of Reason <link href="#voxs12386-bib-0006"/> and highlighted in the major disasters referred to in the previous paragraph.</p>
<p>There is also an onus on blood services to continuously review their processes in the light of incidents that occur. One way of doing this is to automate as many of the processes as possible so that the amount of human intervention is minimized and consequently the possibility of human failures and error.</p>
<p>These failures can have consequences for the blood service and that is why it is essential that there is good co&#x2010;ordination with the relevant State Agencies, Civil Authorities and Rescue Services so that each knows what is expected from them. Only then can the event be managed effectively.</p>
<p>There are many methods and models that can be used to develop emergency plans and one of them is the &#x2018;Four Stages of Emergency Planning&#x2019; <link href="#voxs12386-bib-0008"/>.
<blockFixed type="graphic" xml:id="voxs12386-blkfxd-0001">
<mediaResourceGroup>
<mediaResource alt="image" href="urn:x-wiley:17512816:voxs12386:voxs12386-fig-0001"/>
<mediaResource alt="image" href="image_m/voxs12386-fig-0001-m.png" mimeType="image/png" rendition="webHiRes"/>
<mediaResource alt="image" href="image_n/voxs12386-fig-0001.png" mimeType="image/png" rendition="webOriginal"/>
<mediaResource alt="image" href="image_t/voxs12386-fig-0001-t.gif" mimeType="image/gif" rendition="webLoRes"/>
</mediaResourceGroup>
</blockFixed>
</p>
<p>These are:
<list style="1" xml:id="voxs12386-list-0002">
<listItem>Mitigation &#x2013; any activity that can reduce the impact of an unavoidable event, for example sufficient blood, developed plan and communication strategy</listItem>
<listItem>Preparedness &#x2013; plans that have been developed and tested so that the blood service can respond successfully to the emergency, for example holding disaster drills</listItem>
<listItem>Response &#x2013; putting your plans into action, for example being able to respond to the event as it unfolds and having the structures and plans in place to do this</listItem>
<listItem>Recovery &#x2013; getting operations back to normal and reviewing the response so that the lessons can be taken on board and plan improved.</listItem>
</list></p>
<section xml:id="voxs12386-sec-0006">
<title type="main">Management of the emergency</title>
<section xml:id="voxs12386-sec-0007">
<title type="main">Initial briefing crucial</title>
<p>Should cover:
<list style="1" xml:id="voxs12386-list-0003">
<listItem>Where exactly incident occurred</listItem>
<listItem>Type of incident, bombing, shooting, major crash, earthquake, etc.</listItem>
<listItem>Disruption to transport, access, utilities, travel, etc.</listItem>
<listItem>Potential number of casualties and type of injuries</listItem>
<listItem>Destination of casualties.</listItem>
</list></p>
</section>
<section xml:id="voxs12386-sec-0008">
<title type="main">Public response</title>
<p>This type of incident brings with it another response requirement for blood services &#x2013; the well&#x2010;documented desire of the public to donate blood. This has been a predictable public response to disaster since the instigation of blood services <link href="#voxs12386-bib-0009"/>. The reaction of the public after the Manchester Arena incident was enormous and had to be managed in a compassionate way. NHSBT has processes to manage the donor response, and a significant part of this response was that communications were issued calling for donors to register to give blood routinely rather than just attending a donor session in an ad hoc manner <link href="#voxs12386-bib-0010"/>. While this was an unusual step, the piece was attempting to set out how the blood supply chain works and how donors can best support it. This was like 9&#x002F;11, Paris and Orlando shooting. It is the natural human response because members of the public want to do something to help and one way is to give blood.</p>
<p>This latter process is not an emergency response; it is a continuity plan aimed at mitigating or preventing the consequences experienced by the New York Blood Centre following the terrorist attack on the World Trade Centre. A large&#x2010;scale collection of blood in response to the public desire to do something to help led to blood being discarded for a variety of reasons and, therefore, donor numbers fell <link href="#voxs12386-bib-0011"/>. What we know from these events is that the requirement for blood in the immediate aftermath of the incident is not very much more than normal.</p>
<p>Therefore, it is vital that blood services have detailed communication strategy in place with pre&#x2010;prepared messaging that can be distributed over many platforms such as website, Facebook, Twitter, call centre and broadcast media. One example of such a strategy is the one drawn up by the Scottish Blood Transfusion Service which details a set of responses. The key elements are set out below:</p>
</section>
</section>
<section xml:id="voxs12386-sec-0009">
<title type="main">Example of strategy &#x2013; SNBTS</title>
<p>
<list style="1" xml:id="voxs12386-list-0004">

<listItem>Message 1 &#x2013; Situation Assessment and Holding Statement</listItem>

<listItem>Message 2 &#x2013; Normal Demand for Blood Donors</listItem>

<listItem>Message 3 &#x2013; High Demand for Blood Donors</listItem>

<listItem>Message 4 &#x2013; Low Response to message 2</listItem>

<listItem>Message 5 &#x2013; Exceptional Demand for Blood Donors</listItem>

<listItem>Message 6 &#x2013; Low Spontaneous Response with high demand</listItem>

<listItem>Message 7 &#x2013; Catastrophic Failure in Supply.</listItem>
</list>
</p>
<p>For many years, the blood services perpetuated the idea that people should respond to disasters by donating blood. The blood services now need to educate the public on the supply chain process and why it is vital that there is a consistent blood supply so that there is sufficient blood available when the event occurs and that is the best way they can help.</p>
<section xml:id="voxs12386-sec-0010">
<title type="main">Lessons learnt from recent events</title>
<p>
<list style="1" xml:id="voxs12386-list-0005">

<listItem>Usage and demand of blood components on the day and days following a terrorist attack or major accident is not much higher than normal</listItem>

<listItem>Examples of where there was sufficient blood in the immediate area of the disaster &#x2013; Madrid train explosions, Boston Marathon bombing and massive explosion at a fertilizer plant in West Texas, bombing in Manchester, UK,</listItem>

<listItem>Communication regarding status of blood supply is important &#x2013; contact between blood centres is essential to ensure that sufficient blood is available and unnecessary distribution does not occur &#x2013; the human response is to give blood and to control this is difficult</listItem>

<listItem>Logistics: transportation of blood and staff could be hampered. It is crucial to set this out in a plan</listItem>

<listItem>An integrated approach to planning between Blood Establishment, Head of Sector and Government Agency in charge of disaster is essential so all know what their roles are in the case of a disaster.</listItem>

<listItem>It is important to continually update and test emergency plans.</listItem>
</list>
</p>
</section>
<section xml:id="voxs12386-sec-0011">
<title type="main">Business continuity planning</title>
<p>While much of the media focus and profile, understandably, is given to the events outlined above, arguably what is much more important from the blood service perspective is to have appropriate and well&#x2010;tested business continuity plans in place so that they can return to normal operations as soon as possible after the disruption. This disruption can be because of flooding (Filton, NHSBT, 24 September 2012) or failure of IT system at the National Blood Management System Australian Red Cross Blood Service (4 July 2012) or failure of a device or product which disrupts normal operations.</p>
<p>Blood services should have well&#x2010;developed business continuity plans that will return the organization to&#xA0;normal operations as soon as possible after a disruption event occurs. While many blood services have done a lot of work in this area, the difficulty is maintaining an awareness throughout the organization of the need to continue to update the plan and test it. There are&#xA0;many methodologies for BCP, but what has been found <link href="#voxs12386-bib-0012"/> is that there are three problems with the methodologies. These are the lack of implementation methods, the lack of dynamic plan maintenance and&#xA0;the lack of continuous education and involvement&#xA0;for employees. Consequently, it is imperative the blood services make BCP a part of their business operation.</p>
<p>The Working Group carried out a survey of members to ascertain whether they had a BCP or what was the status of their preparedness. The responses received are set out below on an anonymous basis:</p>
<p>Contingency Planning &#x007E; Working Group: Definition: The ability of the Blood Service to supply in different scenarios.</p>
<p>Blood services like most organizations are heavily reliant on IT systems to carry out their business. Therefore, it is imperative that they have a well developed and tested disaster recovery site so that they can continue to operate if there is a system failure. Where they host all their applications in house, there are three approaches to disaster recovery that need to be evaluated, namely:</p>
<p>
<list style="1" xml:id="voxs12386-list-0006">

<listItem>Cold site &#x2013; where there are some critical applications in a remote site but the servers are not turned on</listItem>

<listItem>Warm site &#x2013; there are a number of the critical applications in a remote site and connectivity has been established</listItem>

<listItem>Hot site &#x2013; where there is full replication of all the applications in a remote site.</listItem>
</list>
</p>
<p>Where the blood service has a managed services contract with an external provider, they must ensure that the provider has appropriate contingency arrangements in place.</p>
<p>As can be seen from the following example, business continuity for blood services, however, is not limited to responding to the non&#x2010;clinical consequences of large&#x2010;scale incidents. For example, the English National Health Service (NHS) found itself a victim of the worldwide release of the ransomware &#x201C;WannaCry.&#x201D; So severe was the effect on the UK NHS that early reports in the British media suggested that this was an NHS specific attack. NHSBT IT systems were unaffected, but many hospitals could not order blood using the standard online blood ordering system, either as a direct result of WannaCry, or because local IT services had been switched off to prevent immediate spread or to allow patches to be applied. The standard contingency for such computer failures (either wide scale or individual hospitals) is to revert to ordering by fax. Largely, this was effective, but at a recommendation from the UK Department of Health some hospitals had removed fax machines entirely and others were using &#x2018;Voice Over Internet Protocol&#x2019; (VOIP) telephone systems which are managed by servers, which had been affected. In these circumstances, orders were made using mobile phones or email. Although this incident did not affect NHSBT directly, there were adequate plans in place within NHSBT to ensure that the supply of blood continued to meet the needs of patients while maintaining compliance with regulation.</p>
<p>NHSBT has also experienced some recent disruption in the inbound supply chain of consumables. One impacted on the blood donation function, potentially preventing NHSBT taking donated blood in compliance with regulation and its own procedures. The other was a test kit and so had the potential to prevent a mandatory test being completed, meaning that manufactured product could not be validated and issued. In both circumstances, the failure of the inbound supply chain had the potential to prevent NHSBT supplying blood components to hospitals. Continuity plans enabled these supply issues to be resolved, and hospitals were unaware of any potential supply difficultly.</p>
<p>Demand for red cells is declining across the world as blood is used more effectively <link href="#voxs12386-bib-0013"/>,) and consequently, blood stock has declined similarly <link href="#voxs12386-bib-0014"/>. This means that there is less capacity in the supply chain to enable blood services to meet the demands of both external mass casualty events and internal disruptive challenges. The better use of blood in hospitals means that there is less flexibility within the hospitals to postpone or cancel transfusion exacerbated by the greater demand for efficiency within the healthcare system.</p>
</section>
<section xml:id="voxs12386-sec-0012">
<title type="main">How to test the plans</title>
<p>There are several methods for testing plans ranging from a walk&#x2010;through to fully live exercises where real assets are deployed. A walk&#x2010;through simply steps through the plan without a scenario, to test how a plan functions in the hands of front&#x2010;line staff; this lacks any context or reality and is best used when a plan is very new to check for gross errors and omissions. Other mechanisms of testing call for much more detailed preparation. A desktop exercise uses a scenario, but deploys no real assets and may often make jumps in time: while this type of exercise is necessary and beneficial, it is difficult to create the sense of urgency that exists in a real situation. Many health systems use a methodology called Emergo Train System which tries to mimic how a disaster would unfold, and this builds in a greater degree of realism. This system is in use in many countries across the world, and blood services should examine it to see whether it would be applicable. A live exercise tests a response plan in real time either in full or in part, deploying real assets (like staff and vehicles) but often stops short of using real product; this type of exercise can create risks for the organization and so should be used with care. In desktop and live exercises, there is usually an observer who assesses how the team responded and what lessons can be learned from the exercise.</p>
<p>The Irish Blood Transfusion Service (IBTS) carried out a desktop test of its BCP in June 2016. The exercise was to address the three phases of disruption, that is emergency, crisis and business or Service Recovery. The BCP Management Team (BCPMT) responded to the situation. A scenario was painted that the main Centre was flooded over a weekend, and there was also flooding in the immediate vicinity with restricted vehicular access. It was expected to last three days, but the flooding in the adjacent areas would not be finally cleared for upwards of a week. There were three further injections to this scenario. First was after one hour when there was a power cut and not sure when it would be restored. One hour later, the BCPMT was informed that there was some damage to wireless and landline communications, and finally, they were informed that the generator supplying backup power had only two hours of fuel supply remaining. This was a very worthwhile exercise and showed a number of gaps in the current plan. The main learning points were that members of the BCPMT must be familiar with the operation of the plan, deputies must be nominated and equally familiar with the plan, there needed to be better cross&#x2010;referencing in the Plan, there were gaps in communications with external bodies and importantly mitigation steps against flooding for what is now effectively a single&#x2010;site operation had not been taken. The outcome has also put greater focus on how we manage our ICT assets. The lessons learnt have been taken on board and BCP revised. It is planned to carry out a further test in 2017.</p>
<p>Like many blood services, NHSBT has consolidated some functions into fewer locations with resulting changes to the configuration of infrastructure. Recently, NHSBT tested the proposed change in the configuration of cold rooms resulting from the consolidation of manufacturing services &#x2013; this was tested in a series of exercises called &#x201C;Calefaction&#x201D; (from the Latin &#x201C;to make warm&#x201D;). This was a desktop exercise and challenged the existing plans for cold room failure. Players, front&#x2010;line staff in Hospital Services, were exposed to a scenario in which one blood centre in their region had a significant failure of a cold room. Players were provided with stock figures, demand from hospitals, vehicles to transport product, staff availability and availability of transport containers. They were asked to work together using the existing plan with the aim of discovering gaps in that plans &#x2013; there were a number that included the fact that frozen product was not included in any failure plan, the customer services function had no out of hours provision and so NHSBT dealt with customers in an ad hoc way, IT access was not at the appropriate level for staff to manage the incident, irradiated products became an immediate problem and, for some cold rooms and freezers, it was not clear how long they held temperature. Work was done to rectify these gaps, and the plan was significantly updated.</p>
<p>Real events should not be discounted as tests of a plan &#x2013; they are a type of unplanned live exercise. As has been referred to, there have been a number of events in UK over recent months that, while tragic, also give the opportunity to review plans and a number of lessons were learned from these events that were put in place quickly and the lesson learned about communicating with donors in Manchester was implemented and had effect for the incident on London Bridge. There are also unexpected lessons that can be learned, NHSBT is still reviewing blood usage data from the Manchester Arena event to learn more about blood usage in a much younger demographic than is normally affected by mass casualty incidents.</p>
<p>Any test of the emergency plan is best carried out in conjunction with the Civil Authorities; blood services should make contact with their relevant authorities to ensure that they understand what is expected from them.</p>
</section>
</section>
</section>
<section xml:id="voxs12386-sec-0013">
<title type="main">Conclusion</title>
<p>With large media&#x2010;sensitive incidents occurring with regularity, as well as the normal emergencies that require transfusion support, blood services need to be aware that they are required to ensure that they are ready to respond to mass casualty events as they have always done. Given the constraints on the system, however, this preparation needs to be more rigorous than ever before, especially considering the falling demand for blood and related reduction in stock levels.</p>
<p>Blood services should also be aware that they operate either as single source suppliers to hospitals or at least a supplier with very few alternatives. The products supplied are essential in the successful treatment of many patients and, for most purposes, there is no alternative product. The ability of a blood service to ensure supply, therefore, is critical to the provision of healthcare services.</p>
<p>This means that blood services no longer have the luxury of being able use their stock as a buffer against disruptive incidents. Active emergency and business continuity planning need to be a central plank of the business planning that blood services undertake on a day&#x2010;to&#x2010;day basis.</p>
<p>In order for blood services to be prepared for both sets of eventualities the following should act as a prompt to enable preparedness:
<list style="1" xml:id="voxs12386-list-0007">
<listItem>Have a clear and unambiguous plan that is familiar to key people</listItem>
<listItem>Share the Plan with the Municipal&#x002F;Civil Authorities, Rescue Services and Hospitals</listItem>
<listItem>Have a very clearly defined communication strategy that can be actioned across different platforms,</listItem>
<listItem>Test the plans to ensure that it will work and the underlying assumptions are valid, and</listItem>
<listItem>Do not become complacent about emergency preparedness and business continuity planning.</listItem>
</list></p>
</section>
<bibliography cited="yes" style="numbered" xml:id="voxs12386-bibl-0001">
<title type="main">References</title>
<bib xml:id="voxs12386-bib-0001">
<citation type="journal" xml:id="voxs12386-cit-0001"><author><familyName>Dara</familyName> <givenNames>SI</givenNames></author>, <author><familyName>Ashton</familyName> <givenNames>JC</givenNames></author>, <author><familyName>Farmer</familyName> <givenNames>JC</givenNames></author>, <i>et&#x00A0;al</i>.: <articleTitle>&#x201C;Worldwide disaster medical response: an historical perspective&#x201D;</articleTitle>. <journalTitle>Crit Care Med</journalTitle> <pubYear year="2005">2005</pubYear>; <vol>33</vol>(<issue>S1</issue>):<pageFirst>S2</pageFirst>&#x2013;<pageLast>S6</pageLast></citation>
</bib>
<bib xml:id="voxs12386-bib-0002">
<citation type="journal" xml:id="voxs12386-cit-0002"><author><familyName>Herbane</familyName> <givenNames>B</givenNames></author>: <articleTitle>&#x201C;The evolution of business continuity management: a historical review of practices and drivers&#x201D;</articleTitle> <journalTitle>Bus Hist</journalTitle> <pubYear year="2010">2010</pubYear>; <vol>52</vol>:<pageFirst>978</pageFirst>&#x2013;<pageLast>1002</pageLast></citation>
</bib>
<bib xml:id="voxs12386-bib-0003">
<citation type="other" xml:id="voxs12386-cit-0003"><author><familyName>Kirvan</familyName> <givenNames>P</givenNames></author>: <otherTitle>&#x201C;Business Continuity, A History of Challenges&#x201D;</otherTitle> <pubYear year="2003">2003</pubYear>. <url href="http://survivalinsights.com/">http://survivalinsights.com/</url> (retrieved June 2017)</citation>
</bib>
<bib xml:id="voxs12386-bib-0004">
<citation type="book" xml:id="voxs12386-cit-0004"><author><familyName>Fennell</familyName> <givenNames>D</givenNames></author>: <bookTitle>Investigation into the Kings Cross underground fire</bookTitle>. <publisherLoc>London</publisherLoc>: Department of Transport<publisherName>HMSO</publisherName>, <pubYear year="1988">1988</pubYear></citation>
</bib>
<bib xml:id="voxs12386-bib-0005">
<citation type="other" xml:id="voxs12386-cit-0005"><author><familyName>Sheen</familyName> <givenNames>J</givenNames></author>: <otherTitle>Herald of Free Enterprise. Report of Court no. 8074</otherTitle>. <publisherLoc>Department of Transport, London</publisherLoc>: <publisherName>HMSO</publisherName>, <pubYear year="1989">1989</pubYear></citation>
</bib>
<bib xml:id="voxs12386-bib-0006">
<citation type="journal" xml:id="voxs12386-cit-0006"><author><familyName>Reason</familyName> <givenNames>J</givenNames></author>: <articleTitle>&#x201C;The contribution of latent human failures to the breakdown of complex systems&#x201D;</articleTitle>. <journalTitle>Philos Trans R Soc Lond B Biol Sci</journalTitle> <pubYear year="1990">1990</pubYear>; <vol>327</vol>:<pageFirst>475</pageFirst>&#x2013;<pageLast>484</pageLast></citation>
</bib>
<bib xml:id="voxs12386-bib-0007">
<citation type="journal" xml:id="voxs12386-cit-0007"><author><familyName>Baysari</familyName> <givenNames>MT</givenNames></author>, <author><familyName>McIntosh</familyName> <givenNames>AS</givenNames></author>, <author><familyName>Wilson</familyName> <givenNames>JR</givenNames></author>: <articleTitle>Understanding the human factors contribution to railway accidents and incidents in Australia</articleTitle>. <journalTitle>Accid Anal Prev</journalTitle> <pubYear year="2008">2008</pubYear>; <vol>40</vol>:<pageFirst>1750</pageFirst>&#x2013;<pageLast>1757</pageLast> University of New South Wales, ELSEVIER</citation>
</bib>
<bib xml:id="voxs12386-bib-0008">
<citation type="book" xml:id="voxs12386-cit-0008"><author><familyName>Mileti</familyName> <givenNames>D</givenNames></author>: <bookTitle>Disasters by Design: a Reassessment of Natural Disasters in the United States</bookTitle>. <publisherLoc>Washington DC</publisherLoc>, <publisherName>Joseph Henry Press</publisherName>, <pubYear year="1999">1999</pubYear></citation>
</bib>
<bib xml:id="voxs12386-bib-0009">
<citation type="journal" xml:id="voxs12386-cit-0009"><author><familyName>Schmidt</familyName> <givenNames>PJ</givenNames></author>: <articleTitle>&#x201C;Blood and Disaster &#x2013; Supply and Demand&#x201D;</articleTitle><journalTitle>N Engl J Med</journalTitle> <pubYear year="2002">2002</pubYear>; <vol>346</vol>:<pageFirst>617</pageFirst>&#x2013;<pageLast>620</pageLast></citation>
</bib>
<bib xml:id="voxs12386-bib-0010">
<citation type="other" xml:id="voxs12386-cit-0010"><author><familyName>Green</familyName> <givenNames>J</givenNames></author>: <otherTitle>&#x201C;This is what the blood donor service does after an attack &#x2013; and how you can help&#x201D;</otherTitle>. <pubYear year="2017">2017</pubYear>. <url href="http://www.theguardian.com">www.theguardian.com</url> 24th May 2017 (retrieved June 2017)</citation>
</bib>
<bib xml:id="voxs12386-bib-0011">
<citation type="other" xml:id="voxs12386-cit-0011"><author><familyName>Starr</familyName> <givenNames>D</givenNames></author>: <otherTitle>&#x201C;Bad Blood: The 9&#x002F;11 Blood&#x2010;Donation Disaster&#x201D;</otherTitle> New Republic <pubYear year="2002">2002</pubYear> [Issue date: 07.29.02]</citation>
</bib>
<bib xml:id="voxs12386-bib-0012">
<citation type="journal" xml:id="voxs12386-cit-0012"><author><familyName>Botha</familyName> <givenNames>J</givenNames></author>, <author><familyName>Von</familyName> <givenNames>SR</givenNames></author>: <articleTitle>A cyclic approach to business continuity planning</articleTitle>. <journalTitle>Inf Manag Comput Secur</journalTitle> <pubYear year="2004">2004</pubYear>; <vol>12</vol>:<pageFirst>328</pageFirst>&#x2013;<pageLast>337</pageLast></citation>
</bib>
<bib xml:id="voxs12386-bib-0013">
<citation type="other" xml:id="voxs12386-cit-0013"><author><familyName>Wald</familyName> <givenNames>ML</givenNames></author>: <otherTitle>&#x201C;Blood Industry Shrinks as Transfusions Decline&#x201D;</otherTitle> <pubYear year="2014">2014</pubYear> New York Times August 22, 2014 <url href="http://www.nytimes.com">www.nytimes.com</url>(retrieved June 2017)</citation>
</bib>
<bib xml:id="voxs12386-bib-0014">
<citation type="journal" xml:id="voxs12386-cit-0014"><author><familyName>Beckman</familyName> <givenNames>N</givenNames></author>, <author><familyName>Yazer</familyName> <givenNames>MLK</givenNames></author>, <author><familyName>Land</familyName> <givenNames>K</givenNames></author>, <i>et&#x00A0;al</i>.: <articleTitle>Blood banks meet the paradox of Gabriel&#x0027;s Horn: what are the options to maintain supply as demand decreases?</articleTitle>. <journalTitle>Transfus Med</journalTitle> <pubYear year="2016">2016</pubYear>; <vol>26</vol>:<pageFirst>170</pageFirst>&#x2013;<pageLast>176</pageLast></citation>
</bib>
</bibliography>
</body>
</component>
