<?xml version="1.0" encoding="US-ASCII" standalone="yes"?>
<component type="serialArticle" version="2.0" xml:id="voxs12360" xml:lang="en" xmlns="http://www.wiley.com/namespaces/wiley" xmlns:wiley="http://www.wiley.com/namespaces/wiley/wiley">
<header>
<publicationMeta level="product">
<doi origin="wiley" registered="yes">10.1111/(ISSN)1751-2824</doi>
<issn type="print">1751-2816</issn>
<issn type="electronic">1751-2824</issn>
<idGroup>
<id type="product" value="VOXS"/>
</idGroup>
<titleGroup>
<title sort="ISBT SCIENCE SERIES" type="main">ISBT Science Series</title>
<title type="short">VOXS</title>
</titleGroup>
</publicationMeta>
<publicationMeta level="part" position="10"><doi origin="wiley">10.1111/voxs.2018.13.issue-1</doi>
<titleGroup>
<title type="specialIssueTitle">27th Regional Congress of the International Society of Blood Transfusion, Copenhagen, Denmark, June 17&#x2010;21, part II</title>
</titleGroup>
<copyright ownership="thirdParty">Copyright ISBT Science Series &#x00A9; 2018 International Society of Blood Transfusion</copyright><numberingGroup><numbering type="journalVolume" number="13">13</numbering><numbering type="journalIssue">1</numbering></numberingGroup><coverDate startDate="2018-02">February 2018</coverDate>
</publicationMeta>
<publicationMeta level="unit" position="170" status="forIssue" type="reviewArticle">
<doi>10.1111/voxs.12360</doi>
<idGroup>
<id type="unit" value="VOXS12360"/>
</idGroup>
<countGroup>
<count number="7" type="pageTotal"/>
</countGroup>
<titleGroup>
<title type="articleCategory">Congress Review</title>
<title type="tocHeading1">27th Regional Congress of the International Society of Blood Transfusion, Copenhagen, Denmark, June 17&#x2010;21, part II</title>
<title type="tocHeading2">Congress Reviews</title>
</titleGroup>
<copyright ownership="thirdParty">&#x00A9; 2017 International Society of Blood Transfusion</copyright>
<eventGroup>
<event agent="SPS" date="2017-06-10" type="xmlCreated"/>
</eventGroup>
<numberingGroup><numbering type="pageFirst">105</numbering><numbering type="pageLast">111</numbering></numberingGroup>
<correspondenceTo>
<lineatedText>
<line><i>Correspondence</i>: Jeanne E. Hendrickson, Departments of Laboratory Medicine and Pediatrics, Yale University School of Medicine, 330 Cedar Street, Clinic Building 405, PO Box&#xA0;208035, New Haven, CT 06520&#x2010;8035, USA.</line>
<line>E&#x2010;mail: <email>jeanne.hendrickson@yale.edu</email></line>
</lineatedText>
</correspondenceTo>
<linkGroup>
<link type="toTypesetVersion" href="file:voxs12360.pdf"/>
<link type="toAuthorManuscriptVersion" href="file:voxs12360_am.pdf"/>
</linkGroup>
</publicationMeta>
<contentMeta><countGroup><count type="figureTotal" number="1"/><count type="tableTotal" number="0"/><count type="wordTotal" number="4466"/></countGroup>
<titleGroup>
<title type="main">Red blood cell alloimmunisation: induction of immunity and potential mitigation strategies</title>
<title type="shortAuthors">J. E. Hendrickson</title>
</titleGroup>
<creators>
<creator affiliationRef="#voxs12360-aff-0001 #voxs12360-aff-0002" corresponding="yes" creatorRole="author" xml:id="voxs12360-cr-0001">
<idGroup>
<id type="orcid" value="http://orcid.org/0000-0002-7928-3132"/>
</idGroup>
<personName><givenNames>J. E.</givenNames> <familyName>Hendrickson</familyName></personName>
<contactDetails><email>jeanne.hendrickson@yale.edu</email></contactDetails>
</creator>
</creators>
<affiliationGroup>
<affiliation countryCode="US" type="organization" xml:id="voxs12360-aff-0001"><orgDiv>Department of Laboratory Medicine</orgDiv> <orgName>Yale University School of Medicine</orgName> <address><city>New Haven</city> <countryPart>CT</countryPart> <country>USA</country></address></affiliation>
<affiliation countryCode="US" type="organization" xml:id="voxs12360-aff-0002"><orgDiv>Department of Pediatrics</orgDiv> <orgName>Yale University School of Medicine</orgName> <address><city>New Haven</city> <countryPart>CT</countryPart> <country>USA</country></address></affiliation>
</affiliationGroup>
<keywordGroup type="author">
<keyword xml:id="voxs12360-kwd-0001">mitigation</keyword>
<keyword xml:id="voxs12360-kwd-0002"><fc>RBC</fc> alloimmunisation</keyword>
<keyword xml:id="voxs12360-kwd-0003">tolerance</keyword>
<keyword xml:id="voxs12360-kwd-0004">transfusion</keyword>
</keywordGroup>
<abstractGroup>
<abstract type="main" xml:id="voxs12360-abs-0001">
<p>Millions of <fc>RBC</fc> units are transfused throughout the world annually. Even though each <fc>RBC</fc> unit contains multiple foreign donor antigens, only a minority of transfusion recipients will develop detectable <fc>RBC</fc> alloantibodies. Some factors that influence humoral immune responsiveness to transfused <fc>RBC</fc>s are obvious, including the necessity of being exposed to a foreign antigen that the immune system can process and present. Mathematically, however, every <fc>RBC</fc> transfusion meets those criteria. Thus, it remains unclear why some patients form alloantibodies (&#x2018;responders&#x2019;), while others may be transfused hundreds of times without becoming alloimmunised (&#x2018;non&#x2010;responders&#x2019;). Studies in humans have found an association with <fc>CD</fc>4&#x002B; T&#x2010;cell markers and responsiveness to transfused <fc>RBC</fc>s, and have also identified acute or chronic inflammatory disease states as risk factors for alloantibody development. Studies in animal models, which allow single variables to be isolated, have led to an understanding of the critical role played by dendritic cells in transfusion&#x2010;associated <fc>RBC</fc> alloimmunisation. Murine studies have further established that non&#x2010;responsiveness to transfused <fc>RBC</fc>s equates to antigen&#x2010;specific tolerance in some settings: alloantibodies develop to <fc>RBC</fc>s expressing some blood group antigens only when the initial <fc>RBC</fc> exposure occurs in close association with a danger signal. Additional studies are needed in humans and in animal models to further understand the complex variables that determine when and how a humoral immune response may be initiated against transfused <fc>RBC</fc> antigens, such that strategies for preventing alloimmunisation and its harmful effects in transfusion and pregnancy scenarios can be developed.</p>
</abstract>
</abstractGroup>
</contentMeta>
<noteGroup xml:id="voxs00000-ntgp-1001">
<note numbered="no" xml:id="voxs00000-note-1001">5A&#x2013;S31&#x2013;01</note>
</noteGroup>
</header>
<body sectionsNumbered="no" xml:id="voxs12360-body-0001">
<section xml:id="voxs12360-sec-0001">
<title type="main">Introduction</title>
<p>Antibodies may develop against non&#x2010;self&#x2010;antigens on RBCs, with exposure primarily occurring through blood transfusion or pregnancy. These antibodies can be clinically significant, with complications ranging from increased time and expense of locating antigen negative units for future transfusion <link href="#voxs12360-bib-0001"/> to haemolytic transfusion reactions or haemolytic disease of the foetus and newborn <link href="#voxs12360-bib-0002"/>. Although haemolytic transfusion reactions lead to only a small number of deaths each year <link href="#voxs12360-bib-0003"/>, the presence of alloantibodies is increasingly being appreciated to be associated with adverse clinical outcomes <link href="#voxs12360-bib-0004 #voxs12360-bib-0005"/>. Preventing RBC alloantibodies from developing in the first place is thus desirable. However, our inability to predict which transfusion recipients are at highest risk of forming such antibodies, in combination with our rudimentary understanding of the pathways to tolerance or immunity to antigens on transfused RBCs, have limited progress. This manuscript will review factors known to influence RBC alloantibody formation in humans and in animal models to date, and will also review potential mitigation strategies based on this knowledge.</p>
</section>
<section xml:id="voxs12360-sec-0002">
<title type="main">RBC alloimmunisation rates</title>
<p>RBC alloimmunisation rates range from 2 to 6&#x0025; or greater <link href="#voxs12360-bib-0006 #voxs12360-bib-0007 #voxs12360-bib-0008"/>, depending on study design, detection techniques and population studied. It is difficult to separate RBC alloimmunisation induced through transfusion versus through pregnancy in females; one study of male veterans reported an alloimmunisation rate of 2&#x00B7;4&#x0025; <link href="#voxs12360-bib-0006"/>. The lack of mandatory post&#x2010;transfusion RBC alloantibody screening in many countries makes it probable that actual alloimmunisation rates are higher than those published. Antibody evanescence, which involves a decrease in the magnitude of the circulating antibody to the point of being undetectable by traditional blood bank testing methodologies <link href="#voxs12360-bib-0009"/>, occurs more often with antibodies of particular specificities than others. A recent study has suggested that up to two&#x2010;thirds of all antibodies may not be detected by our current testing approaches <link href="#voxs12360-bib-0010"/>. The combination of &#x2018;record fragmentation&#x2019; and the lack of a universal RBC antibody registry in some countries, including the US, increase the likelihood of delayed haemolytic transfusion reactions and adverse transfusion outcomes <link href="#voxs12360-bib-0011"/>.</p>
<p>Alloimmunisation rates vary by disease state. Patients with diseases associated with high RBC transfusion burdens, such as sickle cell disease, thalassaemia major and myeloproliferative disorder, have amongst the highest RBC alloimmunisation rates <link href="#voxs12360-bib-0012"/>. Despite phenotypic matching, children with sickle cell disease may have alloimmunisation rates as high as 40&#x0025; <link href="#voxs12360-bib-0013 #voxs12360-bib-0014"/>. When interpreting these alloimmunisation rates, it must be taken into consideration that patients with the highest transfusion burden also have had more antibody screens. However, stochastic modelling data suggest that &#x2018;responder&#x2019; patients tend to develop additional antibodies upon repeat RBC exposure, whereas &#x2018;non&#x2010;responder&#x2019; patients tend to remain without detectable antibodies <link href="#voxs12360-bib-0015"/>.</p>
</section>
<section xml:id="voxs12360-sec-0003">
<title type="main">RBC antigen considerations</title>
<p>Immunogenicity calculations have been designed and modified over the years, with RhD and K being among the most immunogenic antigens <link href="#voxs12360-bib-0016 #voxs12360-bib-0017 #voxs12360-bib-0018"/>. Many variables are involved in immunogenicity determinations, including the ability of the recipient&#x0027;s immune system to recognise the antigen in question as foreign. Although not well studied in humans, it is also possible that a recipient&#x0027;s humoral immune response to a particular antigen on a transfused RBC may be dictated by prior exposures to pathogens or other antigens with some degree of peptide homology to RBC antigens. Such past exposures may result in T&#x2010;cell priming, which could lead to a rapid alloantibody response after initial RBC exposure <link href="#voxs12360-bib-0019"/>. Beyond antigen expression, component processing and storage may at least theoretically impact the immunogenicity of transfused RBCs <link href="#voxs12360-bib-0020"/>.</p>
<p>Although not extensively studied, the density of RBC antigens on the membrane also likely impacts immunogenicity. For example, it is thought that there is a threshold of RhD antigen density on transfused RBCs, below which the RBCs are not likely to induce recipient anti&#x2010;D alloantibodies <link href="#voxs12360-bib-0021 #voxs12360-bib-0022"/>. It is also possible that RBC antigens expressed at extremely high density are less likely to be immunogenic, a finding that has been observed in other antigen systems <link href="#voxs12360-bib-0023"/>. Lastly, although it is assumed that most humoral immune responses against RBC antigens are T&#x2010;dependent <link href="#voxs12360-bib-0024 #voxs12360-bib-0025"/>, it is plausible that some are T&#x2010;cell independent given their range of structural complexity <link href="#voxs12360-bib-0026"/>.</p>
<p>Studies in animal models have allowed single variables, such as antigen density, to be investigated. A series of transgenic mice expressing variations of the human KEL glycoprotein have been generated over the past 5&#x00A0;years, with some expressing very low copy number (KEL<sup>lo</sup>) and some expressing a more moderate copy number (KEL). Recipients transfused with KEL<sup>lo</sup> RBCs fail to mount a detectable humoral immune response <link href="#voxs12360-bib-0027"/>, whereas those transfused with RBCs expressing a moderate copy number of KEL generate anti&#x2010;KEL alloantibodies after a single transfusion <link href="#voxs12360-bib-0028"/>. Further, animals transfused with transgenic RBCs expressing very high copy numbers fail to mount a detectable response, unless treated with an adjuvant around the time of RBC exposure. This pattern of response is similar to what has been observed in a murine model in which the human glycophorin A antigen (hGPA) is expressed at very high levels: transfusion recipients fail to mount detectable anti&#x2010;hGPA alloantibodies unless they are treated with an adjuvant around the time of RBC exposure <link href="#voxs12360-bib-0029"/>.</p>
<p>The term &#x2018;non&#x2010;responder&#x2019; is used to describe transfusion recipients who fail to generate detectable alloantibodies to RBC antigens after blood exposure. In some cases, however, the immune systems of these transfusion recipients are mounting a different sort of an immune response. Studies in murine models have shown that transfusion recipients capable of recognising, processing and presenting an RBC antigen under some circumstances (e.g. in the presence of an adjuvant) become tolerised in an antigen&#x2010;specific manner when they are exposed to this same RBC antigen in the absence of an adjuvant. For example, wild type animals transfused with hGPA RBCs in their baseline state of health do not become alloimmunised and at first glance may be assumed to be &#x2018;ignorant&#x2019; of the antigen. However, these animals remain non&#x2010;alloimmunised upon subsequent exposure to hGPA RBCs in the presence of an adjuvant (which are otherwise immunogenic in na&#x00EF;ve animals). This non&#x2010;responsiveness is antigen specific, with animals tolerised to hGPA or other RBCs capable of responding to RBCs expressing 3rd party antigens <link href="#voxs12360-bib-0027 #voxs12360-bib-0029"/>.</p>
<p>These data raise the question of whether human &#x2018;non&#x2010;responder&#x2019; patients may, in at least some instances, be tolerised by RBC antigen exposure. Human studies in patients with sickle cell disease and thalassaemia, correlating a lower age at first RBC exposure with a lower long&#x2010;term alloimmunisation risk <link href="#voxs12360-bib-0030 #voxs12360-bib-0031"/>, would suggest that tolerance may be a possibility. Studies outside of transfusion medicine are evaluating differences in the way the immune system views &#x2018;erythrocyte&#x2010;associated antigens&#x2019; as compared to soluble antigens <link href="#voxs12360-bib-0032 #voxs12360-bib-0033"/>, with a focus on intentional tolerance induction.</p>
</section>
<section xml:id="voxs12360-sec-0004">
<title type="main">Recipient immune system considerations</title>
<p>Most humans transfused with RBCs never form detectable RBC alloantibodies (Fig.&#x00A0;<link href="#voxs12360-fig-0001"/>). As emphasised previously, this is not due to the lack of non&#x2010;self&#x2010;antigens on the RBCs transfused, as essentially every transfusion is associated with the exposure of a recipient to many foreign, non&#x2010;self&#x2010;blood group antigens. However, the number of variables on the donor and recipient sides of the equation&#xA0;in humans make reductionist studies difficult. In addition to multiple RBC antigenic differences between donor and recipient in every transfusion, the ability of a recipient&#x0027;s human leucocyte antigen (HLA) system to process and present a particular antigen must be considered <link href="#voxs12360-bib-0034"/>. It has been proposed that some recipient HLAs (such as HLA&#x2010;DRB1&#x002A;15) may be &#x2018;markers&#x2019; of hyper&#x2010;responder patients <link href="#voxs12360-bib-0035"/>.</p>
<figure xml:id="voxs12360-fig-0001">
<mediaResourceGroup>
<mediaResource alt="image" href="urn:x-wiley:17512816:media:voxs12360:voxs12360-fig-0001"/>
<mediaResource alt="image" href="image_m/voxs12360-fig-0001-m.png" mimeType="image/png" rendition="webHiRes"/>
<mediaResource alt="image" href="image_n/voxs12360-fig-0001.png" mimeType="image/png" rendition="webOriginal"/>
<mediaResource alt="image" href="image_t/voxs12360-fig-0001-t.gif" mimeType="image/gif" rendition="webLoRes"/>
</mediaResourceGroup>
<caption>&#x2018;Responders&#x2019; and &#x2018;non&#x2010;responders&#x2019; to transfused <fc>RBC</fc>s.</caption>
</figure>
<p>To date, most human studies of &#x2018;responder&#x2019; and &#x2018;non&#x2010;responder&#x2019; patients have focused on general descriptions of immune cell subsets. A few studies have elegantly evaluated antigen&#x2010;specific responses in humans <link href="#voxs12360-bib-0024 #voxs12360-bib-0036"/>, although the identification and generation of immunodominant peptides of blood group antigens are not trivial. Other human studies in &#x2018;responder&#x2019; and &#x2018;non&#x2010;responder&#x2019; patients with sickle cell disease have evaluated B&#x2010;cells and T&#x2010;cells. Quantitative differences have been appreciated in some memory CD4&#x002B; T&#x2010;cell populations <link href="#voxs12360-bib-0014"/>, although most differences described have been more qualitative <link href="#voxs12360-bib-0037 #voxs12360-bib-0038"/>. Subtle differences in toll like receptor expression on CD4&#x002B; T&#x2010;cells and other phenotypic differences have been described <link href="#voxs12360-bib-0036"/>, as have differences in T&#x2010;cell polarisation due to alterations in monocyte heme oxygenase <link href="#voxs12360-bib-0039"/>. Recent studies have focused on differences in the status of follicular helper T&#x2010;cell responses in alloimmunised versus non&#x2010;alloimmunised patients <link href="#voxs12360-bib-0040"/>. Other studies have evaluated CD81 and rs660 polymorphisms in Ro52 (also known as TRIM 21) in &#x2018;responder&#x2019; and &#x2018;non&#x2010;responder&#x2019; patients, as well as HLA and other genome wise associations <link href="#voxs12360-bib-0030 #voxs12360-bib-0041 #voxs12360-bib-0042 #voxs12360-bib-0043"/>.</p>
<p>Animal studies allow evaluation of single variables in genetically identical recipients (e.g. situations in which all recipients are known to be able to process and present a particular antigen). Such studies also allow for evaluation of RBC consumption by antigen presenting cells in peripheral blood or lymphoid organs, taking advantage of the ease of labelling murine RBCs with lipophilic dyes (such as those that intercalate into the RBC membrane) or CFSE <link href="#voxs12360-bib-0044 #voxs12360-bib-0045"/>. A subset of splenic CD4&#x002B; dendritic cells, bridging channel 33D1(&#x002B;) dendritic cells, has recently been shown to be critically important not only for consumption of transfused RBCs in a murine model, but also for the downstream generation of alloantibodies against the RBC&#x2010;specific hen egg lysozyme, ovalbumin, human&#xA0;Duffy<sup>b</sup> (HOD) antigen <link href="#voxs12360-bib-0046"/>. Through a series of experiments investigating the engagement of mouse SIRP<i>&#x03B1;</i>, it has been shown that murine splenic dendritic cells survey RBCs for the absence of CD47 <link href="#voxs12360-bib-0047"/>; RBCs lacking CD47 act in part as an immune system adjuvant. Work by Ohyagi <i>et&#x00A0;al</i>. has described the role that type 1 interferons play in phosphatidylserine (PS) expression on RBCs as&#xA0;well as the expression of PS receptors on monocyte&#x2010;derived dendritic cells in inflammatory states <link href="#voxs12360-bib-0045"/>.</p>
<section xml:id="voxs12360-sec-0005">
<title type="main">Recipient inflammation</title>
<p>Studies in murine models have shown the importance of the intersection of innate and adaptive immunity on RBC alloimmunisation. Recipient inflammation with the adjuvants poly (I:C), LPS, CpG or with authentic infections, has been shown to alter the magnitude of the immune response in some RBC models, or to turn what would otherwise be a &#x2018;non&#x2010;responder&#x2019; into a &#x2018;responder&#x2019; in other models <link href="#voxs12360-bib-0019 #voxs12360-bib-0048 #voxs12360-bib-0049 #voxs12360-bib-0050"/>. The timing of the inflammatory stimulus appears quite critical for RBC alloimmunisation, with recent studies suggesting that there is a narrow time window in association with RBC transfusion that inflammation may modulate the recipient&#x0027;s immune response <link href="#voxs12360-bib-0050 #voxs12360-bib-0051"/>.</p>
<p>Human studies have also found an association between inflammation and transfusion&#x2010;associated alloimmunisation <link href="#voxs12360-bib-0052"/>. This inflammation may be acute (e.g. acute chest syndrome and vaso&#x2010;occlusive crises in patients with sickle cell disease) <link href="#voxs12360-bib-0053"/> or more chronic (e.g. associated with chronic autoimmune disorders) <link href="#voxs12360-bib-0054"/>. A recent analysis that assessed comorbidities in &#x2018;responders&#x2019; and &#x2018;non&#x2010;responders&#x2019; using network analysis tools identified acute myocardial infarction, myelodysplastic syndrome (MDS) and peritonitis as being more commonly found in &#x2018;hyper&#x2010;responders&#x2019; with more than 1 RBC alloantibody than in &#x2018;responders&#x2019; with a single antibody <link href="#voxs12360-bib-0055"/>. As has been observed in animal models <link href="#voxs12360-bib-0046 #voxs12360-bib-0056"/>, viral infection or viral&#x2010;like inflammation in humans may enhance alloimmunisation, whereas Gram&#x2010;negative bacterial infection or sepsis may mitigate the likelihood of being alloimmunised <link href="#voxs12360-bib-0055 #voxs12360-bib-0057"/>. Animal studies suggest that endotoxin exposure prior to RBC transfusion alters 33D1(&#x002B;) DCs such that they no longer functionally present antigen to CD4&#x002B; T&#x2010;cells <link href="#voxs12360-bib-0046"/>.</p>
</section>
</section>
<section xml:id="voxs12360-sec-0006">
<title type="main">Prevention of RBC alloimmunisation</title>
<p>At the present, transfusion avoidance is the best way to prevent transfusion&#x2010;associated alloimmunisation. Antigen avoidance, through partial phenotypic&#x002F;genotypic matching, may also be employed for some at risk patient populations requiring RBC transfusions. However, such matching is neither cheap nor simple, and it does not prevent alloimmunisation against all RBC antigens. Cost analysis studies have described the expenses associated annually to prevent alloimmunisation in &#x2018;at risk&#x2019; chronically transfused patients <link href="#voxs12360-bib-0001"/>. Based on these studies, the identification of an immune &#x2018;signature&#x2019; to identify patients at high risk of forming alloantibodies and to take advantage of a precision medicine&#x2010;based approach would likely be cost effective <link href="#voxs12360-bib-0058"/>.</p>
<p>Prophylactic therapeutic treatment(s) to prevent RBC alloimmunisation in a transfusion setting have not extensively been studied beyond the use of RhIg in pregnancy. Observational, retrospective human studies have shown that immunosuppressive therapies such as corticosteroids, given as part of therapy for underlying diseases, may mitigate RBC alloimmunisation <link href="#voxs12360-bib-0059"/>. Although the mechanism(s) of action are not fully known, steroids have been described to alter dendritic cell function <link href="#voxs12360-bib-0060"/>. Patients receiving chemotherapy have also been described to have low rates of alloimmunisation <link href="#voxs12360-bib-0061"/>, with those having haematologic malignancies (that are treated with the most dose intensive chemotherapy) demonstrating lower rates of RBC alloimmunisation than those with solid tumours <link href="#voxs12360-bib-0062"/>. Rituximab and eculizumab have been used to prevent or to treat delayed haemolytic transfusion reactions and hyperhaemolysis in patients with SCD. Studies are needed to investigate the potential role of immunomodulatory therapies prior to RBC exposure in individuals at high risk of RBC alloimmunisation. Ideally these therapies would be targeted; lessons learned from trials of autoimmunity and transplant rejection may be helpful in this regard.</p>
</section>
<section xml:id="voxs12360-sec-0007">
<title type="main">Pregnancy considerations</title>
<p>Although this manuscript has focused on transfusion acquired RBC alloantibodies, antibodies acquired through transfusion can also be significant in pregnancy. Further, antibodies acquired during pregnancy&#x002F;delivery through foetal&#x002F;maternal blood exchange can likewise be significant in transfusion. The only preventive therapy for pregnancy associated alloimmunisation is RhIg, with the mechanism of action remaining under investigation. Some countries prophylactically transfuse women of childbearing age with RBCs lacking the K antigen <link href="#voxs12360-bib-0063"/>, and others phenotypically match RBCs selected for intrauterine transfusion at certain antigens <link href="#voxs12360-bib-0064"/>. The benefit of the former remains under investigation <link href="#voxs12360-bib-0065"/>, and the latter has shown to mitigate the likelihood of future RBC alloantibody formation in women who are already alloimmunised. Additional research is needed to better understand how immunoprophylaxis may prevent RBC alloimmunisation in pregnancy, such that RhIg alternatives may be developed. There also remains a need to develop targeted therapies to prevent existing maternal antibodies from being harmful to developing foetuses.</p>
</section>
<section xml:id="voxs12360-sec-0008">
<title type="main">Summary</title>
<p>RBC alloimmunisation is a common transfusion&#x2010;associated complication. However, it is not the inevitable outcome of a transfusion as most recipients never become alloimmunised. At the present, it remains unclear whether &#x2018;non&#x2010;responders&#x2019; who do not generate RBC alloantibodies are tolerised to all or some of antigens that they have previously been exposed to, or whether their immune systems are simply ignorant of the antigenic exposures. In this regard, understanding non&#x2010;responsiveness may be equally as useful as understanding responsiveness. Continued studies of immune responses to antigens on transfused RBCs, both at the bedside and at the bench, are essential to improving transfusion safety and advancing scientific knowledge.</p>
</section>
<section xml:id="voxs12360-sec-0009">
<title type="main">Conflict of interests</title>
<p>The authors declare no conflict of interests.</p>
</section>
<bibliography cited="yes" style="numbered" xml:id="voxs12360-bibl-0001">
<title type="main">References</title>
<bib xml:id="voxs12360-bib-0001">
<citation type="journal" xml:id="voxs12360-cit-0001"><author><familyName>Kacker</familyName> <givenNames>S</givenNames></author>, <author><familyName>Ness</familyName> <givenNames>PM</givenNames></author>, <author><familyName>Savage</familyName> <givenNames>WJ</givenNames></author>, <i>et&#x00A0;al</i>.: <articleTitle>Cost&#x2010;effectiveness of prospective red blood cell antigen matching to prevent alloimmunization among sickle cell patients</articleTitle>. <journalTitle>Transfusion</journalTitle> <pubYear year="2014">2014</pubYear>; <vol>54</vol>:<pageFirst>86</pageFirst>&#x2013;<pageLast>97</pageLast></citation>
</bib>
<bib xml:id="voxs12360-bib-0002">
<citation type="journal" xml:id="voxs12360-cit-0002"><author><familyName>Hendrickson</familyName> <givenNames>JE</givenNames></author>, <author><familyName>Eisenbarth</familyName> <givenNames>SC</givenNames></author>, <author><familyName>Tormey</familyName> <givenNames>CA</givenNames></author>: <articleTitle>Red blood cell alloimmunization: new findings at the bench and new recommendations for the bedside</articleTitle>. <journalTitle>Curr Opin Hematol</journalTitle> <pubYear year="2016">2016</pubYear>; <vol>23</vol>:<pageFirst>543</pageFirst>&#x2013;<pageLast>549</pageLast></citation>
</bib>
<bib xml:id="voxs12360-bib-0003">
<citation type="other" xml:id="voxs12360-cit-0003"><groupName>US Department of Health and Human Services (FDA)</groupName>: <otherTitle>Fatalities reported to the FDA following blood collection</otherTitle>. <url href="http://www.fda.gov/BiologicsBloodVaccines/SafetyAvailability">http://www.fda.gov/BiologicsBloodVaccines/SafetyAvailability</url> [Last accessed 1 February 2017]</citation>
</bib>
<bib xml:id="voxs12360-bib-0004">
<citation type="journal" xml:id="voxs12360-cit-0004"><author><familyName>Nickel</familyName> <givenNames>RS</givenNames></author>, <author><familyName>Hendrickson</familyName> <givenNames>JE</givenNames></author>, <author><familyName>Fasano</familyName> <givenNames>RM</givenNames></author>, <i>et&#x00A0;al</i>.: <articleTitle>Impact of red blood cell alloimmunization on sickle cell disease mortality: a case series</articleTitle>. <journalTitle>Transfusion</journalTitle> <pubYear year="2016">2016</pubYear>; <vol>56</vol>:<pageFirst>107</pageFirst>&#x2013;<pageLast>114</pageLast></citation>
</bib>
<bib xml:id="voxs12360-bib-0005">
<citation type="journal" xml:id="voxs12360-cit-0005"><author><familyName>Telen</familyName> <givenNames>MJ</givenNames></author>, <author><familyName>Afenyi&#x2010;Annan</familyName> <givenNames>A</givenNames></author>, <author><familyName>Garrett</familyName> <givenNames>ME</givenNames></author>, <i>et&#x00A0;al</i>.: <articleTitle>Alloimmunization in sickle cell disease: changing antibody specificities and association with chronic pain and decreased survival</articleTitle>. <journalTitle>Transfusion</journalTitle> <pubYear year="2015">2015</pubYear>; <vol>55</vol>:<pageFirst>1378</pageFirst>&#x2013;<pageLast>1387</pageLast></citation>
</bib>
<bib xml:id="voxs12360-bib-0006">
<citation type="journal" xml:id="voxs12360-cit-0006"><author><familyName>Tormey</familyName> <givenNames>CA</givenNames></author>, <author><familyName>Fisk</familyName> <givenNames>J</givenNames></author>, <author><familyName>Stack</familyName> <givenNames>G</givenNames></author>: <articleTitle>Red blood cell alloantibody frequency, specificity, and properties in a population of male military veterans</articleTitle>. <journalTitle>Transfusion</journalTitle> <pubYear year="2008">2008</pubYear>; <vol>48</vol>:<pageFirst>2069</pageFirst>&#x2013;<pageLast>2076</pageLast></citation>
</bib>
<bib xml:id="voxs12360-bib-0007">
<citation type="journal" xml:id="voxs12360-cit-0007"><author><familyName>Redman</familyName> <givenNames>M</givenNames></author>, <author><familyName>Regan</familyName> <givenNames>F</givenNames></author>, <author><familyName>Contreras</familyName> <givenNames>M</givenNames></author>: <articleTitle>A prospective study of the incidence of red cell allo&#x2010;immunisation following transfusion</articleTitle>. <journalTitle>Vox Sang</journalTitle> <pubYear year="1996">1996</pubYear>; <vol>71</vol>:<pageFirst>216</pageFirst>&#x2013;<pageLast>220</pageLast></citation>
</bib>
<bib xml:id="voxs12360-bib-0008">
<citation type="journal" xml:id="voxs12360-cit-0008"><author><familyName>Schonewille</familyName> <givenNames>H</givenNames></author>, <author><familyName>Brand</familyName> <givenNames>A</givenNames></author>: <articleTitle>Alloimmunization to red blood cell antigens after universal leucodepletion. A regional multicentre retrospective study</articleTitle>. <journalTitle>Br J Haematol</journalTitle> <pubYear year="2005">2005</pubYear>; <vol>129</vol>:<pageFirst>151</pageFirst>&#x2013;<pageLast>156</pageLast></citation>
</bib>
<bib xml:id="voxs12360-bib-0009">
<citation type="journal" xml:id="voxs12360-cit-0009"><author><familyName>Tormey</familyName> <givenNames>CA</givenNames></author>, <author><familyName>Stack</familyName> <givenNames>G</givenNames></author>: <articleTitle>The persistence and evanescence of blood group alloantibodies in men</articleTitle>. <journalTitle>Transfusion</journalTitle> <pubYear year="2009">2009</pubYear>; <vol>49</vol>:<pageFirst>505</pageFirst>&#x2013;<pageLast>512</pageLast></citation>
</bib>
<bib xml:id="voxs12360-bib-0010">
<citation type="journal" xml:id="voxs12360-cit-0010"><author><familyName>Stack</familyName> <givenNames>G</givenNames></author>, <author><familyName>Tormey</familyName> <givenNames>CA</givenNames></author>: <articleTitle>Detection rate of blood group alloimmunization based on real&#x2010;world testing practices and kinetics of antibody induction and evanescence</articleTitle>. <journalTitle>Transfusion</journalTitle> <pubYear year="2016">2016</pubYear>; <vol>56</vol>:<pageFirst>2662</pageFirst>&#x2013;<pageLast>2667</pageLast></citation>
</bib>
<bib xml:id="voxs12360-bib-0011">
<citation type="journal" xml:id="voxs12360-cit-0011"><author><familyName>Williams</familyName> <givenNames>LA</givenNames> <nameSuffix>3rd</nameSuffix></author>, <author><familyName>Lorenz</familyName> <givenNames>RG</givenNames></author>, <author><familyName>Tahir</familyName> <givenNames>A</givenNames></author>, <i>et&#x00A0;al</i>.: <articleTitle>High percentage of evanescent red cell antibodies in patients with sickle cell disease highlights need for a national antibody database</articleTitle>. <journalTitle>South Med J</journalTitle> <pubYear year="2016">2016</pubYear>; <vol>109</vol>:<pageFirst>588</pageFirst>&#x2013;<pageLast>591</pageLast></citation>
</bib>
<bib xml:id="voxs12360-bib-0012">
<citation type="journal" xml:id="voxs12360-cit-0012"><author><familyName>Hendrickson</familyName> <givenNames>JE</givenNames></author>, <author><familyName>Tormey</familyName> <givenNames>CA</givenNames></author>: <articleTitle>Red blood cell antibodies in hematology&#x002F;oncology patients: interpretation of immunohematologic tests and clinical significance of detected antibodies</articleTitle>. <journalTitle>Hematol Oncol Clin North Am</journalTitle> <pubYear year="2016">2016</pubYear>; <vol>30</vol>:<pageFirst>635</pageFirst>&#x2013;<pageLast>651</pageLast></citation>
</bib>
<bib xml:id="voxs12360-bib-0013">
<citation type="journal" xml:id="voxs12360-cit-0013"><author><familyName>Chou</familyName> <givenNames>ST</givenNames></author>, <author><familyName>Jackson</familyName> <givenNames>T</givenNames></author>, <author><familyName>Vege</familyName> <givenNames>S</givenNames></author>, <i>et&#x00A0;al</i>.: <articleTitle>High prevalence of red blood cell alloimmunization in sickle cell disease despite transfusion from Rh&#x2010;matched minority donors</articleTitle>. <journalTitle>Blood</journalTitle> <pubYear year="2013">2013</pubYear>; <vol>122</vol>:<pageFirst>1062</pageFirst>&#x2013;<pageLast>1071</pageLast></citation>
</bib>
<bib xml:id="voxs12360-bib-0014">
<citation type="journal" xml:id="voxs12360-cit-0014"><author><familyName>Nickel</familyName> <givenNames>RS</givenNames></author>, <author><familyName>Horan</familyName> <givenNames>JT</givenNames></author>, <author><familyName>Fasano</familyName> <givenNames>RM</givenNames></author>, <i>et&#x00A0;al</i>.: <articleTitle>Immunophenotypic parameters and RBC alloimmunization in children with sickle cell disease on chronic transfusion</articleTitle>. <journalTitle>Am J Hematol</journalTitle> <pubYear year="2015">2015</pubYear>; <vol>90</vol>:<pageFirst>1135</pageFirst>&#x2013;<pageLast>1141</pageLast></citation>
</bib>
<bib xml:id="voxs12360-bib-0015">
<citation type="journal" xml:id="voxs12360-cit-0015"><author><familyName>Higgins</familyName> <givenNames>JM</givenNames></author>, <author><familyName>Sloan</familyName> <givenNames>SR</givenNames></author>: <articleTitle>Stochastic modeling of human RBC alloimmunization: evidence for a distinct population of immunologic responders</articleTitle>. <journalTitle>Blood</journalTitle> <pubYear year="2008">2008</pubYear>; <vol>112</vol>:<pageFirst>2546</pageFirst>&#x2013;<pageLast>2553</pageLast></citation>
</bib>
<bib xml:id="voxs12360-bib-0016">
<citation type="journal" xml:id="voxs12360-cit-0016"><author><familyName>Tormey</familyName> <givenNames>CA</givenNames></author>, <author><familyName>Stack</familyName> <givenNames>G</givenNames></author>: <articleTitle>Immunogenicity of blood group antigens: a mathematical model corrected for antibody evanescence with exclusion of naturally occurring and pregnancy&#x2010;related antibodies</articleTitle>. <journalTitle>Blood</journalTitle> <pubYear year="2009">2009</pubYear>; <vol>114</vol>:<pageFirst>4279</pageFirst>&#x2013;<pageLast>4282</pageLast></citation>
</bib>
<bib xml:id="voxs12360-bib-0017">
<citation type="journal" xml:id="voxs12360-cit-0017"><author><familyName>Evers</familyName> <givenNames>D</givenNames></author>, <author><familyName>Middelburg</familyName> <givenNames>RA</givenNames></author>, <author><familyNamePrefix>de</familyNamePrefix> <familyName>Haas</familyName> <givenNames>M</givenNames></author>, <i>et&#x00A0;al</i>.: <articleTitle>Red&#x2010;blood&#x2010;cell alloimmunisation in relation to antigens&#x2019; exposure and their immunogenicity: a cohort study</articleTitle>. <journalTitle>Lancet Haematol</journalTitle> <pubYear year="2016">2016</pubYear>; <vol>3</vol>:<pageFirst>e284</pageFirst>&#x2013;<pageLast>e292</pageLast></citation>
</bib>
<bib xml:id="voxs12360-bib-0018">
<citation type="journal" xml:id="voxs12360-cit-0018"><author><familyName>Stack</familyName> <givenNames>G</givenNames></author>, <author><familyName>Tormey</familyName> <givenNames>CA</givenNames></author>: <articleTitle>Estimating the immunogenicity of blood group antigens: a modified calculation that corrects for transfusion exposures</articleTitle>. <journalTitle>Br J Haematol</journalTitle> <pubYear year="2016">2016</pubYear>; <vol>175</vol>:<pageFirst>154</pageFirst>&#x2013;<pageLast>160</pageLast></citation>
</bib>
<bib xml:id="voxs12360-bib-0019">
<citation type="journal" xml:id="voxs12360-cit-0019"><author><familyName>Hudson</familyName> <givenNames>KE</givenNames></author>, <author><familyName>Lin</familyName> <givenNames>E</givenNames></author>, <author><familyName>Hendrickson</familyName> <givenNames>JE</givenNames></author>, <i>et&#x00A0;al</i>.: <articleTitle>Regulation of primary alloantibody response through antecedent exposure to a microbial T&#x2010;cell epitope</articleTitle>. <journalTitle>Blood</journalTitle> <pubYear year="2010">2010</pubYear>; <vol>115</vol>:<pageFirst>3989</pageFirst>&#x2013;<pageLast>3996</pageLast></citation>
</bib>
<bib xml:id="voxs12360-bib-0020">
<citation type="journal" xml:id="voxs12360-cit-0020"><author><familyName>Glenister</familyName> <givenNames>KM</givenNames></author>, <author><familyName>Sparrow</familyName> <givenNames>RL</givenNames></author>: <articleTitle>Level of platelet&#x2010;derived cytokines in leukoreduced red blood cells is influenced by the processing method and type of leukoreduction filter</articleTitle>. <journalTitle>Transfusion</journalTitle> <pubYear year="2010">2010</pubYear>; <vol>50</vol>:<pageFirst>185</pageFirst>&#x2013;<pageLast>189</pageLast></citation>
</bib>
<bib xml:id="voxs12360-bib-0021">
<citation type="journal" xml:id="voxs12360-cit-0021"><author><familyName>Wagner</familyName> <givenNames>FF</givenNames></author>, <author><familyName>Frohmajer</familyName> <givenNames>A</givenNames></author>, <author><familyName>Ladewig</familyName> <givenNames>B</givenNames></author>, <i>et&#x00A0;al</i>.: <articleTitle>Weak D alleles express distinct phenotypes</articleTitle>. <journalTitle>Blood</journalTitle> <pubYear year="2000">2000</pubYear>; <vol>95</vol>:<pageFirst>2699</pageFirst>&#x2013;<pageLast>2708</pageLast></citation>
</bib>
<bib xml:id="voxs12360-bib-0022">
<citation type="journal" xml:id="voxs12360-cit-0022"><author><familyName>Gu</familyName> <givenNames>J</givenNames></author>, <author><familyName>Sun</familyName> <givenNames>AY</givenNames></author>, <author><familyName>Wang</familyName> <givenNames>XD</givenNames></author>, <i>et&#x00A0;al</i>.: <articleTitle>Analysis of density and epitopes of D antigen on the surface of erythrocytes from DEL phenotypic individuals carrying the RHD1227A allele</articleTitle>. <journalTitle>Blood Transfus</journalTitle> <pubYear year="2014">2014</pubYear>; <vol>12</vol>:<pageFirst>244</pageFirst>&#x2013;<pageLast>249</pageLast></citation>
</bib>
<bib xml:id="voxs12360-bib-0023">
<citation type="journal" xml:id="voxs12360-cit-0023"><author><familyName>Feldmann</familyName> <givenNames>M</givenNames></author>, <author><familyName>Howard</familyName> <givenNames>JG</givenNames></author>, <author><familyName>Desaymard</familyName> <givenNames>C</givenNames></author>: <articleTitle>Role of antigen structure in the discrimination between tolerance and immunity by b cells</articleTitle>. <journalTitle>Transplant Rev</journalTitle> <pubYear year="1975">1975</pubYear>; <vol>23</vol>:<pageFirst>78</pageFirst>&#x2013;<pageLast>97</pageLast></citation>
</bib>
<bib xml:id="voxs12360-bib-0024">
<citation type="journal" xml:id="voxs12360-cit-0024"><author><familyName>Stephen</familyName> <givenNames>J</givenNames></author>, <author><familyName>Cairns</familyName> <givenNames>LS</givenNames></author>, <author><familyName>Pickford</familyName> <givenNames>WJ</givenNames></author>, <i>et&#x00A0;al</i>.: <articleTitle>Identification, immunomodulatory activity, and immunogenicity of the major helper T&#x2010;cell epitope on the K blood group antigen</articleTitle>. <journalTitle>Blood</journalTitle> <pubYear year="2012">2012</pubYear>; <vol>119</vol>:<pageFirst>5563</pageFirst>&#x2013;<pageLast>5574</pageLast></citation>
</bib>
<bib xml:id="voxs12360-bib-0025">
<citation type="journal" xml:id="voxs12360-cit-0025"><author><familyName>Hall</familyName> <givenNames>AM</givenNames></author>, <author><familyName>Cairns</familyName> <givenNames>LS</givenNames></author>, <author><familyName>Altmann</familyName> <givenNames>DM</givenNames></author>, <i>et&#x00A0;al</i>.: <articleTitle>Immune responses and tolerance to the RhD blood group protein in HLA&#x2010;transgenic mice</articleTitle>. <journalTitle>Blood</journalTitle> <pubYear year="2005">2005</pubYear>; <vol>105</vol>:<pageFirst>2175</pageFirst>&#x2013;<pageLast>2179</pageLast></citation>
</bib>
<bib xml:id="voxs12360-bib-0026">
<citation type="journal" xml:id="voxs12360-cit-0026"><author><familyName>Reid</familyName> <givenNames>ME</givenNames></author>, <author><familyName>Mohandas</familyName> <givenNames>N</givenNames></author>: <articleTitle>Red blood cell blood group antigens: structure and function</articleTitle>. <journalTitle>Semin Hematol</journalTitle> <pubYear year="2004">2004</pubYear>; <vol>41</vol>:<pageFirst>93</pageFirst>&#x2013;<pageLast>117</pageLast></citation>
</bib>
<bib xml:id="voxs12360-bib-0027">
<citation type="journal" xml:id="voxs12360-cit-0027"><author><familyName>Arthur</familyName> <givenNames>CM</givenNames></author>, <author><familyName>Patel</familyName> <givenNames>SR</givenNames></author>, <author><familyName>Smith</familyName> <givenNames>NH</givenNames></author>, <i>et&#x00A0;al</i>.: <articleTitle>Antigen density dictates immune responsiveness following red blood cell transfusion</articleTitle>. <journalTitle>J Immunol</journalTitle> <pubYear year="2017">2017</pubYear>; <vol>198</vol>:<pageFirst>2671</pageFirst>&#x2013;<pageLast>2680</pageLast></citation>
</bib>
<bib xml:id="voxs12360-bib-0028">
<citation type="journal" xml:id="voxs12360-cit-0028"><author><familyName>Stowell</familyName> <givenNames>SR</givenNames></author>, <author><familyName>Girard&#x2010;Pierce</familyName> <givenNames>KR</givenNames></author>, <author><familyName>Smith</familyName> <givenNames>NH</givenNames></author>, <i>et&#x00A0;al</i>.: <articleTitle>Transfusion of murine red blood cells expressing the human KEL glycoprotein induces clinically significant alloantibodies</articleTitle>. <journalTitle>Transfusion</journalTitle> <pubYear year="2014">2014</pubYear>; <vol>54</vol>:<pageFirst>179</pageFirst>&#x2013;<pageLast>189</pageLast></citation>
</bib>
<bib xml:id="voxs12360-bib-0029">
<citation type="journal" xml:id="voxs12360-cit-0029"><author><familyName>Smith</familyName> <givenNames>NH</givenNames></author>, <author><familyName>Hod</familyName> <givenNames>EA</givenNames></author>, <author><familyName>Spitalnik</familyName> <givenNames>SL</givenNames></author>, <i>et&#x00A0;al</i>.: <articleTitle>Transfusion in the absence of inflammation induces antigen&#x2010;specific tolerance to murine RBCs</articleTitle>. <journalTitle>Blood</journalTitle> <pubYear year="2012">2012</pubYear>; <vol>119</vol>:<pageFirst>1566</pageFirst>&#x2013;<pageLast>1569</pageLast></citation>
</bib>
<bib xml:id="voxs12360-bib-0030">
<citation type="journal" xml:id="voxs12360-cit-0030"><author><familyName>Tatari&#x2010;Calderone</familyName> <givenNames>Z</givenNames></author>, <author><familyName>Minniti</familyName> <givenNames>CP</givenNames></author>, <author><familyName>Kratovil</familyName> <givenNames>T</givenNames></author>, <i>et&#x00A0;al</i>.: <articleTitle>rs660 polymorphism in Ro52 (SSA1; TRIM21) is a marker for age&#x2010;dependent tolerance induction and efficiency of alloimmunization in sickle cell disease</articleTitle>. <journalTitle>Mol Immunol</journalTitle> <pubYear year="2009">2009</pubYear>; <vol>47</vol>:<pageFirst>64</pageFirst>&#x2013;<pageLast>70</pageLast></citation>
</bib>
<bib xml:id="voxs12360-bib-0031">
<citation type="journal" xml:id="voxs12360-cit-0031"><author><familyName>Vichinsky</familyName> <givenNames>E</givenNames></author>, <author><familyName>Neumayr</familyName> <givenNames>L</givenNames></author>, <author><familyName>Trimble</familyName> <givenNames>S</givenNames></author>, <i>et&#x00A0;al</i>.: <articleTitle>Transfusion complications in thalassemia patients: a report from the centers for disease control and prevention (CME)</articleTitle>. <journalTitle>Transfusion</journalTitle> <pubYear year="2014">2014</pubYear>; <vol>54</vol>:<pageFirst>972</pageFirst>&#x2013;<pageLast>981</pageLast>. quiz 1</citation>
</bib>
<bib xml:id="voxs12360-bib-0032">
<citation type="journal" xml:id="voxs12360-cit-0032"><author><familyName>Cremel</familyName> <givenNames>M</givenNames></author>, <author><familyName>Guerin</familyName> <givenNames>N</givenNames></author>, <author><familyName>Horand</familyName> <givenNames>F</givenNames></author>, <i>et&#x00A0;al</i>.: <articleTitle>Red blood cells as innovative antigen carrier to induce specific immune tolerance</articleTitle>. <journalTitle>Int J Pharm</journalTitle> <pubYear year="2013">2013</pubYear>; <vol>443</vol>:<pageFirst>39</pageFirst>&#x2013;<pageLast>49</pageLast></citation>
</bib>
<bib xml:id="voxs12360-bib-0033">
<citation type="journal" xml:id="voxs12360-cit-0033"><author><familyName>Kontos</familyName> <givenNames>S</givenNames></author>, <author><familyName>Kourtis</familyName> <givenNames>IC</givenNames></author>, <author><familyName>Dane</familyName> <givenNames>KY</givenNames></author>, <i>et&#x00A0;al</i>.: <articleTitle>Engineering antigens for in&#xA0;situ erythrocyte binding induces T&#x2010;cell deletion</articleTitle>. <journalTitle>Proc Natl Acad Sci USA</journalTitle> <pubYear year="2013">2013</pubYear>; <vol>110</vol>:<pageFirst>E60</pageFirst>&#x2013;<pageLast>E68</pageLast></citation>
</bib>
<bib xml:id="voxs12360-bib-0034">
<citation type="journal" xml:id="voxs12360-cit-0034"><author><familyName>Noizat&#x2010;Pirenne</familyName> <givenNames>F</givenNames></author>, <author><familyName>Tournamille</familyName> <givenNames>C</givenNames></author>, <author><familyName>Bierling</familyName> <givenNames>P</givenNames></author>, <i>et&#x00A0;al</i>.: <articleTitle>Relative immunogenicity of Fya and K antigens in a Caucasian population, based on HLA class II restriction analysis</articleTitle>. <journalTitle>Transfusion</journalTitle> <pubYear year="2006">2006</pubYear>; <vol>46</vol>:<pageFirst>1328</pageFirst>&#x2013;<pageLast>1333</pageLast></citation>
</bib>
<bib xml:id="voxs12360-bib-0035">
<citation type="journal" xml:id="voxs12360-cit-0035"><author><familyName>Schonewille</familyName> <givenNames>H</givenNames></author>, <author><familyName>Doxiadis</familyName> <givenNames>II</givenNames></author>, <author><familyName>Levering</familyName> <givenNames>WH</givenNames></author>, <i>et&#x00A0;al</i>.: <articleTitle>HLA&#x2010;DRB1 associations in individuals with single and multiple clinically relevant red blood cell antibodies</articleTitle>. <journalTitle>Transfusion</journalTitle> <pubYear year="2014">2014</pubYear>; <vol>54</vol>:<pageFirst>1971</pageFirst>&#x2013;<pageLast>1980</pageLast></citation>
</bib>
<bib xml:id="voxs12360-bib-0036">
<citation type="journal" xml:id="voxs12360-cit-0036"><author><familyName>Vingert</familyName> <givenNames>B</givenNames></author>, <author><familyName>Tamagne</familyName> <givenNames>M</givenNames></author>, <author><familyName>Habibi</familyName> <givenNames>A</givenNames></author>, <i>et&#x00A0;al</i>.: <articleTitle>Phenotypic differences of CD4(&#x002B;) T cells in response to red blood cell immunization in transfused sickle cell disease patients</articleTitle>. <journalTitle>Eur J Immunol</journalTitle> <pubYear year="2015">2015</pubYear>; <vol>45</vol>:<pageFirst>1868</pageFirst>&#x2013;<pageLast>1879</pageLast></citation>
</bib>
<bib xml:id="voxs12360-bib-0037">
<citation type="journal" xml:id="voxs12360-cit-0037"><author><familyName>Vingert</familyName> <givenNames>B</givenNames></author>, <author><familyName>Tamagne</familyName> <givenNames>M</givenNames></author>, <author><familyName>Desmarets</familyName> <givenNames>M</givenNames></author>, <i>et&#x00A0;al</i>.: <articleTitle>Partial dysfunction of Treg activation in sickle cell disease</articleTitle>. <journalTitle>Am J Hematol</journalTitle> <pubYear year="2014">2014</pubYear>; <vol>89</vol>:<pageFirst>261</pageFirst>&#x2013;<pageLast>266</pageLast></citation>
</bib>
<bib xml:id="voxs12360-bib-0038">
<citation type="journal" xml:id="voxs12360-cit-0038"><author><familyName>Bao</familyName> <givenNames>W</givenNames></author>, <author><familyName>Zhong</familyName> <givenNames>H</givenNames></author>, <author><familyName>Li</familyName> <givenNames>X</givenNames></author>, <i>et&#x00A0;al</i>.: <articleTitle>Immune regulation in chronically transfused allo&#x2010;antibody responder and nonresponder patients with sickle cell disease and beta&#x2010;thalassemia major</articleTitle>. <journalTitle>Am J Hematol</journalTitle> <pubYear year="2011">2011</pubYear>; <vol>86</vol>:<pageFirst>1001</pageFirst>&#x2013;<pageLast>1006</pageLast></citation>
</bib>
<bib xml:id="voxs12360-bib-0039">
<citation type="journal" xml:id="voxs12360-cit-0039"><author><familyName>Zhong</familyName> <givenNames>H</givenNames></author>, <author><familyName>Bao</familyName> <givenNames>W</givenNames></author>, <author><familyName>Friedman</familyName> <givenNames>D</givenNames></author>, <i>et&#x00A0;al</i>.: <articleTitle>Hemin controls T cell polarization in sickle cell alloimmunization</articleTitle>. <journalTitle>J Immunol</journalTitle> <pubYear year="2014">2014</pubYear>; <vol>193</vol>:<pageFirst>102</pageFirst>&#x2013;<pageLast>110</pageLast></citation>
</bib>
<bib xml:id="voxs12360-bib-0040">
<citation type="journal" xml:id="voxs12360-cit-0040"><author><familyName>Yazdanbakhsh</familyName> <givenNames>K</givenNames></author>, <author><familyName>Shaz</familyName> <givenNames>BH</givenNames></author>, <author><familyName>Hillyer</familyName> <givenNames>CD</givenNames></author>: <articleTitle>Immune regulation of sickle cell alloimmunization</articleTitle>. <journalTitle>ISBT Sci Ser</journalTitle> <pubYear year="2017">2017</pubYear>; <vol>12</vol>:<pageFirst>248</pageFirst>&#x2013;<pageLast>253</pageLast></citation>
</bib>
<bib xml:id="voxs12360-bib-0041">
<citation type="journal" xml:id="voxs12360-cit-0041"><author><familyName>Hoppe</familyName> <givenNames>C</givenNames></author>, <author><familyName>Klitz</familyName> <givenNames>W</givenNames></author>, <author><familyName>Vichinsky</familyName> <givenNames>E</givenNames></author>, <i>et&#x00A0;al</i>.: <articleTitle>HLA type and risk of alloimmunization in sickle cell disease</articleTitle>. <journalTitle>Am J Hematol</journalTitle> <pubYear year="2009">2009</pubYear>; <vol>84</vol>:<pageFirst>462</pageFirst>&#x2013;<pageLast>464</pageLast></citation>
</bib>
<bib xml:id="voxs12360-bib-0042">
<citation type="journal" xml:id="voxs12360-cit-0042"><author><familyName>Tatari&#x2010;Calderone</familyName> <givenNames>Z</givenNames></author>, <author><familyName>Tamouza</familyName> <givenNames>R</givenNames></author>, <author><familyName>Le</familyName> <givenNames>BG</givenNames></author>, <i>et&#x00A0;al</i>.: <articleTitle>The association of CD81 polymorphisms with alloimmunization in sickle cell disease</articleTitle>. <journalTitle>Clin Dev Immunol</journalTitle> <pubYear year="2013">2013</pubYear>; <vol>2013</vol>:<pageFirst>937846</pageFirst></citation>
</bib>
<bib xml:id="voxs12360-bib-0043">
<citation type="journal" xml:id="voxs12360-cit-0043"><author><familyName>Hanchard</familyName> <givenNames>NA</givenNames></author>, <author><familyName>Moulds</familyName> <givenNames>JM</givenNames></author>, <author><familyName>Belmont</familyName> <givenNames>JW</givenNames></author>, <i>et&#x00A0;al</i>.: <articleTitle>A Genome&#x2010;Wide Screen for Large&#x2010;Effect Alloimmunization Susceptibility Loci among Red Blood Cell Transfusion Recipients with Sickle Cell Disease</articleTitle>. <journalTitle>Transfus Med Hemother</journalTitle> <pubYear year="2014">2014</pubYear>; <vol>41</vol>:<pageFirst>453</pageFirst>&#x2013;<pageLast>461</pageLast></citation>
</bib>
<bib xml:id="voxs12360-bib-0044">
<citation type="journal" xml:id="voxs12360-cit-0044"><author><familyName>Richards</familyName> <givenNames>AL</givenNames></author>, <author><familyName>Hendrickson</familyName> <givenNames>JE</givenNames></author>, <author><familyName>Zimring</familyName> <givenNames>JC</givenNames></author>, <i>et&#x00A0;al</i>.: <articleTitle>Erythrophagocytosis by plasmacytoid dendritic cells and monocytes is enhanced during inflammation</articleTitle>. <journalTitle>Transfusion</journalTitle> <pubYear year="2016">2016</pubYear>; <vol>56</vol>:<pageFirst>905</pageFirst>&#x2013;<pageLast>916</pageLast></citation>
</bib>
<bib xml:id="voxs12360-bib-0045">
<citation type="journal" xml:id="voxs12360-cit-0045"><author><familyName>Ohyagi</familyName> <givenNames>H</givenNames></author>, <author><familyName>Onai</familyName> <givenNames>N</givenNames></author>, <author><familyName>Sato</familyName> <givenNames>T</givenNames></author>, <i>et&#x00A0;al</i>.: <articleTitle>Monocyte&#x2010;derived dendritic cells perform hemophagocytosis to fine&#x2010;tune excessive immune responses</articleTitle>. <journalTitle>Immunity</journalTitle> <pubYear year="2013">2013</pubYear>; <vol>39</vol>:<pageFirst>584</pageFirst>&#x2013;<pageLast>598</pageLast></citation>
</bib>
<bib xml:id="voxs12360-bib-0046">
<citation type="journal" xml:id="voxs12360-cit-0046"><author><familyName>Calabro</familyName> <givenNames>S</givenNames></author>, <author><familyName>Gallman</familyName> <givenNames>A</givenNames></author>, <author><familyName>Gowthaman</familyName> <givenNames>U</givenNames></author>, <i>et&#x00A0;al</i>.: <articleTitle>Bridging channel dendritic cells induce immunity to transfused red blood cells</articleTitle>. <journalTitle>J Exp Med</journalTitle> 201s; <vol>213</vol>:<pageFirst>887</pageFirst>&#x2013;<pageLast>896</pageLast></citation>
</bib>
<bib xml:id="voxs12360-bib-0047">
<citation type="journal" xml:id="voxs12360-cit-0047"><author><familyName>Yi</familyName> <givenNames>T</givenNames></author>, <author><familyName>Li</familyName> <givenNames>J</givenNames></author>, <author><familyName>Chen</familyName> <givenNames>H</givenNames></author>, <i>et&#x00A0;al</i>.: <articleTitle>Splenic dendritic cells survey red blood cells for missing self&#x2010;CD47 to trigger adaptive immune responses</articleTitle>. <journalTitle>Immunity</journalTitle> <pubYear year="2015">2015</pubYear>; <vol>43</vol>:<pageFirst>764</pageFirst>&#x2013;<pageLast>775</pageLast></citation>
</bib>
<bib xml:id="voxs12360-bib-0048">
<citation type="journal" xml:id="voxs12360-cit-0048"><author><familyName>Bao</familyName> <givenNames>W</givenNames></author>, <author><familyName>Yu</familyName> <givenNames>J</givenNames></author>, <author><familyName>Heck</familyName> <givenNames>S</givenNames></author>, <i>et&#x00A0;al</i>.: <articleTitle>Regulatory T&#x2010;cell status in red cell alloimmunized responder and nonresponder mice</articleTitle>. <journalTitle>Blood</journalTitle> <pubYear year="2009">2009</pubYear>; <vol>113</vol>:<pageFirst>5624</pageFirst>&#x2013;<pageLast>5627</pageLast></citation>
</bib>
<bib xml:id="voxs12360-bib-0049">
<citation type="journal" xml:id="voxs12360-cit-0049"><author><familyName>Hendrickson</familyName> <givenNames>JE</givenNames></author>, <author><familyName>Desmarets</familyName> <givenNames>M</givenNames></author>, <author><familyName>Deshpande</familyName> <givenNames>SS</givenNames></author>, <i>et&#x00A0;al</i>.: <articleTitle>Recipient inflammation affects the frequency and magnitude of immunization to transfused red blood cells</articleTitle>. <journalTitle>Transfusion</journalTitle> <pubYear year="2006">2006</pubYear>; <vol>46</vol>:<pageFirst>1526</pageFirst>&#x2013;<pageLast>1536</pageLast></citation>
</bib>
<bib xml:id="voxs12360-bib-0050">
<citation type="journal" xml:id="voxs12360-cit-0050"><author><familyName>Elayeb</familyName> <givenNames>R</givenNames></author>, <author><familyName>Tamagne</familyName> <givenNames>M</givenNames></author>, <author><familyName>Bierling</familyName> <givenNames>P</givenNames></author>, <i>et&#x00A0;al</i>.: <articleTitle>Red blood cell alloimmunization is influenced by the delay between Toll&#x2010;like receptor agonist injection and transfusion</articleTitle>. <journalTitle>Haematologica</journalTitle> <pubYear year="2016">2016</pubYear>; <vol>101</vol>:<pageFirst>209</pageFirst>&#x2013;<pageLast>218</pageLast></citation>
</bib>
<bib xml:id="voxs12360-bib-0051">
<citation type="journal" xml:id="voxs12360-cit-0051"><author><familyName>Calabro</familyName> <givenNames>S</givenNames></author>, <author><familyName>Gallman</familyName> <givenNames>A</givenNames></author>, <author><familyName>Gowthaman</familyName> <givenNames>U</givenNames></author>, <i>et&#x00A0;al</i>.: <articleTitle>Bridging channel dendritic cells induce immunity to transfused red blood cells</articleTitle>. <journalTitle>J Exp Med</journalTitle> <pubYear year="2016">2016</pubYear>; <vol>213</vol>:<pageFirst>887</pageFirst>&#x2013;<pageLast>896</pageLast></citation>
</bib>
<bib xml:id="voxs12360-bib-0052">
<citation type="journal" xml:id="voxs12360-cit-0052"><author><familyName>Ryder</familyName> <givenNames>AB</givenNames></author>, <author><familyName>Zimring</familyName> <givenNames>JC</givenNames></author>, <author><familyName>Hendrickson</familyName> <givenNames>JE</givenNames></author>: <articleTitle>Factors Influencing RBC Alloimmunization: lessons Learned from Murine Models</articleTitle>. <journalTitle>Transfus Med Hemother</journalTitle> <pubYear year="2014">2014</pubYear>; <vol>41</vol>:<pageFirst>406</pageFirst>&#x2013;<pageLast>419</pageLast></citation>
</bib>
<bib xml:id="voxs12360-bib-0053">
<citation type="journal" xml:id="voxs12360-cit-0053"><author><familyName>Fasano</familyName> <givenNames>RM</givenNames></author>, <author><familyName>Booth</familyName> <givenNames>GS</givenNames></author>, <author><familyName>Miles</familyName> <givenNames>M</givenNames></author>, <i>et&#x00A0;al</i>.: <articleTitle>Red blood cell alloimmunization is influenced by recipient inflammatory state at time of transfusion in patients with sickle cell disease</articleTitle>. <journalTitle>Br J Haematol</journalTitle> <pubYear year="2015">2015</pubYear>; <vol>168</vol>:<pageFirst>291</pageFirst>&#x2013;<pageLast>300</pageLast></citation>
</bib>
<bib xml:id="voxs12360-bib-0054">
<citation type="journal" xml:id="voxs12360-cit-0054"><author><familyName>Ryder</familyName> <givenNames>AB</givenNames></author>, <author><familyName>Hendrickson</familyName> <givenNames>JE</givenNames></author>, <author><familyName>Tormey</familyName> <givenNames>CA</givenNames></author>: <articleTitle>Chronic inflammatory autoimmune disorders are a risk factor for red blood cell alloimmunization</articleTitle>. <journalTitle>Br J Haematol</journalTitle> <pubYear year="2016">2016</pubYear>; <vol>174</vol>:<pageFirst>483</pageFirst>&#x2013;<pageLast>485</pageLast></citation>
</bib>
<bib xml:id="voxs12360-bib-0055">
<citation type="journal" xml:id="voxs12360-cit-0055"><author><familyName>Celli</familyName> <givenNames>R</givenNames></author>, <author><familyName>Schulz</familyName> <givenNames>W</givenNames></author>, <author><familyName>Hendrickson</familyName> <givenNames>JE</givenNames></author>, <i>et&#x00A0;al</i>.: <articleTitle>A novel network analysis tool to identify relationships between disease states and risks for red blood cell alloimmunization</articleTitle>. <journalTitle>Vox Sang</journalTitle> <pubYear year="2017">2017</pubYear>. doi: <accessionId ref="info:doi/10.1111/vox.12515">10.1111&#x002F;vox.12515</accessionId>. [Epub ahead of print]</citation>
</bib>
<bib xml:id="voxs12360-bib-0056">
<citation type="journal" xml:id="voxs12360-cit-0056"><author><familyName>Hendrickson</familyName> <givenNames>J</givenNames></author>, <author><familyName>Roback</familyName> <givenNames>JD</givenNames></author>, <author><familyName>Hillyer</familyName> <givenNames>CD</givenNames></author>, <i>et&#x00A0;al</i>.: <articleTitle>Discrete toll like receptor agonists have differential effects on alloimmunization to red blood cells</articleTitle>. <journalTitle>Transfusion</journalTitle> <pubYear year="2008">2008</pubYear>; <vol>48</vol>:<pageFirst>1869</pageFirst>&#x2013;<pageLast>1877</pageLast></citation>
</bib>
<bib xml:id="voxs12360-bib-0057">
<citation type="journal" xml:id="voxs12360-cit-0057"><author><familyName>Evers</familyName> <givenNames>D</givenNames></author>, <author><familyNamePrefix>van der</familyNamePrefix> <familyName>Bom</familyName> <givenNames>JG</givenNames></author>, <author><familyName>Tijmensen</familyName> <givenNames>J</givenNames></author>, <i>et&#x00A0;al</i>.: <articleTitle>Red cell alloimmunisation in patients with different types of infections</articleTitle>. <journalTitle>Br J Haematol</journalTitle> <pubYear year="2016">2016</pubYear>; <vol>175</vol>:<pageFirst>956</pageFirst>&#x2013;<pageLast>966</pageLast></citation>
</bib>
<bib xml:id="voxs12360-bib-0058">
<citation type="journal" xml:id="voxs12360-cit-0058"><author><familyName>Kacker</familyName> <givenNames>S</givenNames></author>, <author><familyName>Ness</familyName> <givenNames>PM</givenNames></author>, <author><familyName>Savage</familyName> <givenNames>WJ</givenNames></author>, <i>et&#x00A0;al</i>.: <articleTitle>Economic evaluation of a hypothetical screening assay for alloimmunization risk among transfused patients with sickle cell disease</articleTitle>. <journalTitle>Transfusion</journalTitle> <pubYear year="2014">2014</pubYear>; <vol>54</vol>:<pageFirst>2034</pageFirst>&#x2013;<pageLast>2044</pageLast></citation>
</bib>
<bib xml:id="voxs12360-bib-0059">
<citation type="journal" xml:id="voxs12360-cit-0059"><author><familyName>Zalpuri</familyName> <givenNames>S</givenNames></author>, <author><familyName>Evers</familyName> <givenNames>D</givenNames></author>, <author><familyName>Zwaginga</familyName> <givenNames>JJ</givenNames></author>, <i>et&#x00A0;al</i>.: <articleTitle>Immunosuppressants and alloimmunization against red blood cell transfusions</articleTitle>. <journalTitle>Transfusion</journalTitle> <pubYear year="2014">2014</pubYear>; <vol>54</vol>:<pageFirst>1981</pageFirst>&#x2013;<pageLast>1987</pageLast></citation>
</bib>
<bib xml:id="voxs12360-bib-0060">
<citation type="journal" xml:id="voxs12360-cit-0060"><author><familyName>Moser</familyName> <givenNames>M</givenNames></author>, <author><familyName>De Smedt</familyName> <givenNames>T</givenNames></author>, <author><familyName>Sornasse</familyName> <givenNames>T</givenNames></author>, <i>et&#x00A0;al</i>.: <articleTitle>Glucocorticoids down&#x2010;regulate dendritic cell function in&#xA0;vitro and in&#xA0;vivo</articleTitle>. <journalTitle>Eur J Immunol</journalTitle> <pubYear year="1995">1995</pubYear>; <vol>25</vol>:<pageFirst>2818</pageFirst>&#x2013;<pageLast>2824</pageLast></citation>
</bib>
<bib xml:id="voxs12360-bib-0061">
<citation type="journal" xml:id="voxs12360-cit-0061"><author><familyName>Schonewille</familyName> <givenNames>H</givenNames></author>, <author><familyName>Haak</familyName> <givenNames>HL</givenNames></author>, <author><familyNamePrefix>van</familyNamePrefix> <familyName>Zijl</familyName> <givenNames>AM</givenNames></author>: <articleTitle>Alloimmunization after blood transfusion in patients with hematologic and oncologic diseases</articleTitle>. <journalTitle>Transfusion</journalTitle> <pubYear year="1999">1999</pubYear>; <vol>39</vol>:<pageFirst>763</pageFirst>&#x2013;<pageLast>771</pageLast></citation>
</bib>
<bib xml:id="voxs12360-bib-0062">
<citation type="journal" xml:id="voxs12360-cit-0062"><author><familyName>Evers</familyName> <givenNames>D</givenNames></author>, <author><familyName>Zwaginga</familyName> <givenNames>JJ</givenNames></author>, <author><familyName>Tijmensen</familyName> <givenNames>J</givenNames></author>, <i>et&#x00A0;al</i>.: <articleTitle>Treatments for hematologic malignancies in contrast to those for solid cancers are associated with reduced red cell alloimmunization</articleTitle>. <journalTitle>Haematologica</journalTitle> <pubYear year="2017">2017</pubYear>; <vol>102</vol>:<pageFirst>52</pageFirst>&#x2013;<pageLast>59</pageLast></citation>
</bib>
<bib xml:id="voxs12360-bib-0063">
<citation type="journal" xml:id="voxs12360-cit-0063"><author><familyName>Solheim</familyName> <givenNames>BG</givenNames></author>: <articleTitle>Provision of K&#x2010; (KEL1&#x2010;) blood to women not more than 50&#x00A0;years of age</articleTitle>. <journalTitle>Transfusion</journalTitle> <pubYear year="2015">2015</pubYear>; <vol>55</vol>:<pageFirst>468</pageFirst>&#x2013;<pageLast>469</pageLast></citation>
</bib>
<bib xml:id="voxs12360-bib-0064">
<citation type="journal" xml:id="voxs12360-cit-0064"><author><familyName>Schonewille</familyName> <givenNames>H</givenNames></author>, <author><familyName>Prinsen&#x2010;Zander</familyName> <givenNames>KJ</givenNames></author>, <author><familyName>Reijnart</familyName> <givenNames>M</givenNames></author>, <i>et&#x00A0;al</i>.: <articleTitle>Extended matched intrauterine transfusions reduce maternal Duffy, Kidd, and S antibody formation</articleTitle>. <journalTitle>Transfusion</journalTitle> <pubYear year="2015">2015</pubYear>; <vol>55</vol>:<pageFirst>2912</pageFirst>&#x2013;<pageLast>2919</pageLast></citation>
</bib>
<bib xml:id="voxs12360-bib-0065">
<citation type="journal" xml:id="voxs12360-cit-0065"><author><familyName>Delaney</familyName> <givenNames>M</givenNames></author>, <author><familyName>Wikman</familyName> <givenNames>A</givenNames></author>, <author><familyNamePrefix>van de</familyNamePrefix> <familyName>Watering</familyName> <givenNames>L</givenNames></author>, <i>et&#x00A0;al</i>.: <articleTitle>Blood group antigen matching influence on gestational outcomes (AMIGO) study</articleTitle>. <journalTitle>Transfusion</journalTitle> <pubYear year="2017">2017</pubYear>; <vol>57</vol>:<pageFirst>525</pageFirst>&#x2013;<pageLast>532</pageLast></citation>
</bib>
</bibliography>
</body>
</component>
