<?xml version="1.0" encoding="US-ASCII" standalone="yes"?>
<component type="serialArticle" version="2.0" xml:id="voxs12374" xml:lang="en" xmlns="http://www.wiley.com/namespaces/wiley" xmlns:wiley="http://www.wiley.com/namespaces/wiley/wiley">
<header>
<publicationMeta level="product">
<doi origin="wiley" registered="yes">10.1111/(ISSN)1751-2824</doi>
<issn type="print">1751-2816</issn>
<issn type="electronic">1751-2824</issn>
<idGroup>
<id type="product" value="VOXS"/>
</idGroup>
<titleGroup>
<title sort="ISBT SCIENCE SERIES" type="main">ISBT Science Series</title>
<title type="short">VOXS</title>
</titleGroup>
</publicationMeta>
<publicationMeta level="part" position="10"><doi origin="wiley">10.1111/voxs.2018.13.issue-1</doi>
<titleGroup>
<title type="specialIssueTitle">27th Regional Congress of the International Society of Blood Transfusion, Copenhagen, Denmark, June 17&#x2010;21, part II</title>
</titleGroup>
<copyright ownership="thirdParty">Copyright ISBT Science Series &#x00A9; 2018 International Society of Blood Transfusion</copyright><numberingGroup><numbering type="journalVolume" number="13">13</numbering><numbering type="journalIssue">1</numbering></numberingGroup><coverDate startDate="2018-02">February 2018</coverDate>
</publicationMeta>
<publicationMeta level="unit" position="130" status="forIssue" type="reviewArticle">
<doi>10.1111/voxs.12374</doi>
<idGroup>
<id type="unit" value="VOXS12374"/>
</idGroup>
<countGroup>
<count number="7" type="pageTotal"/>
</countGroup>
<titleGroup>
<title type="articleCategory">Congress Review</title>
<title type="tocHeading1">27th Regional Congress of the International Society of Blood Transfusion, Copenhagen, Denmark, June 17&#x2010;21, part II</title>
<title type="tocHeading2">Congress Reviews</title>
</titleGroup>
<copyright ownership="thirdParty">&#x00A9; 2017 International Society of Blood Transfusion</copyright>
<eventGroup>
<event agent="SPS" date="2017-07-20" type="xmlCreated"></event>
</eventGroup>
<numberingGroup><numbering type="pageFirst">80</numbering><numbering type="pageLast">86</numbering></numberingGroup>
<correspondenceTo>
<lineatedText>
<line><i>Correspondence</i>: Dr Ashley Toye, School of Biochemistry, Biomedical Sciences Building, University Walk, University of Bristol, Bristol, UK.</line>
<line>E&#x2010;mail: <email>Ash.M.Toye@bristol.ac.uk</email></line>
</lineatedText>
</correspondenceTo>
<linkGroup>
<link type="toTypesetVersion" href="file:voxs12374.pdf"/>
<link type="toAuthorManuscriptVersion" href="file:voxs12374_am.pdf"/>
</linkGroup>
</publicationMeta>
<contentMeta><countGroup><count type="figureTotal" number="0"/><count type="tableTotal" number="1"/><count type="wordTotal" number="4653"/></countGroup>
<titleGroup>
<title type="main">The challenge of growing enough reticulocytes for transfusion</title>
<title type="shortAuthors">C. E. Severn &#x0026; A. M. Toye</title>
</titleGroup>
<creators>
<creator affiliationRef="#voxs12374-aff-0001 #voxs12374-aff-0002" creatorRole="author" xml:id="voxs12374-cr-0001">
<personName><givenNames>C. E.</givenNames> <familyName>Severn</familyName></personName>
</creator>
<creator affiliationRef="#voxs12374-aff-0001 #voxs12374-aff-0002 #voxs12374-aff-0003" corresponding="yes" creatorRole="author" xml:id="voxs12374-cr-0002">
<idGroup>
<id type="orcid" value="http://orcid.org/0000-0003-4395-9396"/>
</idGroup>
<personName><givenNames>A. M.</givenNames> <familyName>Toye</familyName></personName><contactDetails><email>Ash.M.Toye@bristol.ac.uk</email></contactDetails>
</creator>
</creators>
<affiliationGroup>
<affiliation countryCode="GB" type="organization" xml:id="voxs12374-aff-0001">
<orgDiv>School of Biochemistry</orgDiv> <orgDiv>Biomedical Sciences Building</orgDiv> <orgName>University Walk</orgName> <orgName>University of Bristol</orgName> <address><city>Bristol</city> <country>UK</country></address>
</affiliation>
<affiliation countryCode="GB" type="organization" xml:id="voxs12374-aff-0002">
<orgName>National Institute for Health Research (NIHR) Blood and Transplant Research Unit</orgName> <orgName>University of Bristol</orgName> <address><city>Bristol</city> <country>UK</country></address>
</affiliation>
<affiliation countryCode="GB" type="organization" xml:id="voxs12374-aff-0003">
<orgDiv>Bristol Institute of Transfusion Sciences</orgDiv> <orgName>NHSBT Filton</orgName> <address><city>Bristol</city> <country>UK</country></address>
</affiliation>
</affiliationGroup>
<keywordGroup type="author">
<keyword xml:id="voxs12374-kwd-0001">cellular therapy</keyword>
<keyword xml:id="voxs12374-kwd-0002">hematopoietic stem cell</keyword>
<keyword xml:id="voxs12374-kwd-0003">red cell components</keyword>
<keyword xml:id="voxs12374-kwd-0004">regenerative medicine</keyword>
<keyword xml:id="voxs12374-kwd-0005">erythroid</keyword>
</keywordGroup>
<fundingInfo>
<fundingAgency fundRefName="National Institute for Health Research" funderDoi="10.13039/501100000272">National Institute for Health Research Blood and Transfusion Research Unit</fundingAgency>
</fundingInfo>
<fundingInfo>
<fundingAgency>NHSBT R&#x0026;D</fundingAgency>
</fundingInfo>
<abstractGroup>
<abstract type="main" xml:id="voxs12374-abs-0001" xml:lang="en">
<p>There is considerable research interest in manufacturing blood products for patients using a variety of different cellular sources, including stem cells (embryonic, cord and adult), induced pluripotent stem cells and erythroid cell lines. Red blood cells (RBC) represent a particularly attractive regenerative medicine blood product due to the absence of the nucleus in the final cellular product meaning that they pose a minimal risk in terms of potential for transformation in the recipient, and allogeneic red cell transplants have been given for many years. The number of RBC required in a standard adult therapeutic dose (2 &#x00D7; 10<sup>12</sup>) is intimidating, but encouraging progress has been made in RBC production under good manufacturing practice from adult stem cells. Already, a cultured RBC (cRBC) mini&#x2010;transfusion has been conducted in a single volunteer illustrating that the cultured cells can survive in circulation and exhibit no adverse reaction. We must now demonstrate that cRBC are equivalent to the RBC produced naturally in donors by testing laboratory grown blood in multiple volunteers, with the possibility of showing that these cRBC have prolonged survival due to being freshly made reticulocytes. Work is also required on increasing the yield and scaling up cRBC manufacturing to generate clinical quantities of cRBC in a more efficient and cost&#x2010;effective ways.</p>
</abstract>
</abstractGroup>
</contentMeta>
<noteGroup xml:id="voxs12374-ntgp-0101">
<note numbered="no" xml:id="voxs12374-note-1001">4C&#x2013;S29&#x2013;01</note>
</noteGroup>
</header>
<body sectionsNumbered="no" xml:id="voxs12374-body-0001">
<section xml:id="voxs12374-sec-0001">
<title type="main">Introduction</title>
<p>The manufacture of cultured red blood cells (cRBC) is a goal for blood services and research laboratories around the world in order to secure blood supply and for the provision of the rarer blood types for difficult to transfuse patient groups, such as sickle cell patients who can develop an alloimmune reaction due to multiple transfusions. A culture system that allows the in&#x2010;depth study of human erythropoiesis in health and disease is also important as a powerful research tool. The manufacture of the numbers of cRBC required for an adult therapeutic dose (approximately 2 &#x00D7; 10<sup>12</sup> cells contained in a conventional erythrocyte transfusion) represents a significant scientific and bioengineering challenge. Successful protocols have been developed to produce &#x2018;red cells&#x2019; using either CD34<sup>&#x002B;</sup> haematopoietic stem cells (HSCs) or peripheral blood mononuclear cells (PBMNCs) derived from adult peripheral blood <link href="#voxs12374-bib-0001 #voxs12374-bib-0002 #voxs12374-bib-0003 #voxs12374-bib-0004 #voxs12374-bib-0005 #voxs12374-bib-0006"/>, umbilical cord blood <link href="#voxs12374-bib-0006 #voxs12374-bib-0007 #voxs12374-bib-0008 #voxs12374-bib-0009 #voxs12374-bib-0010"/> and embryonic stem cells <link href="#voxs12374-bib-0011 #voxs12374-bib-0012"/>, although actual yields of reticulocytes and enucleation efficiency vary dramatically depending on starting material (see examples in Table <link href="#voxs12374-tbl-0001"/>). Table <link href="#voxs12374-tbl-0001"/> summarizes some of the key attempts and milestones in the field of human <i>ex vivo</i> erythroid culture. Although outside of the scope of this review, it is important to acknowledge here the considerable work in other species and also cell line work which preceded the human studies and that are still ongoing.</p>
<tabular copyright="John Wiley &#x0026; Sons, Ltd" xml:id="voxs12374-tbl-0001">
<title type="main">Examples of published erythroid cultures systems and with expansion rates and enucleation rates were provided</title>
<table colsep="0" frame="topbot" pgwide="1" rowsep="0">
<tgroup cols="6">
<colspec colname="col1" colnum="1" colsep="0"></colspec>
<colspec colname="col2" colnum="2" colsep="0"></colspec>
<colspec colname="col3" colnum="3" colsep="0"></colspec>
<colspec colname="col4" colnum="4" colsep="0"></colspec>
<colspec colname="col5" colnum="5" colsep="0"></colspec>
<colspec colname="col6" colnum="6" colsep="0"></colspec>
<thead valign="top">
<row rowsep="1">
<entry align="left" colname="col1">Source and culture period</entry>
<entry align="left" colname="col2">General protocol</entry>
<entry align="left" colname="col3">Expansion</entry>
<entry align="left" colname="col4">Enucleation rate</entry>
<entry align="left" colname="col5">Key points</entry>
<entry align="left" colname="col6">References</entry>
</row>
</thead>
<tbody>
<row>
<entry align="left" colname="col1">CB CD34<sup>&#x002B;</sup> 21 days</entry>
<entry align="left" colname="col2">Three stage, serum free</entry>
<entry align="left" colname="col3">2 &#x00D7; 10<sup>5</sup> fold</entry>
<entry align="left" colname="col4">4&#x0025;</entry>
<entry align="left" colname="col5">Low enucleation rate</entry>
<entry align="left" colname="col6">Neildez&#x2010;Nguyen 2002 <link href="#voxs12374-bib-0006"/></entry>
</row>
<row>
<entry align="left" colname="col1">Peripheral blood MNC 13 days</entry>
<entry align="left" colname="col2">HEMA culture</entry>
<entry align="left" colname="col3">1 &#x00D7; 10<sup>3</sup> fold</entry>
<entry align="left" colname="col4">&#x2013;</entry>
<entry align="left" colname="col5"></entry>
<entry align="left" colname="col6">Migliaccio <i>et al</i>. <link href="#voxs12374-bib-0001"/></entry>
</row>
<row>
<entry align="left" colname="col1">Mobilized leukapheresis CD34<sup>&#x002B;</sup> 21 days</entry>
<entry align="left" colname="col2">Three stage with co&#x2010;culture</entry>
<entry align="left" colname="col3">1&#x00B7;22 &#x00D7; 10<sup>5</sup> fold</entry>
<entry align="left" colname="col4">98&#x0025;</entry>
<entry align="left" colname="col5">First co&#x2010;culture with murine stromal cells</entry>
<entry align="left" colname="col6">Giarratana <i>et al</i>. 2005 <link href="#voxs12374-bib-0042"/></entry>
</row>
<row>
<entry align="left" colname="col1">CB MNC, 60 days</entry>
<entry align="left" colname="col2">Two stage, serum free</entry>
<entry align="left" colname="col3">1 &#x00D7; 10<sup>9</sup></entry>
<entry align="left" colname="col4">&#x007E;100&#x0025;</entry>
<entry align="left" colname="col5">Prolonged expansion period</entry>
<entry align="left" colname="col6">Leberbauer <i>et al</i>. 2005 <link href="#voxs12374-bib-0007"/></entry>
</row>
<row>
<entry align="left" colname="col1">CB CD34<sup>&#x002B;</sup> 20 days</entry>
<entry align="left" colname="col2">Four stage</entry>
<entry align="left" colname="col3">7 &#x00D7; 10<sup>6</sup> fold</entry>
<entry align="left" colname="col4">77&#x0025;</entry>
<entry align="left" colname="col5"></entry>
<entry align="left" colname="col6">Miharada <i>et al</i>. 2006 <link href="#voxs12374-bib-0008"/></entry>
</row>
<row>
<entry align="left" colname="col1">CB MNC 21 days</entry>
<entry align="left" colname="col2">Three stage, serum free with co&#x2010;culture</entry>
<entry align="left" colname="col3">8&#x00B7;2 &#x00D7; 10<sup>3</sup> fold</entry>
<entry align="left" colname="col4">47&#x0025;</entry>
<entry align="left" colname="col5">Higher expansion rates when CB feeder cells used not BM feeder cells</entry>
<entry align="left" colname="col6">Baek <i>et al</i>. 2008 <link href="#voxs12374-bib-0009"/></entry>
</row>
<row>
<entry align="left" colname="col1">Peripheral blood MNC</entry>
<entry align="left" colname="col2">Three phase</entry>
<entry align="left" colname="col3">3 &#x00D7; 10<sup>8</sup></entry>
<entry align="left" colname="col4">80&#x2013;90&#x0025;</entry>
<entry align="left" colname="col5">CD34<sup>&#x2212;</sup> population is important for expansion</entry>
<entry align="left" colname="col6">van den Akker 2010 <link href="#voxs12374-bib-0002"/></entry>
</row>
<row>
<entry align="left" colname="col1">CB 33 days</entry>
<entry align="left" colname="col2">Two stage</entry>
<entry align="left" colname="col3">2&#x00B7;3 &#x00D7; 10<sup>8</sup></entry>
<entry align="left" colname="col4">&#x003E;90&#x0025;</entry>
<entry align="left" colname="col5">First demonstration of bioreactor use</entry>
<entry align="left" colname="col6">Timmins <i>et al</i>. 2011 <link href="#voxs12374-bib-0019"/></entry>
</row>
<row>
<entry align="left" colname="col1">Peripheral blood MNC 14 days</entry>
<entry align="left" colname="col2">HEMA culture</entry>
<entry align="left" colname="col3">2&#x00B7;7 &#x00D7; 10<sup>9</sup></entry>
<entry align="left" colname="col4">&#x2013;</entry>
<entry align="left" colname="col5">CFU and flow cytometry analysis</entry>
<entry align="left" colname="col6">Tirelli <i>et al</i>. 2011 <link href="#voxs12374-bib-0003"/></entry>
</row>
<row>
<entry align="left" colname="col1">Peripheral blood CD34</entry>
<entry align="left" colname="col2">Three stage</entry>
<entry align="left" colname="col3">6&#x00B7;15 &#x00D7; 10<sup>4</sup> fold</entry>
<entry align="left" colname="col4">68&#x0025;</entry>
<entry align="left" colname="col5">2&#x00B7;5 ml packed reticulocytes and transfusion of <i>in vitro</i> cultured reticulocytes</entry>
<entry align="left" colname="col6">Giarratana <i>et al</i>. 2011 <link href="#voxs12374-bib-0004"/></entry>
</row>
<row>
<entry align="left" colname="col1">Peripheral blood CD34</entry>
<entry align="left" colname="col2">Three stage</entry>
<entry align="left" colname="col3">&#x003E;10<sup>4</sup> fold</entry>
<entry align="left" colname="col4">55&#x2013;95&#x0025;</entry>
<entry align="left" colname="col5">5 ml packed reticulocytes</entry>
<entry align="left" colname="col6">Griffiths <i>et al</i>. 2012 <link href="#voxs12374-bib-0005"/></entry>
</row>
<row>
<entry align="left" colname="col1">Peripheral blood CD34</entry>
<entry align="left" colname="col2">Three stage</entry>
<entry align="left" colname="col3">&#x003E;10<sup>5</sup> fold</entry>
<entry align="left" colname="col4">63&#x0025;</entry>
<entry align="left" colname="col5">10 ml packed reticulocytes under GMP conditions</entry>
<entry align="left" colname="col6">Kupzig <i>et al</i>. 2017 <link href="#voxs12374-bib-0010"/></entry>
</row>
</tbody>
</tgroup>
</table>
<noteGroup xml:id="voxs12374-ntgp-0001">
<note numbered="no" xml:id="voxs12374-note-0001">
<p>CB, cord blood; MNC, mononuclear cells; HEMA, human erythroid massive amplification; BM, bone marrow.</p>
</note>
</noteGroup>
</tabular>
</section>
<section xml:id="voxs12374-sec-0002">
<title type="main">2D liquid culture methodology</title>
<p>Recapitulation of erythropoiesis <i>ex vivo</i> requires combinations of recombinant cytokines and growth factors in order to first expand haematopoietic stem and progenitor cells (HSPCs) and then to direct lineage specification and ensure full differentiation to the reticulocyte stage. Stromal cell&#x2010;free culture systems (where the cultures expand and differentiate in the absence of stromal cells) have been developed and these tend to vary cytokine, glucocorticoid and growth factor inclusion according to the aim of the study, where focus can be centred upon either synchronous differentiation or maximal final yield of reticulocytes. Over the last 10&#x2013;15 years, multiple laboratories have developed 2D liquid culture systems that reproduce the process and stages of human erythropoiesis. Culture systems can differ in the number of media stages and generally range from 2 to 4 stage systems each with the inclusion or omission of multiple cytokines (Table <link href="#voxs12374-tbl-0001"/>). The general consensus is for the inclusion of a primary stage to favour HSC expansion with stem cell factor (SCF), interleukin&#x2010;3 (IL&#x2010;3) and erythropoietin (EPO), a secondary erythroblast expansion stage which includes SCF, EPO and transferrin, followed by a terminal differentiation stage with EPO and holotransferrin. Some researchers also modify the culture media by including thrombopoietin (TPO), interleukin&#x2010;6 (IL&#x2010;6) and fms&#x2010;like tyrosine kinase 3 (Flt&#x2010;3) in the first stage and may also incorporate glucocorticoids <link href="#voxs12374-bib-0007"/> to increase expansion prior to differentiation. Several agonists are reported that stimulate self&#x2010;renewal of early erythroid progenitors including prolyl hydroxylase inhibitors <link href="#voxs12374-bib-0013"/> and peroxisome proliferator&#x2010;activated receptor alpha (PPAR&#x2010;&#x0251;) <link href="#voxs12374-bib-0014"/> (both alongside glucocorticoid stimulation) and transforming growth factor beta (TGF&#x2010;&#x03B2;) agonists <link href="#voxs12374-bib-0015"/> but as yet these have not been utilized to grow large&#x2010;scale cultures.</p>
<p>Several culture protocols reported to date have successfully generated large numbers of reticulocytes <link href="#voxs12374-bib-0002 #voxs12374-bib-0004 #voxs12374-bib-0005 #voxs12374-bib-0016"/>. These culture systems have also been utilized to improve our understanding of erythropoiesis and the assembly of the specialized RBC membrane in health and disease. Two studies of particular note have succeeded in manufacturing enough reticulocytes to be considered truly a transfusable dose, albeit still a mini&#x2010;transfusion or possibly enough for a paediatric dose. The first study by Giarratana <i>et al</i>. used static culture methods to produce 2&#x00B7;5 ml cRBC from adult CD34<sup>&#x002B;</sup> starting material obtained by leukapheresis from a volunteer treated with granulocyte colony&#x2010;stimulating factor (G&#x2010;CSF) <link href="#voxs12374-bib-0004"/>. This study also incorporated hydrocortisone to presumably induce stress erythropoiesis and maximize expansion. The second study by Griffiths <i>et al</i>. used spinner flasks to generate 5 ml cRBC from normal donor cells harvested from a single donor apheresis cone <link href="#voxs12374-bib-0005"/> but did not include glucocorticoids. In both cases, the final product produced was, unsurprisingly (as the cells are not circulated during culture), reticulocytes not erythrocytes. The cells had a larger mean cell volume (e.g. Griffiths <i>et al</i>. it was 131 fL (normal range for erythrocytes is 80&#x2010;199 fL)), slightly lower deformability, possess residual cellular organelles and have detectable levels of membrane proteins not normally found in circulating erythrocytes (CD36&#x002F;CD71&#x002F;CD98). The proteome of cRBC is similar to RBC but have higher levels of some proteins, consistent with being reticulocytes <link href="#voxs12374-bib-0017"/>. In the body, reticulocytes normally leave the bone marrow and then mature over approximately 48 hrs in the circulation. When injected into a non&#x2010;obese diabetic SCID (NOD&#x002F;SCID) mouse model, the reticulocytes produced using both methods lose reticulocytes characteristics and mature to RBC <link href="#voxs12374-bib-0004 #voxs12374-bib-0010"/>. Importantly, no unexpected differences in antigen expression were observed from the original donor phenotype <link href="#voxs12374-bib-0005"/>. More recently, the Griffiths <i>et al</i>. methodology has been optimized further, producing approximately 10 ml of adult or cord CD34<sup>&#x002B;</sup>&#x2010;derived cRBC <link href="#voxs12374-bib-0004 #voxs12374-bib-0010"/>.</p>
<p>Cord blood represents a more abundant source of haematopoietic progenitors than adult blood <link href="#voxs12374-bib-0018"/>, and the existence of national cord stem cell banks allows access to a starting material that represents a potentially greater diversity of ethnicities than available via the blood donor pool. Timmins <i>et al</i>. extrapolated from the expansion observed in 1L wave bio&#x2010;reactors to propose a theoretical large&#x2010;scale manufacture system for cord blood that could produce 500 units from a single cord blood donation <link href="#voxs12374-bib-0019"/>, but as yet no culture of this scale has been reported. The reticulocytes obtained from cord blood have fetal haemoglobin (HbF) rather than adult globin (HbA). The presence of fetal haemoglobin is not anticipated to be a problem as hereditary persistence of high levels of fetal haemoglobin, where fetal globin production continues into adulthood, is a benign condition. Proteomics studies that compared cord blood to adult stem cell produced reticulocytes, where the cultured cord blood reticulocytes were reassuringly similar, differing only in their globin expression and in proteins involved in gas exchange (aquaporin 1 and carbonic anhydrase 1 and 2) <link href="#voxs12374-bib-0017"/>. This suggests that with respect to the proteome, there is no barrier for their use in transfusion, other than differences in efficiencies of oxygen uptake and release.</p>
<p>Human embryonic stem cells (ESCs) and induced pluripotent stem cells (iPSC) also represent an attractive starting material for blood cell production due to the high proliferative potential of these cells. The caveat with using embryonic cells as a cellular source is that these cells are accompanied with ethical issues and also <i>in vivo</i> generate mostly nucleated erythrocytes while also expressing embryonic globin genes <link href="#voxs12374-bib-0020"/>. IPSC are derived from reprogramming adult somatic cells and so have no accompanying ethical issues when generated from consenting donors, but like cord blood&#x2010;derived cells, these express fetal globins. To date, however, only modest degrees of enucleation and adult haemoglobin expression have been reported for iPSC. A comparison of the proteomes of iPSC erythroblasts differentiated from several sources with erythroblasts generated from adult or cord blood has shown these are highly similar with the expected hallmark contingent of erythroid specific membrane proteins. However, there were some differences in cytoskeletal proteins abundance, which may explain the substantially lower enucleation rates achieved with iPSC <link href="#voxs12374-bib-0021"/>.</p>
</section>
<section xml:id="voxs12374-sec-0003">
<title type="main">Animal and human trials of cultured reticulocytes conducted to date</title>
<p>The initial tests of cultured reticulocytes were conducted using NOD&#x002F;SCID mice model <link href="#voxs12374-bib-0004"/>. The stem cell&#x2010;derived reticulocytes from cord blood have also been evaluated for oxygen delivery to tissues using a SCID exercise model and shown to behave similarly to donor&#x2010;derived RBC <link href="#voxs12374-bib-0022"/>. The challenge however is assessing survival of the reticulocytes in circulation as the cells are recognized as foreign in these mouse models and so are rapidly cleared by resident macrophages, necessitating the use of techniques such as liposome&#x2010;encapsulated clodronate to specifically deplete macrophages. The most recent tests of adult and cord stem cell produced reticulocytes compared to donor&#x2010;derived RBC found that higher levels of cultured reticulocytes were present after 24 h compared to a standard donor RBC sample (82&#x0025; cord and 78&#x0025; adult cRBC remained while standard donor cells declined rapidly to only 49&#x0025;), reflecting the fact that these cells are freshly produced <link href="#voxs12374-bib-0010"/>. Humanized mouse models are available that facilitate the engraftment of multilineage human haematopoietic cells after human HSC transplantation (see review <link href="#voxs12374-bib-0023"/>), which may prove advantageous for testing cultured RBC products in the future.</p>
<p>In the case of the first proof of principle autologous mini&#x2010;transfusion by the Giarratana <i>et al</i>., the cultured adult human reticulocytes were Cr<sup>51</sup>&#x2010;labelled and these were given back to the same volunteer who provided the original mobilized stem cells. The majority of the reticulocytes survived in the circulation after 26 days <link href="#voxs12374-bib-0004"/>. These data provide evidence of the feasibility of deriving functional human red cells for clinical use by laboratory culture but a larger trial involving more volunteers is needed, followed by a dose escalation study. In the United Kingdom, using funding provided by the National Institute of Health to form a Blood and Transplant Research Unit in Red Cell products at the University of Bristol and by the UK blood service (NHS Blood and Transplant), we are working towards a clinical trial of reticulocytes produced from adult and cord stem cells in healthy volunteers. This trial is called RESTORE (REcovery and survival of Stem cell Originated REd cells) and is currently in the preparation stages. It will be an allogeneic test of a mini&#x2010;transfusion of reticulocytes produced from adult stem cells compared to the same donor&#x0027;s natural RBC produced <i>in vivo</i>. It is designed to be allogeneic to also inform a second trial which will test reticulocytes produced from cord blood stem cells which by its nature cannot be autologous. The culture method used to produce reticulocytes for the trial will be based on previously described methods by Griffiths <i>et al</i>. which has been further optimized for producing cells under good manufacturing practice (GMP) <link href="#voxs12374-bib-0005 #voxs12374-bib-0010"/>.</p>
</section>
<section xml:id="voxs12374-sec-0004">
<title type="main">Increasing the yield of reticulocytes to represent more closely an adult therapeutic dose</title>
<p>Despite the successes in recent years for the field of <i>in vitro</i> culture of erythrocytes, the process remains labour intensive and costly. The challenge going forward for cRBC production is that the current culture conditions cause HSCs to be rapidly pushed into erythroid lineage commitment, eventually exhausting the initial stem cell pool and limiting expansion capacity. Furthermore, high&#x2010;density culture is difficult due to the increased likelihood of spontaneous terminal differentiation and so large media volumes are currently required (reviewed extensively in <link href="#voxs12374-bib-0024 #voxs12374-bib-0025"/>). Future work to increase expansion potential thus maximizing yield will be key, alongside reduction in exogenous cytokine inclusion and medium volumes in an attempt to decrease costs and human intervention. Work also needs to be undertaken to determine an actual therapeutic adult dose of reticulocytes as it is possible that we have set the goal of our cell numbers unnecessarily high by seeking to match the cell numbers provided by traditional adult blood donations, as cRBC represent cells of equivalent age rather than a mixture of ages.</p>
<p>In the bone marrow transplantation field, a variety of strategies have been successfully employed to expand HSC numbers <i>in vitro</i> to enhance bone marrow repopulation. To date, HSC expansion has been achieved using the aryl hydrocarbon agonist SR&#x2010;1 <link href="#voxs12374-bib-0026"/>, delta notch ligand <link href="#voxs12374-bib-0027"/>, angiopoietin&#x2010;like 5 and IGFBP2 <link href="#voxs12374-bib-0028"/>, but UM171 <link href="#voxs12374-bib-0029"/>, has been demonstrated to be one of the most potent HSC expansion molecules. These may have some utility in increasing the yield of reticulocytes; however, there is also the possibility that these expansion strategies select and amplify stem cells sufficiently for reinstating haematopoiesis <i>in vivo</i> but not for <i>in vitro</i> blood production.</p>
<p>Another option to achieve this is better recapitulation of the bone marrow structure and microenvironment in an attempt to increase yields and the longevity of erythroid cultures. The bone marrow produces RBC for an entire life time, recapitulating even a proportion of the self&#x2010;renewal potential present in the human bone marrow would greatly increase the potential culture yields <i>ex vivo</i>. For example, this could be achieved by incorporating signals provided by stromal cells such as macrophages <link href="#voxs12374-bib-0030 #voxs12374-bib-0031 #voxs12374-bib-0032"/> and MSC <link href="#voxs12374-bib-0033"/> or by utilizing functionalized surfaces or scaffolds <link href="#voxs12374-bib-0034 #voxs12374-bib-0035"/>.</p>
<p>An alternative strategy is the use of immortalized erythroid progenitor cell lines obtained by cellular transformation. Such lines are theoretically capable of providing an unlimited supply of reticulocytes and require less complicated culture conditions to produce the final product. By immortalizing a late stage cell type, for example, an erythroblast, negates the lengthy differentiation process required for generation of stem cell or iPSC&#x2010;derived reticulocytes. Erythroid lines have to date been generated using erythroid cells differentiated from human&#x2010;induced pluripotent stem cells (HiDEP <link href="#voxs12374-bib-0036"/>), cord blood progenitors (HUDEP <link href="#voxs12374-bib-0036"/>; iE2 <link href="#voxs12374-bib-0037"/>) and embryonic stem cells <link href="#voxs12374-bib-0038"/>. These lines all express fetal or embryonic globin and have terminal differentiation defects. HiDEP and HUDEP were made by inducible expression of the human papilloma virus 16 proteins HPV16&#x2010;E6&#x002F;E7 <link href="#voxs12374-bib-0036"/> and have become a useful research tool. The same immortalization technique has recently been successfully used on adult bone marrow CD34<sup>&#x002B;</sup> cells to produce the Bristol Erythroid Line Adult (BEL&#x2010;A) which are the first human immortalized lines that enucleate (up to 30&#x0025;) generating reticulocytes <link href="#voxs12374-bib-0039"/>. These adult reticulocytes have a proteome similar to <i>in vitro</i> produced reticulocytes and RBC. The challenge now is to increase the enucleation efficiency and also improve the culture conditions so that these cells can be grown at scale.</p>
</section>
<section xml:id="voxs12374-sec-0005">
<title type="main">Cells from donors with attractive RBC phenotypes</title>
<p>There are examples of patients where there is evidence of increased blood production or polycythaemia. Where these patients produce a normal blood phenotype that is utilized for transfusion, it is worth considering these cells as candidates for increasing the yield of manufactured cells unless there is a myeloproliferative risk excluding use for transfusion. Furthermore, large cohorts of normal donors and patients have been sequenced to identify genetic traits, which influence specific blood parameters <link href="#voxs12374-bib-0040 #voxs12374-bib-0041"/>. These traits could subsequently be explored for use in RBC production under the assumption of a normal phenotype and survival in the circulation. With the availability of iPSC and erythroid line technology comes the possibility of either immortalizing donor cells and&#x002F;or using gene editing to combine attractive RBC traits, to generate lines from rare blood group phenotypes to service a larger proportion of the patient&#x0027;s population or that can potentially produce higher numbers of reticulocytes, or both.</p>
</section>
<section xml:id="voxs12374-sec-0006">
<title type="main">Conclusion</title>
<p>We are entering an exciting phase of RBC manufacturing where we will soon observe the efficacy of these cells in volunteers given mini&#x2010;transfusions, which will be the first step towards approval as a cellular therapy for the clinic. The first therapeutic use of a cRBC product will likely be for patients with rare blood group phenotypes where suitable conventional red cell products are difficult to source. Investment will be necessary to scale up the process to an industrial level, coupled with collaborations across research groups employing a wide range of cell biology and bioengineering skills will be required to achieve a considerable increase in yields. Furthermore, the formation of commercial partnerships for the procurement of media and reagents alongside expensive reagents&#x002F;equivalents produced in house would aid in cost reduction. Whether the final product that reaches the clinic is derived by increasing yield from the donor&#x0027;s natural stem cells, or by producing iPSC or erythroid lines, or cells that have been further genetically manipulated will be defined by efficiencies of the scale up and costs for the individual technologies concerned and also the characteristics of the derived final cellular products. Initially, it is easier to envisage first&#x2010;generation blood products cultured <i>ex vivo</i> being generated from adult stem cells or cord blood. However, iPSC and immortalized lines produced under GMP conditions may follow as second&#x2010; or third&#x2010;generation products once technical hurdles are overcome and their safety and efficacy are proven.</p>
</section>
<section xml:id="voxs12374-sec-0007">
<title type="main">Conflict of interest</title>
<p>The authors declare no conflict of interests.</p>
</section>
<section type="acknowledgments" xml:id="voxs12374-sec-0008">
<title type="main">Acknowledgements</title>
<p>CES and AMT wrote the review together, and both authors approved the final submitted version.</p>
<p>CES and the work in AMT&#x0027;s laboratory are funded in part by a National Institute for Health Research Blood and Transfusion Research Unit (NHIR BTRU) in red cell products at the University of Bristol and also NHSBT R&#x0026;D (WT15&#x2010;05). The views expressed are those of the author(s) and not necessarily those of the NHS, the NIHR or the Department of Health.</p>
</section>
<bibliography cited="yes" style="numbered" xml:id="voxs12374-bibl-0001">
<title type="main">References</title>
<bib xml:id="voxs12374-bib-0001">
<citation type="journal" xml:id="voxs12374-cit-0001"><author><familyName>Migliaccio</familyName> <givenNames>G</givenNames></author>, <author><familyName>Di</familyName> <givenNames>Pietro R</givenNames></author>, <author><familyName>di</familyName> <givenNames>Giacomo V</givenNames></author>, <i>et al</i>.: <articleTitle>In vitro mass production of human erythroid cells from the blood of normal donors and of thalassemic patients</articleTitle>. <journalTitle>Blood Cells Mol Dis</journalTitle> <pubYear year="2002">2002</pubYear>; <vol>28</vol>:<pageFirst>169</pageFirst>&#x2013;<pageLast>180</pageLast></citation>
</bib>
<bib xml:id="voxs12374-bib-0002">
<citation type="journal" xml:id="voxs12374-cit-0002"><author>van<familyName>den</familyName> <givenNames>Akker E</givenNames></author>, <author><familyName>Satchwell</familyName> <givenNames>TJ</givenNames></author>, <author><familyName>Pellegrin</familyName> <givenNames>S</givenNames></author>, <i>et al</i>.: <articleTitle>The majority of the in vitro erythroid expansion potential resides in CD34(&#x2212;) cells, outweighing the contribution of CD34(&#x002B;) cells and significantly increasing the erythroblast yield from peripheral blood samples</articleTitle>. <journalTitle>Haematologica</journalTitle> <pubYear year="2010">2010</pubYear>; <vol>95</vol>:<pageFirst>1594</pageFirst>&#x2013;<pageLast>1598</pageLast></citation>
</bib>
<bib xml:id="voxs12374-bib-0003">
<citation type="journal" xml:id="voxs12374-cit-0003"><author><familyName>Tirelli</familyName> <givenNames>V</givenNames></author>, <author><familyName>Ghinassi</familyName> <givenNames>B</givenNames></author>, <author><familyName>Migliaccio</familyName> <givenNames>AR</givenNames></author>, <i>et al</i>.: <articleTitle>Phenotypic definition of the progenitor cells with erythroid differentiation potential present in human adult blood</articleTitle>. <journalTitle>Stem Cells Int</journalTitle> <pubYear year="2011">2011</pubYear>; <vol>2011</vol>:<pageFirst>602483</pageFirst></citation>
</bib>
<bib xml:id="voxs12374-bib-0004">
<citation type="journal" xml:id="voxs12374-cit-0004"><author><familyName>Giarratana</familyName> <givenNames>MC</givenNames></author>, <author><familyName>Rouard</familyName> <givenNames>H</givenNames></author>, <author><familyName>Dumont</familyName> <givenNames>A</givenNames></author>, <i>et al</i>.: <articleTitle>Proof of principle for transfusion of in vitro&#x2010;generated red blood cells</articleTitle>. <journalTitle>Blood</journalTitle> <pubYear year="2011">2011</pubYear>; <vol>118</vol>:<pageFirst>5071</pageFirst>&#x2013;<pageLast>5079</pageLast></citation>
</bib>
<bib xml:id="voxs12374-bib-0005">
<citation type="journal" xml:id="voxs12374-cit-0005"><author><familyName>Griffiths</familyName> <givenNames>RE</givenNames></author>, <author><familyName>Kupzig</familyName> <givenNames>S</givenNames></author>, <author><familyName>Cogan</familyName> <givenNames>N</givenNames></author>, <i>et al</i>.: <articleTitle>Maturing reticulocytes internalize plasma membrane in glycophorin A&#x2010;containing vesicles that fuse with autophagosomes before exocytosis</articleTitle>. <journalTitle>Blood</journalTitle> <pubYear year="2012">2012</pubYear>; <vol>119</vol>:<pageFirst>6296</pageFirst>&#x2013;<pageLast>6306</pageLast></citation>
</bib>
<bib xml:id="voxs12374-bib-0006">
<citation type="journal" xml:id="voxs12374-cit-0006"><author><familyName>Neildez&#x2010;Nguyen</familyName> <givenNames>TM</givenNames></author>, <author><familyName>Wajcman</familyName> <givenNames>H</givenNames></author>, <author><familyName>Marden</familyName> <givenNames>MC</givenNames></author>, <i>et al</i>.: <articleTitle>Human erythroid cells produced ex vivo at large scale differentiate into red blood cells in vivo</articleTitle>. <journalTitle>Nat Biotechnol</journalTitle> <pubYear year="2002">2002</pubYear>; <vol>20</vol>:<pageFirst>467</pageFirst>&#x2013;<pageLast>472</pageLast></citation>
</bib>
<bib xml:id="voxs12374-bib-0007">
<citation type="journal" xml:id="voxs12374-cit-0007"><author><familyName>Leberbauer</familyName> <givenNames>C</givenNames></author>, <author><familyName>Boulme</familyName> <givenNames>F</givenNames></author>, <author><familyName>Unfried</familyName> <givenNames>G</givenNames></author>, <i>et al</i>.: <articleTitle>Different steroids co&#x2010;regulate long&#x2010;term expansion versus terminal differentiation in primary human erythroid progenitors</articleTitle>. <journalTitle>Blood</journalTitle> <pubYear year="2005">2005</pubYear>; <vol>105</vol>:<pageFirst>85</pageFirst>&#x2013;<pageLast>94</pageLast></citation>
</bib>
<bib xml:id="voxs12374-bib-0008">
<citation type="journal" xml:id="voxs12374-cit-0008"><author><familyName>Miharada</familyName> <givenNames>K</givenNames></author>, <author><familyName>Hiroyama</familyName> <givenNames>T</givenNames></author>, <author><familyName>Sudo</familyName> <givenNames>K</givenNames></author>, <i>et al</i>.: <articleTitle>Efficient enucleation of erythroblasts differentiated in vitro from hematopoietic stem and progenitor cells</articleTitle>. <journalTitle>Nat Biotechnol</journalTitle> <pubYear year="2006">2006</pubYear>; <vol>24</vol>:<pageFirst>1255</pageFirst>&#x2013;<pageLast>1256</pageLast></citation>
</bib>
<bib xml:id="voxs12374-bib-0009">
<citation type="journal" xml:id="voxs12374-cit-0009"><author><familyName>Baek</familyName> <givenNames>EJ</givenNames></author>, <author><familyName>Kim</familyName> <givenNames>HS</givenNames></author>, <author><familyName>Kim</familyName> <givenNames>S</givenNames></author>, <i>et al</i>.: <articleTitle>In vitro clinical&#x2010;grade generation of red blood cells from human umbilical cord blood CD34 &#x002B; cells</articleTitle>. <journalTitle>Transfusion</journalTitle> <pubYear year="2008">2008</pubYear>; <vol>48</vol>:<pageFirst>2235</pageFirst>&#x2013;<pageLast>2245</pageLast></citation>
</bib>
<bib xml:id="voxs12374-bib-0010">
<citation type="journal" xml:id="voxs12374-cit-0010"><author><familyName>Kupzig</familyName> <givenNames>S</givenNames></author>, <author><familyName>Parsons</familyName> <givenNames>SF</givenNames></author>, <author><familyName>Curnow</familyName> <givenNames>E</givenNames></author>, <i>et al</i>.: <articleTitle>Superior survival of ex vivo cultured human reticulocytes following transfusion into mice</articleTitle>. <journalTitle>Haematologica</journalTitle> <pubYear year="2017">2017</pubYear>; <vol>102</vol>:<pageFirst>476</pageFirst>&#x2013;<pageLast>483</pageLast></citation>
</bib>
<bib xml:id="voxs12374-bib-0011">
<citation type="journal" xml:id="voxs12374-cit-0011"><author><familyName>Ma</familyName> <givenNames>F</givenNames></author>, <author><familyName>Ebihara</familyName> <givenNames>Y</givenNames></author>, <author><familyName>Umeda</familyName> <givenNames>K</givenNames></author>, <i>et al</i>.: <articleTitle>Generation of functional erythrocytes from human embryonic stem cell&#x2010;derived definitive hematopoiesis</articleTitle>. <journalTitle>Proc Natl Acad Sci USA</journalTitle> <pubYear year="2008">2008</pubYear>; <vol>105</vol>:<pageFirst>13087</pageFirst>&#x2013;<pageLast>13092</pageLast></citation>
</bib>
<bib xml:id="voxs12374-bib-0012">
<citation type="journal" xml:id="voxs12374-cit-0012"><author><familyName>Lu</familyName> <givenNames>SJ</givenNames></author>, <author><familyName>Feng</familyName> <givenNames>Q</givenNames></author>, <author><familyName>Park</familyName> <givenNames>JS</givenNames></author>, <i>et al</i>.: <articleTitle>Biologic properties and enucleation of red blood cells from human embryonic stem cells</articleTitle>. <journalTitle>Blood</journalTitle> <pubYear year="2008">2008</pubYear>; <vol>112</vol>:<pageFirst>4475</pageFirst>&#x2013;<pageLast>4484</pageLast></citation>
</bib>
<bib xml:id="voxs12374-bib-0013">
<citation type="journal" xml:id="voxs12374-cit-0013"><author><familyName>Flygare</familyName> <givenNames>J</givenNames></author>, <author><familyName>Rayon</familyName> <givenNames>Estrada V</givenNames></author>, <author><familyName>Shin</familyName> <givenNames>C</givenNames></author>, <i>et al</i>.: <articleTitle>HIF1alpha synergizes with glucocorticoids to promote BFU&#x2010;E progenitor self&#x2010;renewal</articleTitle>. <journalTitle>Blood</journalTitle> <pubYear year="2011">2011</pubYear>; <vol>117</vol>:<pageFirst>3435</pageFirst>&#x2013;<pageLast>3444</pageLast></citation>
</bib>
<bib xml:id="voxs12374-bib-0014">
<citation type="journal" xml:id="voxs12374-cit-0014"><author><familyName>Lee</familyName> <givenNames>HY</givenNames></author>, <author><familyName>Gao</familyName> <givenNames>X</givenNames></author>, <author><familyName>Barrasa</familyName> <givenNames>MI</givenNames></author>, <i>et al</i>.: <articleTitle>PPAR&#x2010;alpha and glucocorticoid receptor synergize to promote erythroid progenitor self&#x2010;renewal</articleTitle>. <journalTitle>Nature</journalTitle> <pubYear year="2015">2015</pubYear>; <vol>522</vol>:<pageFirst>474</pageFirst>&#x2013;<pageLast>477</pageLast></citation>
</bib>
<bib xml:id="voxs12374-bib-0015">
<citation type="journal" xml:id="voxs12374-cit-0015"><author><familyName>Gao</familyName> <givenNames>X</givenNames></author>, <author><familyName>Lee</familyName> <givenNames>HY</givenNames></author>, <author><familyName>da</familyName> <givenNames>Rocha EL</givenNames></author>, <i>et al</i>.: <articleTitle>TGF&#x2010;beta inhibitors stimulate red blood cell production by enhancing self&#x2010;renewal of BFU&#x2010;E erythroid progenitors</articleTitle>. <journalTitle>Blood</journalTitle> <pubYear year="2016">2016</pubYear>; <vol>128</vol>:<pageFirst>2637</pageFirst>&#x2013;<pageLast>2641</pageLast></citation>
</bib>
<bib xml:id="voxs12374-bib-0016">
<citation type="journal" xml:id="voxs12374-cit-0016"><author><familyName>Migliaccio</familyName> <givenNames>G</givenNames></author>, <author><familyName>Sanchez</familyName> <givenNames>M</givenNames></author>, <author><familyName>Masiello</familyName> <givenNames>F</givenNames></author>, <i>et al</i>.: <articleTitle>Humanized culture medium for clinical expansion of human erythroblasts</articleTitle>. <journalTitle>Cell Transplant</journalTitle> <pubYear year="2010">2010</pubYear>; <vol>19</vol>:<pageFirst>453</pageFirst>&#x2013;<pageLast>469</pageLast></citation>
</bib>
<bib xml:id="voxs12374-bib-0017">
<citation type="journal" xml:id="voxs12374-cit-0017"><author><familyName>Wilson</familyName> <givenNames>MC</givenNames></author>, <author><familyName>Trakarnsanga</familyName> <givenNames>K</givenNames></author>, <author><familyName>Heesom</familyName> <givenNames>KJ</givenNames></author>, <i>et al</i>.: <articleTitle>Comparison of the proteome of adult and cord erythroid cells, and changes in the proteome following reticulocyte maturation</articleTitle>. <journalTitle>Mol Cell Proteomics</journalTitle> <pubYear year="2016">2016</pubYear>; <vol>15</vol>:<pageFirst>1938</pageFirst>&#x2013;<pageLast>1946</pageLast></citation>
</bib>
<bib xml:id="voxs12374-bib-0018">
<citation type="journal" xml:id="voxs12374-cit-0018"><author><familyName>Tanavde</familyName> <givenNames>VM</givenNames></author>, <author><familyName>Malehorn</familyName> <givenNames>MT</givenNames></author>, <author><familyName>Lumkul</familyName> <givenNames>R</givenNames></author>, <i>et al</i>.: <articleTitle>Human stem&#x2010;progenitor cells from neonatal cord blood have greater hematopoietic expansion capacity than those from mobilized adult blood</articleTitle>. <journalTitle>Exp Hematol</journalTitle> <pubYear year="2002">2002</pubYear>; <vol>30</vol>:<pageFirst>816</pageFirst>&#x2013;<pageLast>823</pageLast></citation>
</bib>
<bib xml:id="voxs12374-bib-0019">
<citation type="journal" xml:id="voxs12374-cit-0019"><author><familyName>Timmins</familyName> <givenNames>NE</givenNames></author>, <author><familyName>Athanasas</familyName> <givenNames>S</givenNames></author>, <author><familyName>Gunther</familyName> <givenNames>M</givenNames></author>, <i>et al</i>.: <articleTitle>Ultra&#x2010;high&#x2010;yield manufacture of red blood cells from hematopoietic stem cells</articleTitle>. <journalTitle>Tissue Eng Part C Methods</journalTitle> <pubYear year="2011">2011</pubYear>; <vol>17</vol>:<pageFirst>1131</pageFirst>&#x2013;<pageLast>1137</pageLast></citation>
</bib>
<bib xml:id="voxs12374-bib-0020">
<citation type="journal" xml:id="voxs12374-cit-0020"><author><familyName>Palis</familyName> <givenNames>J</givenNames></author>: <articleTitle>Ontogeny of erythropoiesis</articleTitle>. <journalTitle>Curr Opin Hematol</journalTitle> <pubYear year="2008">2008</pubYear>; <vol>15</vol>:<pageFirst>155</pageFirst>&#x2013;<pageLast>161</pageLast></citation>
</bib>
<bib xml:id="voxs12374-bib-0021">
<citation type="journal" xml:id="voxs12374-cit-0021"><author><familyName>Trakarnsanga</familyName> <givenNames>K</givenNames></author>, <author><familyName>Wilson</familyName> <givenNames>MC</givenNames></author>, <author><familyName>Griffiths</familyName> <givenNames>RE</givenNames></author>, <i>et al</i>.: <articleTitle>Qualitative and quantitative comparison of the proteome of erythroid cells differentiated from human iPSCs and adult erythroid cells by multiplex TMT labelling and nanoLC&#x2010;MS&#x002F;MS</articleTitle>. <journalTitle>PLoS ONE</journalTitle> <pubYear year="2014">2014</pubYear>; <vol>9</vol>:<pageFirst>e100874</pageFirst></citation>
</bib>
<bib xml:id="voxs12374-bib-0022">
<citation type="journal" xml:id="voxs12374-cit-0022"><author><familyName>Shah</familyName> <givenNames>SN</givenNames></author>, <author><familyName>Gelderman</familyName> <givenNames>MP</givenNames></author>, <author><familyName>Lewis</familyName> <givenNames>EM</givenNames></author>, <i>et al</i>.: <articleTitle>Evaluation of stem cell&#x2010;derived red blood cells as a transfusion product using a novel animal model</articleTitle>. <journalTitle>PLoS ONE</journalTitle> <pubYear year="2016">2016</pubYear>; <vol>11</vol>:<pageFirst>e0166657</pageFirst></citation>
</bib>
<bib xml:id="voxs12374-bib-0023">
<citation type="journal" xml:id="voxs12374-cit-0023"><author><familyName>Ito</familyName> <givenNames>R</givenNames></author>, <author><familyName>Takahashi</familyName> <givenNames>T</givenNames></author>, <author><familyName>Katano</familyName> <givenNames>I</givenNames></author>, <i>et al</i>.: <articleTitle>Current advances in humanized mouse models</articleTitle>. <journalTitle>Cell Mol Immunol</journalTitle> <pubYear year="2012">2012</pubYear>; <vol>9</vol>:<pageFirst>208</pageFirst>&#x2013;<pageLast>214</pageLast></citation>
</bib>
<bib xml:id="voxs12374-bib-0024">
<citation type="journal" xml:id="voxs12374-cit-0024"><author><familyName>Zeuner</familyName> <givenNames>A</givenNames></author>, <author><familyName>Martelli</familyName> <givenNames>F</givenNames></author>, <author><familyName>Vaglio</familyName> <givenNames>S</givenNames></author>, <i>et al</i>.: <articleTitle>Concise review: stem cell&#x2010;derived erythrocytes as upcoming players in blood transfusion</articleTitle>. <journalTitle>Stem Cells</journalTitle> <pubYear year="2012">2012</pubYear>; <vol>30</vol>:<pageFirst>1587</pageFirst>&#x2013;<pageLast>1596</pageLast></citation>
</bib>
<bib xml:id="voxs12374-bib-0025">
<citation type="journal" xml:id="voxs12374-cit-0025"><author><familyName>Migliaccio</familyName> <givenNames>AR</givenNames></author>, <author><familyName>Whitsett</familyName> <givenNames>C</givenNames></author>, <author><familyName>Papayannopoulou</familyName> <givenNames>T</givenNames></author>, <i>et al</i>.: <articleTitle>The potential of stem cells as an in vitro source of red blood cells for transfusion</articleTitle>. <journalTitle>Cell Stem Cell</journalTitle> <pubYear year="2012">2012</pubYear>; <vol>10</vol>:<pageFirst>115</pageFirst>&#x2013;<pageLast>119</pageLast></citation>
</bib>
<bib xml:id="voxs12374-bib-0026">
<citation type="journal" xml:id="voxs12374-cit-0026"><author><familyName>Boitano</familyName> <givenNames>AE</givenNames></author>, <author><familyName>Wang</familyName> <givenNames>J</givenNames></author>, <author><familyName>Romeo</familyName> <givenNames>R</givenNames></author>, <i>et al</i>.: <articleTitle>Aryl hydrocarbon receptor antagonists promote the expansion of human hematopoietic stem cells</articleTitle>. <journalTitle>Science</journalTitle> <pubYear year="2010">2010</pubYear>; <vol>329</vol>:<pageFirst>1345</pageFirst>&#x2013;<pageLast>1348</pageLast></citation>
</bib>
<bib xml:id="voxs12374-bib-0027">
<citation type="journal" xml:id="voxs12374-cit-0027"><author><familyName>Delaney</familyName> <givenNames>C</givenNames></author>, <author><familyName>Heimfeld</familyName> <givenNames>S</givenNames></author>, <author><familyName>Brashem&#x2010;Stein</familyName> <givenNames>C</givenNames></author>, <i>et al</i>.: <articleTitle>Notch&#x2010;mediated expansion of human cord blood progenitor cells capable of rapid myeloid reconstitution</articleTitle>. <journalTitle>Nat Med</journalTitle> <pubYear year="2010">2010</pubYear>; <vol>16</vol>:<pageFirst>232</pageFirst>&#x2013;<pageLast>236</pageLast></citation>
</bib>
<bib xml:id="voxs12374-bib-0028">
<citation type="journal" xml:id="voxs12374-cit-0028"><author><familyName>Zhang</familyName> <givenNames>CC</givenNames></author>, <author><familyName>Kaba</familyName> <givenNames>M</givenNames></author>, <author><familyName>Iizuka</familyName> <givenNames>S</givenNames></author>, <i>et al</i>.: <articleTitle>Angiopoietin&#x2010;like 5 and IGFBP2 stimulate ex vivo expansion of human cord blood hematopoietic stem cells as assayed by NOD&#x002F;SCID transplantation</articleTitle>. <journalTitle>Blood</journalTitle> <pubYear year="2008">2008</pubYear>; <vol>111</vol>:<pageFirst>3415</pageFirst>&#x2013;<pageLast>3423</pageLast></citation>
</bib>
<bib xml:id="voxs12374-bib-0029">
<citation type="journal" xml:id="voxs12374-cit-0029"><author><familyName>Fares</familyName> <givenNames>I</givenNames></author>, <author><familyName>Chagraoui</familyName> <givenNames>J</givenNames></author>, <author><familyName>Gareau</familyName> <givenNames>Y</givenNames></author>, <i>et al</i>.: <articleTitle>Cord blood expansion. Pyrimidoindole derivatives are agonists of human hematopoietic stem cell self&#x2010;renewal</articleTitle>, <journalTitle>Science</journalTitle> <pubYear year="2014">2014</pubYear>; <vol>345</vol>:<pageFirst>1509</pageFirst>&#x2013;<pageLast>1512</pageLast></citation>
</bib>
<bib xml:id="voxs12374-bib-0030">
<citation type="journal" xml:id="voxs12374-cit-0030"><author><familyName>Heideveld</familyName> <givenNames>E</givenNames></author>, <author><familyName>Masiello</familyName> <givenNames>F</givenNames></author>, <author><familyName>Marra</familyName> <givenNames>M</givenNames></author>, <i>et al</i>.: <articleTitle>CD14 &#x002B; cells from peripheral blood positively regulate hematopoietic stem and progenitor cell survival resulting in increased erythroid yield</articleTitle>. <journalTitle>Haematologica</journalTitle> <pubYear year="2015">2015</pubYear>; <vol>100</vol>:<pageFirst>1396</pageFirst>&#x2013;<pageLast>1406</pageLast></citation>
</bib>
<bib xml:id="voxs12374-bib-0031">
<citation type="journal" xml:id="voxs12374-cit-0031"><author><familyName>Chow</familyName> <givenNames>A</givenNames></author>, <author><familyName>Huggins</familyName> <givenNames>M</givenNames></author>, <author><familyName>Ahmed</familyName> <givenNames>J</givenNames></author>, <i>et al</i>.: <articleTitle>CD169(&#x002B;) macrophages provide a niche promoting erythropoiesis under homeostasis and stress</articleTitle>. <journalTitle>Nat Med</journalTitle> <pubYear year="2013">2013</pubYear>; <vol>19</vol>:<pageFirst>429</pageFirst>&#x2013;<pageLast>436</pageLast></citation>
</bib>
<bib xml:id="voxs12374-bib-0032">
<citation type="journal" xml:id="voxs12374-cit-0032"><author><familyName>Ramos</familyName> <givenNames>P</givenNames></author>, <author><familyName>Casu</familyName> <givenNames>C</givenNames></author>, <author><familyName>Gardenghi</familyName> <givenNames>S</givenNames></author>, <i>et al</i>.: <articleTitle>Macrophages support pathological erythropoiesis in polycythemia vera and beta&#x2010;thalassemia</articleTitle>. <journalTitle>Nat Med</journalTitle> <pubYear year="2013">2013</pubYear>; <vol>19</vol>:<pageFirst>437</pageFirst>&#x2013;<pageLast>445</pageLast></citation>
</bib>
<bib xml:id="voxs12374-bib-0033">
<citation type="journal" xml:id="voxs12374-cit-0033"><author><familyName>Lau</familyName> <givenNames>SX</givenNames></author>, <author><familyName>Leong</familyName> <givenNames>YY</givenNames></author>, <author><familyName>Ng</familyName> <givenNames>WH</givenNames></author>, <i>et al</i>.: <articleTitle>Human mesenchymal stem cells promote CD34 &#x002B; hematopoietic stem cell proliferation with preserved red blood cell differentiation capacity</articleTitle>. <journalTitle>Cell Biol Int</journalTitle> <pubYear year="2017">2017</pubYear>; <vol>41</vol>:<pageFirst>697</pageFirst>&#x2013;<pageLast>704</pageLast></citation>
</bib>
<bib xml:id="voxs12374-bib-0034">
<citation type="journal" xml:id="voxs12374-cit-0034"><author><familyName>Severn</familyName> <givenNames>CE</givenNames></author>, <author><familyName>Macedo</familyName> <givenNames>H</givenNames></author>, <author><familyName>Eagle</familyName> <givenNames>MJ</givenNames></author>, <i>et al</i>.: <articleTitle>Polyurethane scaffolds seeded with CD34(&#x002B;) cells maintain early stem cells whilst also facilitating prolonged egress of haematopoietic progenitors</articleTitle>. <journalTitle>Sci Rep</journalTitle> <pubYear year="2016">2016</pubYear>; <vol>6</vol>:<pageFirst>32149</pageFirst></citation>
</bib>
<bib xml:id="voxs12374-bib-0035">
<citation type="journal" xml:id="voxs12374-cit-0035"><author><familyName>Raic</familyName> <givenNames>A</givenNames></author>, <author><familyName>Rodling</familyName> <givenNames>L</givenNames></author>, <author><familyName>Kalbacher</familyName> <givenNames>H</givenNames></author>, <i>et al</i>.: <articleTitle>Biomimetic macroporous PEG hydrogels as 3D scaffolds for the multiplication of human hematopoietic stem and progenitor cells</articleTitle>. <journalTitle>Biomaterials</journalTitle> <pubYear year="2014">2014</pubYear>; <vol>35</vol>:<pageFirst>929</pageFirst>&#x2013;<pageLast>940</pageLast></citation>
</bib>
<bib xml:id="voxs12374-bib-0036">
<citation type="journal" xml:id="voxs12374-cit-0036"><author><familyName>Kurita</familyName> <givenNames>R</givenNames></author>, <author><familyName>Suda</familyName> <givenNames>N</givenNames></author>, <author><familyName>Sudo</familyName> <givenNames>K</givenNames></author>, <i>et al</i>.: <articleTitle>Establishment of immortalized human erythroid progenitor cell lines able to produce enucleated red blood cells</articleTitle>. <journalTitle>PLoS ONE</journalTitle> <pubYear year="2013">2013</pubYear>; <vol>8</vol>:<pageFirst>e59890</pageFirst></citation>
</bib>
<bib xml:id="voxs12374-bib-0037">
<citation type="journal" xml:id="voxs12374-cit-0037"><author><familyName>Huang</familyName> <givenNames>X</givenNames></author>, <author><familyName>Shah</familyName> <givenNames>S</givenNames></author>, <author><familyName>Wang</familyName> <givenNames>J</givenNames></author>, <i>et al</i>.: <articleTitle>Extensive ex vivo expansion of functional human erythroid precursors established from umbilical cord blood cells by defined factors</articleTitle>. <journalTitle>Mol Ther</journalTitle> <pubYear year="2014">2014</pubYear>; <vol>22</vol>:<pageFirst>451</pageFirst>&#x2013;<pageLast>463</pageLast></citation>
</bib>
<bib xml:id="voxs12374-bib-0038">
<citation type="journal" xml:id="voxs12374-cit-0038"><author><familyName>Hirose</familyName> <givenNames>S</givenNames></author>, <author><familyName>Takayama</familyName> <givenNames>N</givenNames></author>, <author><familyName>Nakamura</familyName> <givenNames>S</givenNames></author>, <i>et al</i>.: <articleTitle>Immortalization of erythroblasts by c&#x2010;MYC and BCL&#x2010;XL enables large&#x2010;scale erythrocyte production from human pluripotent stem cells</articleTitle>. <journalTitle>Stem Cell Reports</journalTitle> <pubYear year="2013">2013</pubYear>; <vol>1</vol>:<pageFirst>499</pageFirst>&#x2013;<pageLast>508</pageLast></citation>
</bib>
<bib xml:id="voxs12374-bib-0039">
<citation type="journal" xml:id="voxs12374-cit-0039"><author><familyName>Trakarnsanga</familyName> <givenNames>K</givenNames></author>, <author><familyName>Griffiths</familyName> <givenNames>RE</givenNames></author>, <author><familyName>Wilson</familyName> <givenNames>MC</givenNames></author>, <i>et al</i>.: <articleTitle>An immortalized adult human erythroid line facilitates sustainable and scalable generation of functional red cells</articleTitle>. <journalTitle>Nat Commun</journalTitle> <pubYear year="2017">2017</pubYear>; <vol>8</vol>:<pageFirst>14750</pageFirst></citation>
</bib>
<bib xml:id="voxs12374-bib-0040">
<citation type="journal" xml:id="voxs12374-cit-0040"><author><familyName>Astle</familyName> <givenNames>WJ</givenNames></author>, <author><familyName>Elding</familyName> <givenNames>H</givenNames></author>, <author><familyName>Jiang</familyName> <givenNames>T</givenNames></author>, <i>et al</i>.: <articleTitle>The allelic landscape of human blood cell trait variation and links to common complex disease</articleTitle>. <journalTitle>Cell</journalTitle> <pubYear year="2016">2016</pubYear>; <vol>167</vol>:<pageFirst>1415.e19</pageFirst>&#x2013;<pageLast>1429.e19</pageLast></citation>
</bib>
<bib xml:id="voxs12374-bib-0041">
<citation type="journal" xml:id="voxs12374-cit-0041"><author><familyName>Soranzo</familyName> <givenNames>N</givenNames></author>, <author><familyName>Spector</familyName> <givenNames>TD</givenNames></author>, <author><familyName>Mangino</familyName> <givenNames>M</givenNames></author>, <i>et al</i>.: <articleTitle>A genome&#x2010;wide meta&#x2010;analysis identifies 22 loci associated with eight hematological parameters in the HaemGen consortium</articleTitle>. <journalTitle>Nat Genet</journalTitle> <pubYear year="2009">2009</pubYear>; <vol>41</vol>:<pageFirst>1182</pageFirst>&#x2013;<pageLast>1190</pageLast></citation>
</bib>
<bib xml:id="voxs12374-bib-0042">
<citation type="journal" xml:id="voxs12374-cit-0042"><author><familyName>Giarratana</familyName> <givenNames>MC</givenNames></author>, <author><familyName>Kobari</familyName> <givenNames>L</givenNames></author>, <author><familyName>Lapillonne</familyName> <givenNames>H</givenNames></author>, <i>et al</i>.: <articleTitle>Ex vivo generation of fully mature human red blood cells from hematopoietic stem cells</articleTitle>. <journalTitle>Nat Biotechnol</journalTitle> <pubYear year="2005">2005</pubYear>; <vol>23</vol>:<pageFirst>69</pageFirst>&#x2013;<pageLast>74</pageLast></citation>
</bib>
</bibliography>
</body>
</component>
