<?xml version="1.0" encoding="US-ASCII" standalone="yes"?>
<component type="serialArticle" version="2.0" xml:id="voxs12396" xml:lang="en" xmlns="http://www.wiley.com/namespaces/wiley" xmlns:wiley="http://www.wiley.com/namespaces/wiley/wiley">
<header>
<publicationMeta level="product">
<doi origin="wiley" registered="yes">10.1111/(ISSN)1751-2824</doi>
<issn type="print">1751-2816</issn>
<issn type="electronic">1751-2824</issn>
<idGroup>
<id type="product" value="VOXS"/>
</idGroup>
<titleGroup>
<title sort="ISBT SCIENCE SERIES" type="main">ISBT Science Series</title>
<title type="short">VOXS</title>
</titleGroup>
</publicationMeta>
<publicationMeta level="part" position="10"><doi origin="wiley">10.1111/voxs.2018.13.issue-1</doi>
<titleGroup>
<title type="specialIssueTitle">27th Regional Congress of the International Society of Blood Transfusion, Copenhagen, Denmark, June 17&#x2010;21, part II</title>
</titleGroup>
<copyright ownership="thirdParty">Copyright ISBT Science Series &#x00A9; 2018 International Society of Blood Transfusion</copyright><numberingGroup><numbering type="journalVolume" number="13">13</numbering><numbering type="journalIssue">1</numbering></numberingGroup><coverDate startDate="2018-02">February 2018</coverDate>
</publicationMeta>
<publicationMeta level="unit" position="180" status="forIssue" type="reviewArticle">
<doi>10.1111/voxs.12396</doi>
<idGroup>
<id type="unit" value="VOXS12396"/>
</idGroup>
<countGroup>
<count number="8" type="pageTotal"/>
</countGroup>
<titleGroup>
<title type="articleCategory">Congress Review</title>
<title type="tocHeading1">27th Regional Congress of the International Society of Blood Transfusion, Copenhagen, Denmark, June 17&#x2010;21, part II</title>
<title type="tocHeading2">Congress Reviews</title>
</titleGroup>
<copyright ownership="thirdParty">&#x00A9; 2017 International Society of Blood Transfusion</copyright>
<eventGroup>
<event date="2017-07-03" type="manuscriptReceived"></event>
<event date="2017-09-19" type="manuscriptRevised"></event>
<event date="2017-09-21" type="manuscriptAccepted"></event>
<event agent="SPS" date="2017-09-25" type="xmlCreated"></event>
</eventGroup>
<numberingGroup><numbering type="pageFirst">112</numbering><numbering type="pageLast">119</numbering></numberingGroup>
<correspondenceTo>
<lineatedText>
<line><i>Correspondence:</i> Israel Chipare, Namibia Blood Transfusion Service (NAMBTS), Windhoek, Namibia.</line>
<line>E&#x2010;mail: <email>israel@bts.com.na</email></line>
</lineatedText>
</correspondenceTo>
<linkGroup>
<link type="toTypesetVersion" href="file:voxs12396.pdf"/>
<link type="toAuthorManuscriptVersion" href="file:voxs12396_am.pdf"/>
</linkGroup>
</publicationMeta>
<contentMeta><countGroup><count type="figureTotal" number="0"/><count type="tableTotal" number="8"/><count type="wordTotal" number="5711"/></countGroup>
<titleGroup>
<title type="main">The validation and implementation of donor screening for hepatitis B virus, hepatitis C virus, human immunodeficiency virus 1&#x002F;2 and syphilis by ultrio elite assay (Panther system) and chemiluminescence assay (Abbott Architect i2000<fc>SR</fc> system) in Namibia</title>
<title type="shortAuthors">I. Chipare <i>et al</i>.</title>
</titleGroup>
<creators>
<creator affiliationRef="#voxs12396-aff-0001" corresponding="yes" creatorRole="author" xml:id="voxs12396-cr-0001">
<personName><givenNames>I.</givenNames> <familyName>Chipare</familyName></personName>
<contactDetails><email>israel@bts.com.na</email></contactDetails>
</creator>
<creator affiliationRef="#voxs12396-aff-0001" creatorRole="author" xml:id="voxs12396-cr-0002">
<personName><givenNames>H. T.</givenNames> <familyName>Charuma</familyName></personName>
</creator>
<creator affiliationRef="#voxs12396-aff-0001" creatorRole="author" xml:id="voxs12396-cr-0003">
<personName><givenNames>B.</givenNames> <familyName>von Finckenstein</familyName></personName>
</creator>
<creator affiliationRef="#voxs12396-aff-0001" creatorRole="author" xml:id="voxs12396-cr-0004">
<personName><givenNames>C. J.</givenNames> <familyName>Gouws</familyName></personName>
</creator>
</creators>
<affiliationGroup>
<affiliation countryCode="NA" type="organization" xml:id="voxs12396-aff-0001"><orgName>Namibia Blood Transfusion Service (NAMBTS)</orgName> <address><city>Windhoek</city> <country>Namibia</country></address></affiliation>
</affiliationGroup>
<keywordGroup type="author">
<keyword xml:id="voxs12396-kwd-0001"><fc>NAT</fc> testing</keyword>
<keyword xml:id="voxs12396-kwd-0002">transfusion &#x2010; transmissible infections</keyword>
<keyword xml:id="voxs12396-kwd-0003">serological testing</keyword>
</keywordGroup>
<abstractGroup>
<abstract type="main" xml:id="voxs12396-abs-0001" xml:lang="en">
<p>Infectious disease screening of Namibia blood donations for infectious diseases was contracted to the South African National Blood Service (<fc>SANBS</fc>) since 2004 and needed to be relocated back to Namibia. A cost analysis conducted showed that by introducing certain strategies, it was cost&#x2010;effective to implement <fc>ID</fc>&#x2010;<fc>NAT</fc> in Namibia. <fc>NAMBTS</fc> chose Ultrio Elite assay&#x002F;Panther System (Gen&#x2010;Probe and Novartis, <fc>USA</fc>) for <fc>ID</fc>&#x2010;<fc>NAT</fc> for <fc>HIV</fc> 1&#x002F;2 <fc>RNA</fc>,<fc> HBV DNA</fc> and <fc>HCV RNA</fc> and Chemiluminescent immunoassay done on the Architect i2000<fc>SR</fc> system (Abbott, Delkenheim, Germany) for <fc>HIV</fc> 1&#x002F;2 Ag&#x002F;Ab, anti&#x2010;<fc>HCV</fc>,<fc> HB</fc>sAg and Syphilis. For performance evaluation, the Panther System was compared with the Procleix <fc>TIGRIS</fc> system&#x2014;Ultrio Plus assay (Gen&#x2010;Probe and Novartis, <fc>USA</fc>) while the Architect system was compared with the Abbott <fc>PRISM</fc>. The results of this evaluation demonstrated a 100&#x0025; sensitivity and 100&#x0025; specificity of the Ultrio Elite assay while the Architect also demonstrated 100&#x0025; sensitivity and specificity of above 99&#x0025; for detecting viral markers for <fc>HBV</fc>,<fc> HIV</fc> and <fc>HCV</fc>, and 97&#x0025; sensitivity and 99&#x00B7;7&#x0025; specificity for detecting syphilis. We found both the Procleix Panther and Architect systems to be flexible, robust and effective in screening blood for transfusion in our setting. Donor screening for <fc>HIV</fc> 1&#x002F;2, <fc>HBV</fc>,<fc> HCV</fc> and syphilis for <fc>ID</fc>&#x2010;<fc>NAT</fc> and serology using the Procleix Panther and Architect systems was successfully relocated from South Africa and implemented in February 2014 in Namibia.</p>
</abstract>
</abstractGroup>
</contentMeta>
<noteGroup xml:id="voxs12396-ntgp-1001">
<note numbered="no" xml:id="voxs12396-note-1001">5A&#x2013;S34&#x2013;02</note>
</noteGroup>
</header>
<body sectionsNumbered="no" xml:id="voxs12396-body-0001">
<section xml:id="voxs12396-sec-0001">
<title type="main">Introduction</title>
<p>The Blood Transfusion Service of Namibia (NAMBTS) was incorporated in 1963 as a non&#x2010;profit organization and is the only institution licensed by the Government of Namibia to collect, test and distribute blood and blood products to hospitals in the country. NAMBTS operates on a cost recovery basis by billing the recipients of blood whereby the government pays for state patients who consume 83&#x0025; of the blood and health insurance pays for private patients. NAMBTS collects blood from voluntary non&#x2010;remunerated blood donors with a whole blood donation rate of 13&#x00B7;1 per 1000 population, and about 70&#x0025; of all collections are from repeat donors with a donation frequency of 2&#x00B7;1 per year.</p>
<p>Each blood donation collected in Namibia is tested for transfusion&#x2010;transmissible infections (TTI) markers for human immunodeficiency virus type 1 and 2 (HIV 1&#x002F;2), hepatitis B virus (HBV), hepatitis C virus (HCV) and syphilis. In 2004, TTI testing of Namibia blood donations was temporarily contracted to the South African National Blood Service (SANBS) testing laboratories in Johannesburg, South Africa initially for 1 year while the testing laboratories and systems in Namibia were being refurbished. At SANBS, the donations were screened for p24 ELISA assay (Immunogenetics, Gent, Belgium), anti&#x2010;HIV 1&#x002F;2, anti&#x2010;HCV and hepatitis B surface antigen (HBsAg) by chemiluminescent immunoassay (ChLIA) using the Abbott PRISM; (Abbott, Delkenheim, Germany) as well as for syphilis (TPHA) using the Axis&#x2010;Shield assay performed on Beckman Coulter PK7300 (Beckman coulter, USA). Donor specimens were flown to South Africa at the end of each day and delivered before midnight and tested overnight for the results to be emailed by twelve noon the next day. The results were emailed in a text format compatible with our laboratory information system (LIS) and would be imported and transferred to the LIS allowing non&#x2010;reactive donations to be marked for release.</p>
<p>In order to reduce the risk of transfusion&#x2010;related infection, more sensitive NAT could be used to directly detect viral genomes which had already been implemented in the US, Canada, Japan, Australia and a number of European countries, and this represented an important advance in blood safety control <link href="#voxs12396-bib-0001"/>. In response to the escalating threat of the HIV&#x002F;AIDS epidemic to the safety of the blood in South Africa, SANBS introduced individual donation nucleic acid test (ID&#x2010;NAT) screening for HBV, HCV and HIV&#x2010;1 in their two blood testing laboratories in October 2005 <link href="#voxs12396-bib-0002"/>. Studies at that time showed that, in a high&#x2010;prevalence setting, simultaneous screening of donations with ID&#x2010;NAT and serology assays would provide the highest level of safety and would be the most practical approach <link href="#voxs12396-bib-0002"/>, interdicting transfusion&#x2010;transmissible infectious diseases which are likely to be transmitted by blood from donors in the seronegative window period of viral infection. SANBS offered to screen donors from Namibia for ID&#x2010;NAT as well; however, this would increase the cost of screening by 60&#x0025;. Considering the hyper&#x2010;endemicity of HIV and HBV in Namibia at the time which was 16&#x00B7;8&#x0025; for HIV and &#x003E;8&#x0025; for HBV <link href="#voxs12396-bib-0003"/> <link href="#voxs12396-bib-0004"/>, NAMBTS decided to keep TTI testing at SANBS to benefit from the ID&#x2010;NAT screening. Like many small economies, adding NAT to blood screening was not affordable for Namibia, but necessary for established blood safety measures and had to be adopted at all cost <link href="#voxs12396-bib-0005 #voxs12396-bib-0006"/>. Relocating blood screening with ID&#x2010;NAT to Namibia at that time was not cost&#x2010;effective for a small blood service such as Namibia which was collecting a volume of 18 000 blood donations annually.</p>
<p>After the launch of the Procleix Panther system in 2012 which is compact yet delivers high&#x2010;quality, fully automated and integrated blood screening to laboratories of all sizes from community blood centres to consolidated testing facilities around the world <link href="#voxs12396-bib-0007"/>, NAMBTS investigated the possibility of relocating TTI screening including ID&#x2010;NAT to NAMBTS laboratories in Windhoek, by that time blood collections had increased to 24 000 per annum and were projected to increase by 8&#x0025; every year. A cost&#x2010;effective analysis showed that relocating TTI screening both serology and ID&#x2010;NAT would cost 23&#x0025; more. Despite the increase in cost, NAMBTS decided to relocate blood donor screening for HIV1&#x002F;2, HBV, HCV and syphilis to NAMBTS laboratories in Windhoek. To help subsidize the cost of blood screening, surplus plasma would be exported to Natal Bio&#x2010;products Institute (NBI); the fractionator, in South Africa to be fractionated, the revenue generated would contribute 17&#x0025; to total cost of TTI testing and the deficit was going to be addressed through increases in product charges and this was agreed by all stakeholders of our National Blood Programme.</p>
<section xml:id="voxs12396-sec-0002">
<title type="main">Selection of the TTI screening systems</title>
<p>Suppliers of TTI blood screening systems were invited to submit quotations for ID&#x2010;NAT and serology and make presentations of their systems. For ID&#x2010;NAT multiplex blood screening systems for HIV 1&#x002F;2, HBV and HCV, the Procleix Ultrio Elite assay on the Procleix Panther system (Gen&#x2010;Probe, San Diego, CA USA) and the Cobas s201 Taqscreen MPX (Roche Molecular Systems, Pleasanton, CA, USA) were compared while for serology chemiluminescent (ChLIA) immunoassay for HIV 1&#x002F;2, HBsAg, anti&#x2010; HCV and antibodies to <i>Treponema pallidum</i>, the Abbott Architect i2000SR (Abbott, Delkenheim, Germany) and Roche&#x0027;s Cobas e601 were compared. Assay systems were compared based on cost and sustainability, assay type and technology, sensitivity and specificity, ease of use and the size of the instrument versus available laboratory space. The sensitivity of the Ultrio Elite assay which is run on the Panther blood screening system is comparable to the Ultrio Plus assay apart from the addition of oligonucleotides for human immunodeficiency virus type 2 (HIV&#x2010;2) detection <link href="#voxs12396-bib-0008"/> and the Ultrio Plus and the Cobas s201 Taqscreen MPX are reported to be of equal sensitivity <link href="#voxs12396-bib-0009 #voxs12396-bib-0010 #voxs12396-bib-0011 #voxs12396-bib-0012 #voxs12396-bib-0013 #voxs12396-bib-0014"/>, we therefore assumed no significant differences on the performance of the Ultrio Elite and the Cobas s201 Taqscreen MPX. The cost of the Panther system was 0&#x00B7;2&#x0025; higher than that of the Cobas s201 Taqscreen MPX; however, the size of the Cobas s201 Taqscreen MPX was too high to fit into our laboratory space compared to the Panther instruments as we needed two instruments to include a back&#x2010;up. After the assessment of these two NAT platforms, we decided to adopt the Ultrio Elite assay run on the Panther system. On serology screening, the Abbott Architect i2000SR and Cobas e601 were assessed for testing HIV 1&#x002F;2 Ag&#x002F;Ab, HBsAg, anti&#x2010;HCV and antibodies to <i>T. pallidum</i>. Unfortunately, the Cobas e601 did not have an assay for syphilis on its menu at that time, and adding another system for screening syphilis would cost significantly more compared to the Architect i2000SR, and therefore, we decided to adopt the Architect i2000SR. By November 2013, two Procleix Panther systems and Architect i2000SR systems were placed in our testing laboratories in Windhoek and the performance evaluation of these systems was commenced.</p>
</section>
</section>
<section xml:id="voxs12396-sec-0003">
<title type="main">Evaluation methods</title>
<p>The evaluation of specificity and sensitivity comprised parallel testing of samples at NAMBTS and comparing with results obtained from routine testing samples from the same donors performed by SANBS. The Procleix Panther system (Ultrio Elite assay), (Gen&#x2010;Probe, San Diego, CA USA) was compared against the Procleix Tigris system (Ultrio Plus), (Gen&#x2010;Probe, San Diego, CA, USA) as a &#x2018;gold standard&#x2019; or reference assay method. The manufacturer and some studies claim that they have comparable sensitivity levels apart from the addition of oligonucleotides for human immunodeficiency virus type 2 (HIV&#x2010;2) detection on the Ultrio Elite assay <link href="#voxs12396-bib-0008"/>. For virology markers, anti&#x2010;HIV 1&#x002F;2, HBsAg and anti&#x2010; HCV, our Architect i2000SR system (Abbott Diagnostic Division, Abbott Park, USA) was compared against the Abbott PRISM (Abbott, Delkenheim, Germany) as a reference system, both systems use the chemiluminescent (ChLIA) immunoassay, while for syphilis, the Architect (ChLIA syphilis TP) was compared with a TPHA assay performed on the Olympus PK7300 (Olympus America, Center Valley, USA) as a reference system.</p>
<section xml:id="voxs12396-sec-0004">
<title type="main">Evaluation of specificity</title>
<p>A total of 2827 blood donors who donated between 1 and 30 December in Namibia were screened during the evaluation period. Two sets of specimens (2 &#x00D7; 10 ml ethylenediaminetetraacetate (EDTA) for ID&#x2010;NAT and 2 &#x00D7; 6 ml clotted for serology) were collected from each donor who participated. The first set of specimens (one EDTA and one clotted) were screened at NAMBTS by ID&#x2010;NAT for HIV 1&#x002F;2 RNA, HBV DNA and HCV RNA using the Ultrio Elite assay on the Panther system and for HIV Ag&#x002F;Ab, HBsAg, anti&#x2010;HCV and <i>T. pallidum</i> antibodies, using a ChLIA on the Architect systems. While the second set was tested at SANBS by ID&#x2010;NAT (HIV 1 RNA, HBV DNA and HCV RNA) using Ultrio Plus assay on the Procleix TIGRIS system and for anti&#x2010;HIV&#x2010;1&#x002F;2, anti&#x2010;HCV and HBsAg using a ChLIA on the PRISM. Syphilis was screened using a TPHA assay performed on the Olympus PK7300. Samples with an initial reactive (IR) result for ID&#x2010;NAT were retested in duplicate with the Ultrio Plus and Ultrio elite assays as well as with the discriminatory probe assays for HIV&#x2010;1 (HIV 1&#x002F;2 with Ultrio elite), HCV and HBV on both systems. The discriminatory assay is identical to the Ultrio multiplex assay except that the probe is specific for HIV&#x2010;1 RNA (HIV 1&#x002F;2 on the Panther system), HCV RNA or HBV DNA. All samples with an IR result on the PRISM and Architect were also retested in duplicate. If one of the duplicate repeat tests was seropositive with a non&#x2010;reactive ID&#x2010;NAT, then different supplemental test protocols were followed. For HIV, an immunoblot assay (Immunocomb HIV CombFirm II, Orgenics Ltd., Yavne, Israel) was performed for HCV (Monolisa anti&#x2010;HCV Plus, Bio&#x2010;Rad), and a neutralization test was performed for HBsAg (Elecsys, Roche Diagnostics, Pleasanton, CA). All supplementary testing was done at the SANBS Johannesburg laboratory. ChLIA repeat reactive results for syphilis were confirmed using manual TPHA and VDRL test methods. The results were interpreted according to the algorithms in Tables <link href="#voxs12396-tbl-0001"/> and <link href="#voxs12396-tbl-0002"/>.</p>
<tabular copyright="John Wiley &#x0026; Sons, Ltd" xml:id="voxs12396-tbl-0001">
<title type="main">Virology algorithms</title>
<table colsep="0" frame="topbot" pgwide="1" rowsep="0">
<tgroup cols="8">
<colspec colname="col1" colnum="1" colsep="0"/>
<colspec colname="col2" colnum="2" colsep="0"/>
<colspec colname="col3" colnum="3" colsep="0"/>
<colspec colname="col4" colnum="4" colsep="0"/>
<colspec colname="col5" colnum="5" colsep="0"/>
<colspec colname="col6" colnum="6" colsep="0"/>
<colspec colname="col7" colnum="7" colsep="0"/>
<colspec colname="col8" colnum="8" colsep="0"/>
<thead valign="bottom">
<row rowsep="1">
<entry align="left" colname="col1">Ultrio Elite initial</entry>
<entry align="left" colname="col2">Ultrio Elite repeat 1</entry>
<entry align="left" colname="col3">Ultrio Elite repeat 2</entry>
<entry align="left" colname="col4">dHXV</entry>
<entry align="left" colname="col5">Serology initial</entry>
<entry align="left" colname="col6">Serology repeat 1</entry>
<entry align="left" colname="col7">Serology repeat 2</entry>
<entry align="left" colname="col8">Outcome</entry>
</row>
</thead>
<tbody>
<row>
<entry align="left" colname="col1">R</entry>
<entry align="left" colname="col2">R</entry>
<entry align="left" colname="col3">R&#x002F;NR</entry>
<entry align="left" colname="col4">R</entry>
<entry align="left" colname="col5">R</entry>
<entry align="left" colname="col6">R</entry>
<entry align="left" colname="col7">R&#x002F;NR</entry>
<entry align="left" colname="col8">Infected</entry>
</row>
<row>
<entry align="left" colname="col1">R</entry>
<entry align="left" colname="col2">R</entry>
<entry align="left" colname="col3">R&#x002F;NR</entry>
<entry align="left" colname="col4">R</entry>
<entry align="left" colname="col5">NR</entry>
<entry align="left" colname="col6">n&#x002F;a</entry>
<entry align="left" colname="col7">n&#x002F;a</entry>
<entry align="left" colname="col8">NAT Yield</entry>
</row>
<row>
<entry align="left" colname="col1">R</entry>
<entry align="left" colname="col2">R</entry>
<entry align="left" colname="col3">R&#x002F;NR</entry>
<entry align="left" colname="col4">NR</entry>
<entry align="left" colname="col5">NR</entry>
<entry align="left" colname="col6">n&#x002F;a</entry>
<entry align="left" colname="col7">n&#x002F;a</entry>
<entry align="left" colname="col8">Un&#x2010;typed NAT Yield<link href="#voxs12396-note-0002"/></entry>
</row>
<row>
<entry align="left" colname="col1">NR</entry>
<entry align="left" colname="col2">n&#x002F;a</entry>
<entry align="left" colname="col3">n&#x002F;a</entry>
<entry align="left" colname="col4">n&#x002F;a</entry>
<entry align="left" colname="col5">R</entry>
<entry align="left" colname="col6">R</entry>
<entry align="left" colname="col7">R&#x002F;NR</entry>
<entry align="left" colname="col8">Possible Serology Yield<link href="#voxs12396-note-0002"/></entry>
</row>
<row>
<entry align="left" colname="col1">R</entry>
<entry align="left" colname="col2">NR</entry>
<entry align="left" colname="col3">NR</entry>
<entry align="left" colname="col4">NR</entry>
<entry align="left" colname="col5">NR</entry>
<entry align="left" colname="col6">n&#x002F;a</entry>
<entry align="left" colname="col7">n&#x002F;a</entry>
<entry align="left" colname="col8">Non&#x2010;infected</entry>
</row>
<row>
<entry align="left" colname="col1">NR</entry>
<entry align="left" colname="col2">n&#x002F;a</entry>
<entry align="left" colname="col3">n&#x002F;a</entry>
<entry align="left" colname="col4">n&#x002F;a</entry>
<entry align="left" colname="col5">R</entry>
<entry align="left" colname="col6">NR</entry>
<entry align="left" colname="col7">NR</entry>
<entry align="left" colname="col8">Non&#x2010;infected</entry>
</row>
<row>
<entry align="left" colname="col1">NR</entry>
<entry align="left" colname="col2">n&#x002F;a</entry>
<entry align="left" colname="col3">n&#x002F;a</entry>
<entry align="left" colname="col4">n&#x002F;a</entry>
<entry align="left" colname="col5">NR</entry>
<entry align="left" colname="col6">n&#x002F;a</entry>
<entry align="left" colname="col7">n&#x002F;a</entry>
<entry align="left" colname="col8">Non&#x2010;infected</entry>
</row>
</tbody>
</tgroup>
</table>
<noteGroup xml:id="voxs12396-ntgp-0001">
<note numbered="no" xml:id="voxs12396-note-0001">
<p>R, reactive; NR, non&#x2010;reactive; dHXV, discriminatory assay.</p>
</note>
<note xml:id="voxs12396-note-0002">
<p>Supplementary testing performed.</p>
</note>
</noteGroup>
</tabular>
<tabular copyright="John Wiley &#x0026; Sons, Ltd" xml:id="voxs12396-tbl-0002">
<title type="main">Syphilis algorithm</title>
<table colsep="0" frame="topbot" pgwide="1" rowsep="0">
<tgroup cols="6">
<colspec colname="col1" colnum="1" colsep="0"/>
<colspec colname="col2" colnum="2" colsep="0"/>
<colspec colname="col3" colnum="3" colsep="0"/>
<colspec colname="col4" colnum="4" colsep="0"/>
<colspec colname="col5" colnum="5" colsep="0"/>
<colspec colname="col6" colnum="6" colsep="0"/>
<thead valign="bottom">
<row rowsep="1">
<entry align="left" colname="col1">Initial ChLIA</entry>
<entry align="left" colname="col2">ChLIA repeat 1</entry>
<entry align="left" colname="col3">ChLIA repeat 2</entry>
<entry align="left" colname="col4">TPHA</entry>
<entry align="left" colname="col5">VDRL</entry>
<entry align="left" colname="col6">Outcome</entry>
</row>
</thead>
<tbody>
<row>
<entry align="left" colname="col1">R</entry>
<entry align="left" colname="col2">R</entry>
<entry align="left" colname="col3">R&#x002F;NR</entry>
<entry align="left" colname="col4">R</entry>
<entry align="left" colname="col5">R</entry>
<entry align="left" colname="col6">Infected</entry>
</row>
<row>
<entry align="left" colname="col1">R</entry>
<entry align="left" colname="col2">R</entry>
<entry align="left" colname="col3">R&#x002F;NR</entry>
<entry align="left" colname="col4">R</entry>
<entry align="left" colname="col5">NR</entry>
<entry align="left" colname="col6">Infected</entry>
</row>
<row>
<entry align="left" colname="col1">R</entry>
<entry align="left" colname="col2">R</entry>
<entry align="left" colname="col3">R&#x002F;NR</entry>
<entry align="left" colname="col4">NR</entry>
<entry align="left" colname="col5">R</entry>
<entry align="left" colname="col6">Infected</entry>
</row>
<row>
<entry align="left" colname="col1">R</entry>
<entry align="left" colname="col2">R</entry>
<entry align="left" colname="col3">R&#x002F;NR</entry>
<entry align="left" colname="col4">NR</entry>
<entry align="left" colname="col5">NR</entry>
<entry align="left" colname="col6">Non&#x2010;infected</entry>
</row>
<row>
<entry align="left" colname="col1">R</entry>
<entry align="left" colname="col2">NR</entry>
<entry align="left" colname="col3">NR</entry>
<entry align="left" colname="col4">n&#x002F;a</entry>
<entry align="left" colname="col5">n&#x002F;a</entry>
<entry align="left" colname="col6">Non&#x2010;infected</entry>
</row>
<row>
<entry align="left" colname="col1">NR</entry>
<entry align="left" colname="col2">n&#x002F;a</entry>
<entry align="left" colname="col3">n&#x002F;a</entry>
<entry align="left" colname="col4">n&#x002F;a</entry>
<entry align="left" colname="col5">n&#x002F;a</entry>
<entry align="left" colname="col6">Non&#x2010;infected</entry>
</row>
</tbody>
</tgroup>
</table>
<noteGroup xml:id="voxs12396-ntgp-0002">
<note numbered="no" xml:id="voxs12396-note-0003">
<p>ChLIA, chemiluminescent assay; TPHA, Treponema pallidum haemaglunination assay; VDRL, Venereal Disease Research Laboratory.</p>
</note>
</noteGroup>
</tabular>
<p>Blood products from these donations were released after both NAMBTS and SANBS results were negative. All specimens that were reactive with ID&#x2010;NAT (Ultrio Elite assay) were discriminated using the discriminatory NAT assay to identify the virus. Test results from SANBS were compared with those obtained from the new systems at NAMBTS.</p>
</section>
<section xml:id="voxs12396-sec-0005">
<title type="main">Evaluation of sensitivity</title>
<p>Only 28 specimens of the 2827 (0&#x00B7;1&#x0025;) were reactive in various assays (six HIV, 14 HBV, five HCV and three Syphilis), and these were not enough to assess sensitivity of the test systems. Therefore, an additional 163 samples were categorized as follows, and 30 TPHA reactive samples were obtained from SANBS;</p>
<p>
<list style="1" xml:id="voxs12396-list-0001">
<listItem>HBV Reactive samples
<list style="a" xml:id="voxs12396-list-4869">
<listItem>Infected &#x2013; HBV ID&#x2010;NAT (Ultrio Plus) repeat reactive and HBsAg repeat reactive</listItem>
<listItem>HBV NAT yields &#x2013; HBV ID&#x2010;NAT (Ultrio Plus) repeat reactive, HBsAg non&#x2010;reactive</listItem>
<listItem>HBsAg yields &#x2013; HBV ID&#x2010;NAT (Ultrio Plus) non&#x2010;reactive, HBsAg repeat reactive confirmed by neutralization and anti&#x2010; HBc</listItem>
</list>
</listItem>
<listItem>HIV Reactive samples
<list style="a" xml:id="voxs12396-list-4870">
<listItem>Infected &#x2013; HIV&#x2010;1 ID&#x2010;NAT (Ultrio Plus) repeat reactive and anti&#x2010;HIV&#x2010;1&#x002F;2 repeat reactive</listItem>
<listItem>HIV NAT yields &#x2013; HIV&#x2010;1 ID&#x2010;NAT (Ultrio Plus) repeat reactive, anti&#x2010;HIV&#x2010;1&#x002F;2 non&#x2010;reactive</listItem>
<listItem>Anti&#x2010;HIV 1&#x002F;2 yields &#x2013; HIV&#x2010;1 ID&#x2010;NAT (Ultrio Plus) non&#x2010;reactive, anti&#x2010;HIV&#x2010;1&#x002F;2 repeat reactive confirmed by immunoblot assay</listItem>
</list>
</listItem>
<listItem>HCV Reactive samples
<list style="a" xml:id="voxs12396-list-4871">
<listItem>Infected &#x2013; HCV ID&#x2010;NAT (Ultrio Plus) repeat reactive and anti&#x2010;HCV repeat reactive</listItem>
<listItem>HCV NAT yields &#x2013; HCV ID&#x2010;NAT (Ultrio Plus) repeat reactive, anti&#x2010;HCV non&#x2010;reactive</listItem>
<listItem>Anti&#x2010;HCV yields &#x2013; HCV ID&#x2010;NAT (Ultrio Plus) non&#x2010; reactive, anti&#x2010;HCV repeat reactive confirmed by a Monolisa anti&#x2010;HCV Plus</listItem>
</list>
</listItem>
<listItem>30 TPHA reactive samples</listItem>
</list>.</p>
<p>Table <link href="#voxs12396-tbl-0003"/> shows the number of reactive samples per category received from SANBS.</p>
<tabular copyright="John Wiley &#x0026; Sons, Ltd" xml:id="voxs12396-tbl-0003">
<title type="main">Number reactive samples per category obtained from SANBS for evaluation</title>
<table colsep="0" frame="topbot" pgwide="1" rowsep="0">
<tgroup cols="6">
<colspec colname="col1" colnum="1" colsep="0"/>
<colspec colname="col2" colnum="2" colsep="0"/>
<colspec colname="col3" colnum="3" colsep="0"/>
<colspec colname="col4" colnum="4" colsep="0"/>
<colspec colname="col5" colnum="5" colsep="0"/>
<colspec colname="col6" colnum="6" colsep="0"/>
<thead valign="bottom">
<row rowsep="1">
<entry align="left" colname="col1"></entry>
<entry align="left" colname="col2">HBV</entry>
<entry align="left" colname="col3">HIV</entry>
<entry align="left" colname="col4">HCV</entry>
<entry align="left" colname="col5">Syphilis</entry>
<entry align="left" colname="col6">Total</entry>
</row>
</thead>
<tbody>
<row>
<entry align="left" colname="col1">Infected</entry>
<entry align="left" colname="col2">25</entry>
<entry align="left" colname="col3">25</entry>
<entry align="left" colname="col4">16</entry>
<entry align="left" colname="col5">30</entry>
<entry align="left" colname="col6">96</entry>
</row>
<row>
<entry align="left" colname="col1">NAT yields</entry>
<entry align="left" colname="col2">25</entry>
<entry align="left" colname="col3">25</entry>
<entry align="left" colname="col4">4</entry>
<entry align="left" colname="col5">&#x2010;</entry>
<entry align="left" colname="col6">54</entry>
</row>
<row>
<entry align="left" colname="col1">Serology yields</entry>
<entry align="left" colname="col2">15</entry>
<entry align="left" colname="col3">15</entry>
<entry align="left" colname="col4">13</entry>
<entry align="left" colname="col5">&#x2010;</entry>
<entry align="left" colname="col6">43</entry>
</row>
<row>
<entry align="left" colname="col1">Total</entry>
<entry align="left" colname="col2">65</entry>
<entry align="left" colname="col3">65</entry>
<entry align="left" colname="col4">33</entry>
<entry align="left" colname="col5">30</entry>
<entry align="left" colname="col6">193</entry>
</row>
</tbody>
</tgroup>
</table>
</tabular>
<p>The samples were received from SANBS already categorized in the categories shown in Table <link href="#voxs12396-tbl-0003"/>, and we did not receive data on the viral loads of these samples. Samples reactive for HIV, HBV and HCV were tested by ID&#x2010;NAT with Ultrio Elite assay and with the chemiluminescent assay for the markers of the virus for which they were reactive while syphilis reactive samples were tested using the ChLIA with the Architect. Samples categorized as &#x2018;Infected&#x2019; were expected to be reactive in the first screen; however, if any yields (NAT or serology) were non&#x2010;reactive in the first screen, they were replicated at least six times and were considered reactive if more than 50&#x0025; of the replicates (including discriminatory for NAT) were reactive. Samples that were ID&#x2010;NAT reactive by Ultrio Plus were also discriminatory reactive, and serology yields were confirmed by supplementary testing according to SANBS algorithm before they were dispatched to us. The results from NAMBTS systems were interpreted and categorized as infected, NAT yield and serology yield, that is, in the same way as in the Tables <link href="#voxs12396-tbl-0001"/> and <link href="#voxs12396-tbl-0002"/> and then compared with SANBS results.</p>
<p>Reproducibility was also assessed from the results of the samples from SANBS that were tested in replicates of six or more, these were mainly NAT and serology yields which are expected to have very low viral loads.</p>
</section>
</section>
<section xml:id="voxs12396-sec-0006">
<title type="main">Results</title>
<p>Of the 2827 donors from Namibia that were screened, 38 (1&#x00B7;3&#x0025;) of them were repeat reactive for the markers they found to be reactive. There were three initial reactive samples in syphilis ChLIA due to sample contamination as these were non&#x2010;repeat reactive, and therefore, the donations were considered to be negative. From the samples that were repeat reactive, 14 (0&#x00B7;5&#x0025;) donations were reactive for HBV with both ID&#x2010;NAT and HBsAg, while six (0&#x00B7;21&#x0025;) were reactive in HIV ID&#x2010;NAT with four of these being reactive with HIV Ag&#x002F;Ab, two of the HIV reactive donations were HIV NAT yields (non&#x2010;reactive with the HIV Ag&#x002F;Ab). Five (0&#x00B7;18&#x0025;) donations were anti&#x2010;HCV reactive with a non&#x2010;reactive NAT and were also non&#x2010;reactive in supplementary testing. While three (0&#x00B7;11&#x0025;) donations were considered reactive for syphilis, although 10 more were also reactive with syphilis ChLIA on Architect only, the supplementary testing at NAMBTS using TPHA and VDRL tests of these produced non&#x2010;reactive results and was considered false reactive donations according to our algorithms in Table <link href="#voxs12396-tbl-0002"/>. Table <link href="#voxs12396-tbl-0004"/> summarises these results. There was 100&#x0025; concordance on the results of viral markers of HIV 1&#x002F;2, HBV and HCV between NAMBTS and SANBS systems although both the PRISM and Architect tested positive in five of the donations, these results were negative in supplementary testing and therefore considered to be biological false positives. There was 99&#x00B7;6&#x0025; (2817&#x002F;2827) concordance between the Architect and Olympus PK7300 in detecting <i>T. pallidum</i> antibodies in these donations.</p>
<tabular copyright="John Wiley &#x0026; Sons, Ltd" xml:id="voxs12396-tbl-0004">
<title type="main">Reactive donations</title>
<table colsep="0" frame="topbot" pgwide="1" rowsep="0">
<tgroup cols="7">
<colspec colname="col1" colnum="1" colsep="0"/>
<colspec colname="col2" colnum="2" colsep="0"/>
<colspec colname="col3" colnum="3" colsep="0"/>
<colspec colname="col4" colnum="4" colsep="0"/>
<colspec colname="col5" colnum="5" colsep="0"/>
<colspec colname="col6" colnum="6" colsep="0"/>
<colspec colname="col7" colnum="7" colsep="0"/>
<thead>
<row rowsep="1">
<entry align="left" colname="col1" morerows="1">Laboratory</entry>
<entry align="left" colname="col2" morerows="1">Test system</entry>
<entry align="left" colname="col3" morerows="1">Number of donors tested</entry>
<entry align="left" nameend="col7" namest="col4" rowsep="1">Donations that tested reactive</entry>
</row>
<row rowsep="1">
<entry align="left" colname="col4">HIV</entry>
<entry align="left" colname="col5">HBV</entry>
<entry align="left" colname="col6">HCV</entry>
<entry align="left" colname="col7">Syphilis</entry>
</row>
</thead>
<tbody>
<row>
<entry align="left" colname="col1" morerows="3">NAMBTS</entry>
<entry align="left" colname="col2">Procleix Panther</entry>
<entry align="left" colname="col3">2827</entry>
<entry align="left" colname="col4">6</entry>
<entry align="left" colname="col5">14</entry>
<entry align="left" colname="col6">0</entry>
<entry align="left" colname="col7">n&#x002F;a</entry>
</row>
<row>
<entry align="left" colname="col2">Architect i2000SR</entry>
<entry align="left" colname="col3">2827</entry>
<entry align="left" colname="col4">4</entry>
<entry align="left" colname="col5">14</entry>
<entry align="left" colname="col6">5</entry>
<entry align="left" colname="col7">13</entry>
</row>
<row>
<entry align="left" colname="col2">TPHA</entry>
<entry align="left" colname="col3">13</entry>
<entry align="left" colname="col4">n&#x002F;a</entry>
<entry align="left" colname="col5">n&#x002F;a</entry>
<entry align="left" colname="col6">n&#x002F;a</entry>
<entry align="left" colname="col7">3</entry>
</row>
<row>
<entry align="left" colname="col2">VDRL</entry>
<entry align="left" colname="col3">13</entry>
<entry align="left" colname="col4">n&#x002F;a</entry>
<entry align="left" colname="col5">n&#x002F;a</entry>
<entry align="left" colname="col6">n&#x002F;a</entry>
<entry align="left" colname="col7">0</entry>
</row>
<row>
<entry align="left" colname="col1" morerows="2">SANBS</entry>
<entry align="left" colname="col2">Procleix Tigris</entry>
<entry align="left" colname="col3">2827</entry>
<entry align="left" colname="col4">6</entry>
<entry align="left" colname="col5">14</entry>
<entry align="left" colname="col6">0</entry>
<entry align="left" colname="col7">n&#x002F;a</entry>
</row>
<row>
<entry align="left" colname="col2">Architect PRISM</entry>
<entry align="left" colname="col3">2827</entry>
<entry align="left" colname="col4">4</entry>
<entry align="left" colname="col5">14</entry>
<entry align="left" colname="col6">5</entry>
<entry align="left" colname="col7">n&#x002F;a</entry>
</row>
<row>
<entry align="left" colname="col2">PK7300</entry>
<entry align="left" colname="col3">2827</entry>
<entry align="left" colname="col4">n&#x002F;a</entry>
<entry align="left" colname="col5">n&#x002F;a</entry>
<entry align="left" colname="col6">n&#x002F;a</entry>
<entry align="left" colname="col7">3</entry>
</row>
</tbody>
</tgroup>
</table>
</tabular>
<section xml:id="voxs12396-sec-0007">
<title type="main">Results of positive panels from SANBS are shown in Table <link href="#voxs12396-tbl-0005"/></title>
<tabular copyright="John Wiley &#x0026; Sons, Ltd" xml:id="voxs12396-tbl-0005">
<title type="main">Results of reactive panels from SANBS</title>
<table colsep="0" frame="topbot" pgwide="1" rowsep="0">
<tgroup cols="7">
<colspec colname="col1" colnum="1" colsep="0"/>
<colspec colname="col2" colnum="2" colsep="0"/>
<colspec colname="col3" colnum="3" colsep="0"/>
<colspec colname="col4" colnum="4" colsep="0"/>
<colspec colname="col5" colnum="5" colsep="0"/>
<colspec colname="col6" colnum="6" colsep="0"/>
<colspec colname="col7" colnum="7" colsep="0"/>
<thead valign="bottom">
<row rowsep="1">
<entry align="left" colname="col1" morerows="1">Sample category</entry>
<entry align="left" colname="col2" rowsep="1">Procleix Tigris</entry>
<entry align="left" nameend="col4" namest="col3" rowsep="1">Procleix Panther</entry>
<entry align="left" colname="col5" rowsep="1">Architect PRISM</entry>
<entry align="left" colname="col6" rowsep="1">Architect i2000SR</entry>
<entry align="left" colname="col7" morerows="1">Total tested</entry>
</row>
<row rowsep="1">
<entry align="left" colname="col2">Ultrio Plus reactive</entry>
<entry align="left" colname="col3">Ultrio Elite reactive</entry>
<entry align="left" colname="col4">dHBV reactive</entry>
<entry align="left" colname="col5">HBsAg reactive</entry>
<entry align="left" colname="col6">HBsAg reactive</entry>
</row>
</thead>
<tbody>
<row>
<entry align="left" colname="col1">HBV infected</entry>
<entry align="left" colname="col2">25</entry>
<entry align="left" colname="col3">25</entry>
<entry align="left" colname="col4">25</entry>
<entry align="left" colname="col5">25</entry>
<entry align="left" colname="col6">25</entry>
<entry align="left" colname="col7">25</entry>
</row>
<row>
<entry align="left" colname="col1">HBV NAT yields</entry>
<entry align="left" colname="col2">25</entry>
<entry align="left" colname="col3">25</entry>
<entry align="left" colname="col4">24</entry>
<entry align="left" colname="col5">0</entry>
<entry align="left" colname="col6">
<b>5</b>
</entry>
<entry align="left" colname="col7">25</entry>
</row>
<row>
<entry align="left" colname="col1">HBsAg yields</entry>
<entry align="left" colname="col2">0</entry>
<entry align="left" colname="col3">
<b>7</b>
</entry>
<entry align="left" colname="col4">
<b>7</b>
</entry>
<entry align="left" colname="col5">15</entry>
<entry align="left" colname="col6">15</entry>
<entry align="left" colname="col7">15</entry>
</row>
<row>
<entry align="left" colname="col1">HIV infected</entry>
<entry align="left" colname="col2">25</entry>
<entry align="left" colname="col3">25</entry>
<entry align="left" colname="col4">25</entry>
<entry align="left" colname="col5">25</entry>
<entry align="left" colname="col6">25</entry>
<entry align="left" colname="col7">25</entry>
</row>
<row>
<entry align="left" colname="col1">HIV NAT yields</entry>
<entry align="left" colname="col2">25</entry>
<entry align="left" colname="col3">25</entry>
<entry align="left" colname="col4">25</entry>
<entry align="left" colname="col5">0</entry>
<entry align="left" colname="col6">9</entry>
<entry align="left" colname="col7">25</entry>
</row>
<row>
<entry align="left" colname="col1">Anti&#x2010;HIV yields</entry>
<entry align="left" colname="col2">0</entry>
<entry align="left" colname="col3">1</entry>
<entry align="left" colname="col4">1</entry>
<entry align="left" colname="col5">15</entry>
<entry align="left" colname="col6">15</entry>
<entry align="left" colname="col7">15</entry>
</row>
<row>
<entry align="left" colname="col1">HCV infected</entry>
<entry align="left" colname="col2">16</entry>
<entry align="left" colname="col3">16</entry>
<entry align="left" colname="col4">16</entry>
<entry align="left" colname="col5">16</entry>
<entry align="left" colname="col6">16</entry>
<entry align="left" colname="col7">16</entry>
</row>
<row>
<entry align="left" colname="col1">HCV NAT yields</entry>
<entry align="left" colname="col2">4</entry>
<entry align="left" colname="col3">4</entry>
<entry align="left" colname="col4">4</entry>
<entry align="left" colname="col5">0</entry>
<entry align="left" colname="col6">0</entry>
<entry align="left" colname="col7">4</entry>
</row>
<row>
<entry align="left" colname="col1">Anti&#x2010;HCV yields</entry>
<entry align="left" colname="col2">0</entry>
<entry align="left" colname="col3">0</entry>
<entry align="left" colname="col4">0</entry>
<entry align="left" colname="col5">13</entry>
<entry align="left" colname="col6">13</entry>
<entry align="left" colname="col7">13</entry>
</row>
<row>
<entry align="left" colname="col1">Total</entry>
<entry align="left" colname="col2"></entry>
<entry align="left" colname="col3"></entry>
<entry align="left" colname="col4"></entry>
<entry align="left" colname="col5"></entry>
<entry align="left" colname="col6"></entry>
<entry align="left" colname="col7">163</entry>
</row>
</tbody>
</tgroup>
</table>
</tabular>
<p>A total of 65 HBV positive panels were analysed using the Panther system (Ultrio Elite assay) for ID&#x2010;NAT and Architect (ChLIA) for HBsAg. All 50 HBV DNA&#x2010;positive panel members were detected by Panther Ultrio Elite, and all 40 HBsAg&#x2010;positive panel members were detected by Architect. Ultrio Elite detected seven of 15 (46&#x00B7;7&#x0025;) additional serology yield samples not detected by Ultrio Plus and Architect detected five of 25 (20&#x0025;) additional NAT yield samples not detected by Prism.</p>
<p>A total of 65 HIV&#x2010;positive panels were analysed using the Panther system (Ultrio Elite assay) for ID&#x2010;NAT and Architect (ChLIA) for HIV Ag&#x002F;Ab. All 50 HIV RNA&#x2010;positive panel members were detected by Panther Ultrio Elite, and all 40 anti&#x2010;HIV&#x2010;positive panel members were detected by Architect. Ultrio Elite detected one of 15 (6&#x00B7;7&#x0025;) additional serology yield sample not detected by Ultrio Plus and Architect detected nine of 25 (36&#x0025;) additional NAT yield samples not detected by Prism.</p>
<p>A total of 33 HCV&#x2010;positive panels were analysed using the Panther system (Ultrio Elite assay) for ID&#x2010;NAT and Architect (ChLIA) for anti&#x2010;HCV. All 20 HCV RNA&#x2010;positive panel members were detected by Panther Ultrio Elite, and all 29 anti&#x2010;HCV&#x2010;positive panel members were detected by Architect.</p>
<p>A total of 30 syphilis&#x2010;positive panels from SANBS were analysed using the Architect systems (ChLIA Syphilis TP assay) for anti&#x2010;<i>T. pallidum</i> antibodies, and 29 of 30 (96&#x00B7;7&#x0025;) were detected by the Architect (Table <link href="#voxs12396-tbl-0006"/>).</p>
<tabular copyright="John Wiley &#x0026; Sons, Ltd" xml:id="voxs12396-tbl-0006">
<title type="main">Syphilis reactive samples</title>
<table colsep="0" frame="topbot" pgwide="1" rowsep="0">
<tgroup cols="4">
<colspec colname="col1" colnum="1" colsep="0"/>
<colspec colname="col2" colnum="2" colsep="0"/>
<colspec colname="col3" colnum="3" colsep="0"/>
<colspec colname="col4" colnum="4" colsep="0"/>
<thead valign="bottom">
<row rowsep="1">
<entry align="left" colname="col1" morerows="1">Sample category</entry>
<entry align="left" colname="col2" rowsep="1">PK7300</entry>
<entry align="left" colname="col3" rowsep="1">Architect i2000SR</entry>
<entry align="left" colname="col4" morerows="1">Total tested</entry>
</row>
<row rowsep="1">
<entry align="left" colname="col2">TPHA reactive</entry>
<entry align="left" colname="col3">ChLIA reactive</entry>
</row>
</thead>
<tbody>
<row>
<entry align="left" colname="col1">Reactive for syphilis</entry>
<entry align="left" colname="col2">30</entry>
<entry align="left" colname="col3">29</entry>
<entry align="left" colname="col4">30</entry>
</row>
</tbody>
</tgroup>
</table>
</tabular>
<p>In order to calculate sensitivity and specificity.</p>
<p>Total samples tested for HBV and HIV are 2892 while those tested for HCV were 2860 and 2857 were tested for syphilis.</p>
<p>To ensure the additional sensitivity in detecting the serology yields was not laboratory contamination, we tested each of the seven HBsAg yields and one anti&#x2010;HIV yield samples in six replicates and at least five of the six replicates of each sample were reactive indicating more than 80&#x0025; reproducibility levels at very low viral loads.</p>
</section>
<section xml:id="voxs12396-sec-0008">
<title type="main">Equipment failures during evaluation</title>
<p>No invalid runs were encountered; however, 172 (6&#x0025;) of ID&#x2010;NAT tests were invalid and had to be repeated. Approximately 80&#x0025; of these failures were hardware related (an output queue error due to deflector problems) and this problem was eventually resolved when the waste cover was modified by the engineers, while 20&#x0025; of the failures were sample integrity related as all the samples from SANBS were previously frozen and we experienced &#x2018;Magnetic Wash&#x2019; errors from a few of these samples. There were no operator&#x2010;related errors&#x002F;failures.</p>
</section>
</section>
<section xml:id="voxs12396-sec-0009">
<title type="main">Analysis of sensitivity and specificity</title>
<p>The results shown in Tables <link href="#voxs12396-tbl-0005"/> and <link href="#voxs12396-tbl-0006"/> were used to calculate sensitivity and specificity levels of both the Panther and Architect systems as shown in Tables <link href="#voxs12396-tbl-0007"/> and <link href="#voxs12396-tbl-0008"/>. The Panther system has shown 100&#x0025; sensitivity in detecting all the markers while the Architect system also showed 100&#x0025; in detecting all the markers except syphilis which had a sensitivity of 97&#x0025;. Specificity of the Panther was 100&#x0025; on all the markers while the Architect demonstrated 100&#x0025; specificity on all the markers except anti&#x2010;HCV and syphilis which had 99&#x00B7;8&#x0025; and 99&#x00B7;7&#x0025;, respectively.</p>
<tabular copyright="John Wiley &#x0026; Sons, Ltd" xml:id="voxs12396-tbl-0007">
<title type="main">Sensitivity and specificity of the Panther system</title>
<table colsep="0" frame="topbot" pgwide="1" rowsep="0">
<tgroup cols="3">
<colspec colname="col1" colnum="1" colsep="0"/>
<colspec colname="col2" colnum="2" colsep="0"/>
<colspec colname="col3" colnum="3" colsep="0"/>
<thead valign="bottom">
<row rowsep="1">
<entry align="left" colname="col1"></entry>
<entry align="left" colname="col2">Sensitivity (95&#x0025; CI)</entry>
<entry align="left" colname="col3">Specificity (95&#x0025; CI)</entry>
</row>
</thead>
<tbody>
<row>
<entry align="left" colname="col1">HBV DNA</entry>
<entry align="left" colname="col2">100&#x0025; [50&#x002F;50], CI (92&#x00B7;9&#x2013;100)</entry>
<entry align="left" colname="col3">100&#x0025; [2813&#x002F;2813], CI (99&#x00B7;9&#x2013;100)</entry>
</row>
<row>
<entry align="left" colname="col1">HIV RNA</entry>
<entry align="left" colname="col2">100&#x0025; [50&#x002F;50], CI (92&#x00B7;9&#x2013;100)</entry>
<entry align="left" colname="col3">100&#x0025; [2823&#x002F;2823], CI (99&#x00B7;9&#x2013;100)</entry>
</row>
<row>
<entry align="left" colname="col1">HCV RNA</entry>
<entry align="left" colname="col2">100&#x0025; [20&#x002F;20], CI (83&#x00B7;9&#x2013;100)</entry>
<entry align="left" colname="col3">100&#x0025; [2827&#x002F;2827], CI (99&#x00B7;9&#x2013;100)</entry>
</row>
</tbody>
</tgroup>
</table>
<noteGroup xml:id="voxs12396-ntgp-0003">
<note numbered="no" xml:id="voxs12396-note-0004">
<p>CI, Confidence Interval.</p>
</note>
</noteGroup>
</tabular>
<tabular copyright="John Wiley &#x0026; Sons, Ltd" xml:id="voxs12396-tbl-0008">
<title type="main">Sensitivity and specificity of the Architect system</title>
<table colsep="0" frame="topbot" pgwide="1" rowsep="0">
<tgroup cols="3">
<colspec colname="col1" colnum="1" colsep="0"/>
<colspec colname="col2" colnum="2" colsep="0"/>
<colspec colname="col3" colnum="3" colsep="0"/>
<thead valign="bottom">
<row rowsep="1">
<entry align="left" colname="col1"></entry>
<entry align="left" colname="col2">Sensitivity (95&#x0025; CI)</entry>
<entry align="left" colname="col3">Specificity (95&#x0025; CI)</entry>
</row>
</thead>
<tbody>
<row>
<entry align="left" colname="col1">HBsAg</entry>
<entry align="left" colname="col2">100&#x0025; [40&#x002F;40], CI (91&#x00B7;2&#x2013;100)</entry>
<entry align="left" colname="col3">100&#x0025; [2813&#x002F;2813], CI (99&#x00B7;9&#x2013;100)</entry>
</row>
<row>
<entry align="left" colname="col1">Anti&#x2010;HIV 1&#x002F;2</entry>
<entry align="left" colname="col2">100&#x0025; [40&#x002F;40], CI (91&#x00B7;2&#x2013;100)</entry>
<entry align="left" colname="col3">100&#x0025; [2823&#x002F;2823], CI (99&#x00B7;9&#x2013;100)</entry>
</row>
<row>
<entry align="left" colname="col1">Anti&#x2010;HCV</entry>
<entry align="left" colname="col2">100&#x0025; [29&#x002F;29], CI (88&#x00B7;3&#x2013;100)</entry>
<entry align="left" colname="col3">99&#x00B7;8&#x0025; [2822&#x002F;2827], CI (99&#x00B7;6&#x2013;99&#x00B7;9)</entry>
</row>
<row>
<entry align="left" colname="col1">Syphilis</entry>
<entry align="left" colname="col2">97&#x0025; [29&#x002F;30], CI (84&#x00B7;7&#x2013;99&#x00B7;5)</entry>
<entry align="left" colname="col3">99&#x00B7;7&#x0025; [2814&#x002F;2824], CI (99&#x00B7;4&#x2013;99&#x00B7;8)</entry>
</row>
</tbody>
</tgroup>
</table>
<noteGroup xml:id="voxs12396-ntgp-0004">
<note numbered="no" xml:id="voxs12396-note-0005">
<p>CI, confidence interval.</p>
</note>
</noteGroup>
</tabular>
</section>
<section xml:id="voxs12396-sec-0010">
<title type="main">Discussion</title>
<p>We tested a month&#x0027;s worth of donor samples for specificity and 193 known positive samples for sensitivity. Ultrio Elite and Architect detected all samples that were expected to be reactive, demonstrating 100&#x0025; concordance with the reference test systems.</p>
<p>All 25 SANBS HBV yield samples were detected by the Ultrio Elite assay, one&#x2010;fifth were in addition had detectable HBsAg in the Architect assay. This shows improved sensitivity of the Architect systems when compared to Prism system in detecting HBsAg in low surface antigens levels. The remaining 80&#x0025; were confirmed NAT yields, that is ID&#x2010;NAT reactive and HBsAg non&#x2010;reactive, with one of these being an un&#x2010;typed NAT yield, that is Ultrio Elite&#x2013;reactive, dHBV&#x2010;non&#x2010;reactive and HbsAg&#x2010;reactive possibly because HBV DNA levels in this sample may be below the assay&#x0027;s limit of detection. All 25 SANBS HIV yield samples were detected by the Ultrio Elite assay and in addition, about a third of the samples were reactive on the Architect system, this demonstrates improved sensitivity of 4th generation chemiluminescence assay on the Architect compared to the 3rd generation anti&#x2010;HIV test on the Prism while the remainder were confirmed NAT yields, that is ID&#x2010;NAT reactive and HIV Ag&#x002F;Ab non&#x2010;reactive. All the HCV NAT yield samples were confirmed as HCV NAT yields using our NAT and serology assays. The overall sensitivity of the Panther system on detecting NAT yield cases of all the three viruses was 100&#x0025; and comparable to that of the Tigris systems as all samples categorized as NAT yields were reactive in the ID&#x2010;NAT assays. Our Architect system proved to be more sensitive than the Prism in detecting both HBsAg and HIV Ag&#x002F;Ab markers in these NAT yield samples as five samples which were not reactive for HBsAg and nine samples which were not reactive for anti&#x2010;HIV&#x2010;1 on the Prism were reactive for the respective markers on the Architect.</p>
<p>Serology yield samples have very low viral DNA&#x002F;RNA below the detection level of the NAT test system in use but with detectable antigens and&#x002F;or antibodies, and in some cases especially with HCV, there is no RNA as the donor would have successfully cleared the virus. All 15 SANBS HBsAg yield samples were detected by the Architect and in addition about half of them were reactive with the Panther as well; these were non&#x2010;reactive on the Tigris system but confirmed reactive in replicates on the Panther system. On personal communication with Mr Ravi Reddy and Mrs Marion Vermeulen from SANBS, they indicated that 13 of these 15 HBsAg yields were in fact screened using the Ultrio assay before SANBS upgraded to Ultrio Plus assay <link href="#voxs12396-bib-0015"/>. Ultrio assay has low sensitivity on detecting HBV DNA and the assay was improved to Ultrio Plus after the addition of the Target Enhancer Reagent (TER) which improved viral rapture and capturing of HBV DNA before amplification. A study by Vermeulen and colleagues also suggested that there may be a subpopulation of HBV strains in South Africa donors that is poorly detected by the Ultrio assay and will be picked up with more than 10&#x2010;fold higher sensitivity by the addition of the TER in the Ultrio Plus assay <link href="#voxs12396-bib-0009"/>. We then concluded that these results were to be expected as Ultrio Elite assay uses the TER reagent as well and is therefore more sensitive than Ultrio assay in detecting HBV DNA.</p>
<p>All 15 SANBS anti&#x2010;HIV yield samples were detected by the Architect, and in addition one of these samples was reactive with the Panther system as well. This could mean that this sample had HIV&#x2010;2 virus RNA and not HIV&#x2010;1 virus RNA as the Ultrio Plus assay is designed to detect HIV&#x2010;1 RNA only while Ultrio Elite is designed to detect both HIV&#x2010;1 and HIV&#x2010;2 RNA <link href="#voxs12396-bib-0013"/>, we could not confirm this though. Although infection with HIV&#x2010;2 occurs mainly in West Africa, the incidence of HIV&#x2010;2 infections may increase in the rest of the world including Southern Africa due to increasing immigration from Western African countries where HIV&#x2010;2 is endemic <link href="#voxs12396-bib-0016"/>. Grabarczyk and colleagues also concluded that the Ultrio Elite assay that is run on the Panther blood screening system is comparable to the Ultrio Plus assay apart from the addition of oligonucleotides for human immunodeficiency virus type 2 (HIV&#x2010;2) detection <link href="#voxs12396-bib-0008"/>. If this sample has HIV&#x2010;1, it is logical to assume that the Ultrio Elite assay has improved sensitivity in detecting HIV&#x2010;1 RNA as compared to the Ultrio Plus assay; however, the sample size is too small for us to reach this conclusion. However, as this sample is expected to have low levels of RNA, this scenario could be reflecting the impact of Poisson sampling rather that Ultrio Elite being more sensitive than Ultrio Plus. The literature from the manufacturer claims that both Ultrio Plus and Ultrio Elite assays have equal sensitivity levels. All the anti&#x2010;HCV yield samples were confirmed as anti&#x2010;HCV yields after testing with Panther and Architect systems.</p>
<p>In this evaluation study, the overall sensitivity and specificity of the Panther system (Ultrio Elite assay) were found to be 100&#x0025;, as shown in Table <link href="#voxs12396-tbl-0007"/>. On the other hand, the sensitivity of the Architect systems was 100&#x0025; for all markers and 97&#x0025; for syphilis while the specificity for all the markers was 100&#x0025; except anti&#x2010;HCV and syphilis which was 99&#x00B7;8&#x0025; and 99&#x00B7;7&#x0025; respectively as shown in Table <link href="#voxs12396-tbl-0008"/>.</p>
<p>The evaluation demonstrated that both the Panther and the Architect systems have acceptable sensitivity and specificity levels. The evaluation also confirmed the claims of the manufacturer that Ultrio Elite assay is as sensitive as the Ultrio Plus in detecting HIV&#x2010;1 RNA and HCV RNA but more sensitive than the Ultrio assay in detecting HBV DNA. We could also demonstrate that our test systems for detecting syphilis have acceptable sensitivity and specificity levels. We found both the Panther and Architect systems to be flexible, robust and effective in screening blood for transfusion in our setting. Donor screening for HIV 1&#x002F;2, HBV, HCV and syphilis for ID&#x2010;NAT and serology using the Panther and Architect systems was successfully relocated from South Africa and implemented in Namibia.</p>
</section>
<section type="acknowledgments" xml:id="voxs12396-sec-0011">
<title type="main">Acknowledgements</title>
<p>We thank Marion Vermeulen and the SANBS team for providing us with the reactive panels.</p>
</section>
<bibliography cited="yes" style="numbered" xml:id="voxs12396-bibl-0001">
<title type="main">References</title>
<bib xml:id="voxs12396-bib-0001">
<citation type="journal" xml:id="voxs12396-cit-0001"><author><familyName>Jin&#x2010;Town</familyName> <givenNames>W</givenNames></author>, <author><familyName>Cha&#x2010;Ze</familyName> <givenNames>L</givenNames></author>, <author><familyName>Pei&#x2010;Jer</familyName> <givenNames>C</givenNames></author>, <i>et al</i>.: <articleTitle>Transfusion&#x2010;transmitted HBV infection in an endemic area: the necessity of more sensitive screening for HBV carriers</articleTitle>. <journalTitle>Transfusion</journalTitle> <pubYear year="2002">2002</pubYear>; <vol>42</vol>:<pageFirst>1592</pageFirst>&#x2013;<pageLast>1597</pageLast></citation>
</bib>
<bib xml:id="voxs12396-bib-0002">
<citation type="journal" xml:id="voxs12396-cit-0002"><author><familyName>Marion</familyName> <givenNames>V</givenNames></author>, <author><familyName>Nico</familyName> <givenNames>L</givenNames></author>, <author><familyName>Wendy</familyName> <givenNames>S</givenNames></author>, <i>et al</i>.: <articleTitle>Impact of individual&#x2010;donation nucleic acid testing on risk of human immunodeficiency virus, hepatitis B virus, and hepatitis C virus transmission by blood transfusion in South Africa</articleTitle>. <journalTitle>Transfusion</journalTitle> <pubYear year="2009">2009</pubYear>; <vol>49</vol>:<pageFirst>1115</pageFirst>&#x2013;<pageLast>1125</pageLast></citation>
</bib>
<bib xml:id="voxs12396-bib-0003">
<citation type="other" xml:id="voxs12396-cit-0003"><otherTitle>United Nations data on HIV and Aids</otherTitle>. Available on <url href="http://aidsinfo.unaids.org/">http://aidsinfo.unaids.org/</url>. [last accessed 3&#x002F;7&#x002F;2017]</citation>
</bib>
<bib xml:id="voxs12396-bib-0004">
<citation type="journal" xml:id="voxs12396-cit-0004"><author><familyName>Zampino</familyName> <givenNames>R</givenNames></author>, <author><familyName>Boemio</familyName> <givenNames>A</givenNames></author>, <author><familyName>Sagnelli</familyName> <givenNames>C</givenNames></author>, <i>et al</i>.: <articleTitle>Hepatitis B virus burden in developing countries</articleTitle>. <journalTitle>World J Gastroenterol</journalTitle>. <pubYear year="2015">2015</pubYear>; <vol>21</vol>:<pageFirst>11941</pageFirst>&#x2013;<pageLast>11953</pageLast>. Available on <url href="https://www.ncbi.nlm.nih.gov/pmc/articles/PMC4641116/">https://www.ncbi.nlm.nih.gov/pmc/articles/PMC4641116/</url>. [last accessed 3&#x002F;7&#x002F;2017]</citation>
</bib>
<bib xml:id="voxs12396-bib-0005">
<citation type="journal" xml:id="voxs12396-cit-0005"><author><familyName>Marshall</familyName> <givenNames>DB</givenNames></author>, <author><familyName>Kleinman</familyName> <givenNames>SH</givenNames></author>, <author><familyName>Wong</familyName> <givenNames>JB</givenNames></author>, <i>et al</i>.: <articleTitle>Cost&#x2010; effectiveness of nucleic acid test screening of volunteer blood donations for hepatitis B, hepatitis C and human immunodeficiency virus in the United States</articleTitle>. <journalTitle>Vox Sang</journalTitle> <pubYear year="2004">2004</pubYear>; <vol>86</vol>:<pageFirst>28</pageFirst>&#x2013;<pageLast>40</pageLast></citation>
</bib>
<bib xml:id="voxs12396-bib-0006">
<citation type="journal" xml:id="voxs12396-cit-0006"><author><familyName>Shyamala</familyName> <givenNames>V</givenNames></author>: <articleTitle>Nucleic Acid Technology (NAT) testing for blood screening: impact of individual donation and Mini Pool &#x2013; NAT testing on analytical sensitivity, screening sensitivity and clinical sensitivity</articleTitle>. <journalTitle>Vox Sang</journalTitle> <pubYear year="2014">2014</pubYear>; <vol>9</vol>:<pageFirst>315</pageFirst>&#x2013;<pageLast>324</pageLast></citation>
</bib>
<bib xml:id="voxs12396-bib-0007">
<citation type="other" xml:id="voxs12396-cit-0007"><groupName>Procleix NAT solutions</groupName>: <otherTitle>Powerful and versatile solutions to meet your testing needs. Grifols Procleix Panther System product information</otherTitle>. Available on <url href="http://www.procleix.com/en/web/procleix/procleix-nat-solutions">http://www.procleix.com/en/web/procleix/procleix-nat-solutions</url>. [last accessed 3&#x002F;7&#x002F;2017]</citation>
</bib>
<bib xml:id="voxs12396-bib-0008">
<citation type="journal" xml:id="voxs12396-cit-0008"><author><familyName>Piotr</familyName> <givenNames>G</givenNames></author>, <author><familyName>Marco</familyName> <givenNames>K</givenNames></author>, <author><familyName>Fiona</familyName> <givenNames>B</givenNames></author>, <i>et al</i>.: <articleTitle>Inclusion of human immunodeficiency virus Type 2 (HIV&#x2010;2) in a multiplex transcription&#x2010;mediated amplification assay does not affect detection of HIV&#x2010;1 and hepatitis B and C virus genotypes: a multicenter performance evaluation study</articleTitle>. <journalTitle>Transfusion</journalTitle> <pubYear year="2015">2015</pubYear>; <vol>55</vol>:<pageFirst>2246</pageFirst>&#x2013;<pageLast>2255</pageLast></citation>
</bib>
<bib xml:id="voxs12396-bib-0009">
<citation type="journal" xml:id="voxs12396-cit-0009"><author><familyName>Marion</familyName> <givenNames>V</givenNames></author>, <author><familyName>Charl</familyName> <givenNames>C</givenNames></author>, <author><familyName>Josephine</familyName> <givenNames>M</givenNames></author>, <i>et al</i>.: <articleTitle>Sensitivity of individual&#x2010;donation and minipool nucleic acid amplification test options in detecting window period and occult hepatitis B virus infections</articleTitle>. <journalTitle>Transfusion</journalTitle> <pubYear year="2013">2013</pubYear>; <vol>53</vol>:<pageFirst>2458</pageFirst>&#x2013;<pageLast>2466</pageLast></citation>
</bib>
<bib xml:id="voxs12396-bib-0010">
<citation type="journal" xml:id="voxs12396-cit-0010"><author><familyName>Assal</familyName> <givenNames>A</givenNames></author>, <author><familyName>Barlet</familyName> <givenNames>V</givenNames></author>, <author><familyName>Deschaseaux</familyName> <givenNames>M</givenNames></author>, <i>et al</i>.: <articleTitle>Comparison of the analytical and operational performance of two viral nucleic acid test blood screening systems: Procleix Tigris and cobas s 201</articleTitle>. <journalTitle>Transfusion</journalTitle> <pubYear year="2009">2009</pubYear>; <vol>49</vol>:<pageFirst>289</pageFirst>&#x2013;<pageLast>300</pageLast></citation>
</bib>
<bib xml:id="voxs12396-bib-0011">
<citation type="journal" xml:id="voxs12396-cit-0011"><author><familyName>Assal</familyName> <givenNames>A</givenNames></author>, <author><familyName>Barlet</familyName> <givenNames>V</givenNames></author>, <author><familyName>Deschaseaux</familyName> <givenNames>M</givenNames></author>, <i>et al</i>.: <articleTitle>Sensitivity of two hepatitis B virus, hepatitis C virus (HCV) and human immunodeficiency virus (HIV) nucleic acid test systems relative to hepatitis B surface antigen, anti&#x2010;HCV, anti&#x2010;HIV and p24&#x002F;anti&#x2010;HIV combination assays in seroconversion panels</articleTitle>. <journalTitle>Transfusion</journalTitle> <pubYear year="2009">2009</pubYear>; <vol>49</vol>:<pageFirst>301</pageFirst>&#x2013;<pageLast>310</pageLast></citation>
</bib>
<bib xml:id="voxs12396-bib-0012">
<citation type="journal" xml:id="voxs12396-cit-0012"><author><familyName>Stramer</familyName> <givenNames>SL</givenNames></author>, <author><familyName>Krysztof</familyName> <givenNames>DE</givenNames></author>, <author><familyName>Brodsky</familyName> <givenNames>JP</givenNames></author>, <i>et al</i>.: <articleTitle>Sensitivity comparison of two Food and Drug Administration&#x2013;licensed, triplex nucleic acid test automated assays for hepatitis B virus DNA detection and associated projections of United States yield</articleTitle>. <journalTitle>Transfusion</journalTitle> <pubYear year="2011">2011</pubYear>; <vol>51</vol>:<pageFirst>2012</pageFirst>&#x2013;<pageLast>2022</pageLast></citation>
</bib>
<bib xml:id="voxs12396-bib-0013">
<citation type="journal" xml:id="voxs12396-cit-0013"><author><familyName>Heim</familyName> <givenNames>A</givenNames></author>: <articleTitle>Evaluation of the Procleix Ultrio Elite Assay and the Panther&#x2010;System for Individual NAT Screening of Blood, Hematopoietic Stem Cell, Tissue and Organ Donors</articleTitle>. <journalTitle>Transfus Med Hemother</journalTitle> <pubYear year="2016">2016</pubYear>; <vol>43</vol>:<pageFirst>177</pageFirst>&#x2013;<pageLast>182</pageLast></citation>
</bib>
<bib xml:id="voxs12396-bib-0014">
<citation type="journal" xml:id="voxs12396-cit-0014"><author><familyName>Piotr</familyName> <givenNames>G</givenNames></author>, <author><familyName>Harry</familyName> <givenNames>VD</givenNames></author>, <author><familyName>Aneta</familyName> <givenNames>K</givenNames></author>, <i>et al</i>.: <articleTitle>Head&#x2010;to&#x2010;head comparison of two transcription&#x2010;mediated amplification assay versions for detection of hepatitis B virus, hepatitis C virus, and human immunodeficiency virus Type 1 in blood donors</articleTitle>. <journalTitle>Transfusion</journalTitle> <pubYear year="2013">2013</pubYear>; <vol>53</vol>:<pageFirst>2512</pageFirst>&#x2013;<pageLast>2524</pageLast></citation>
</bib>
<bib xml:id="voxs12396-bib-0015">
<citation type="other" xml:id="voxs12396-cit-0015">
<otherTitle>Personal communication with Ravi Reddy and Marion Vermeulen of the South African National Blood Service</otherTitle>
</citation>
</bib>
<bib xml:id="voxs12396-bib-0016">
<citation type="journal" xml:id="voxs12396-cit-0016"><author><familyName>Campbell&#x2010; Yesufu</familyName> <givenNames>OT</givenNames></author>, <author><familyName>Gandhi</familyName> <givenNames>RT</givenNames></author>: <articleTitle>Update on Human Immunodeficiency Virus (HIV)&#x2010;2 Infections</articleTitle>. <journalTitle>Clin Infect Dis</journalTitle> <pubYear year="2011">2011</pubYear>; <vol>52</vol>:<pageFirst>780</pageFirst>&#x2013;<pageLast>787</pageLast></citation>
</bib>
</bibliography>
</body>
</component>
