<?xml version="1.0" encoding="US-ASCII" standalone="yes"?>
<component type="serialArticle" version="2.0" xml:id="voxs12395" xml:lang="en" xmlns="http://www.wiley.com/namespaces/wiley" xmlns:wiley="http://www.wiley.com/namespaces/wiley/wiley">
<header>
<publicationMeta level="product">
<doi origin="wiley" registered="yes">10.1111/(ISSN)1751-2824</doi>
<issn type="print">1751-2816</issn>
<issn type="electronic">1751-2824</issn>
<idGroup>
<id type="product" value="VOXS"/>
</idGroup>
<titleGroup>
<title sort="ISBT SCIENCE SERIES" type="main">ISBT Science Series</title>
<title type="short">VOXS</title>
</titleGroup>
</publicationMeta>
<publicationMeta level="part" position="10"><doi origin="wiley">10.1111/voxs.2018.13.issue-1</doi>
<titleGroup>
<title type="specialIssueTitle">27th Regional Congress of the International Society of Blood Transfusion, Copenhagen, Denmark, June 17&#x2010;21, part II</title>
</titleGroup>
<copyright ownership="thirdParty">Copyright ISBT Science Series &#x00A9; 2018 International Society of Blood Transfusion</copyright><numberingGroup><numbering type="journalVolume" number="13">13</numbering><numbering type="journalIssue">1</numbering></numberingGroup><coverDate startDate="2018-02">February 2018</coverDate>
</publicationMeta>
<publicationMeta level="unit" position="80" status="forIssue" type="reviewArticle">
<doi>10.1111/voxs.12395</doi>
<idGroup>
<id type="unit" value="VOXS12395"/>
</idGroup>
<countGroup>
<count number="4" type="pageTotal"/>
</countGroup>
<titleGroup>
<title type="articleCategory">Congress Review</title>
<title type="tocHeading1">27th Regional Congress of the International Society of Blood Transfusion, Copenhagen, Denmark, June 17&#x2010;21, part II</title>
<title type="tocHeading2">Congress Reviews</title>
</titleGroup>
<copyright ownership="thirdParty">&#x00A9; 2017 International Society of Blood Transfusion</copyright>
<eventGroup>
<event agent="SPS" date="2017-09-07" type="xmlCreated"></event>
</eventGroup>
<numberingGroup><numbering type="pageFirst">47</numbering><numbering type="pageLast">50</numbering></numberingGroup>
<correspondenceTo>
<lineatedText>
<line><i>Correspondence</i>: Veerle Compernolle, Belgian Red Cross, Ottergemsesteenweg 413 B&#x2010;9000 Gent, Belgium.</line>
<line>E&#x2010;mail: <email>veerle.compernolle@rodekruis.be</email></line>
</lineatedText>
</correspondenceTo>
<linkGroup>
<link type="toTypesetVersion" href="file:voxs12395.pdf"/>
<link type="toAuthorManuscriptVersion" href="file:voxs12395_am.pdf"/>
</linkGroup>
</publicationMeta>
<contentMeta><countGroup><count type="figureTotal" number="1"/><count type="tableTotal" number="0"/><count type="wordTotal" number="2535"/></countGroup>
<titleGroup>
<title type="main">Lessons for blood services following the Brussels terrorist attacks in March 2016</title>
<title type="shortAuthors">V. Compernolle <i>et al</i>.</title>
</titleGroup>
<creators>
<creator affiliationRef="#voxs12395-aff-0001 #voxs12395-aff-0002" corresponding="yes" creatorRole="author" xml:id="voxs12395-cr-0001">
<personName><givenNames>V.</givenNames> <familyName>Compernolle</familyName></personName><contactDetails><email>veerle.compernolle@rodekruis.be</email></contactDetails>
</creator>
<creator affiliationRef="#voxs12395-aff-0003" creatorRole="author" xml:id="voxs12395-cr-0002">
<personName><givenNames>T.</givenNames> <familyName>Najdovski</familyName></personName>
</creator>
<creator affiliationRef="#voxs12395-aff-0003" creatorRole="author" xml:id="voxs12395-cr-0003">
<personName><givenNames>I.</givenNames> <familyName>De Bouyalski</familyName></personName>
</creator>
<creator affiliationRef="#voxs12395-aff-0001 #voxs12395-aff-0002 #voxs12395-aff-0004" creatorRole="author" xml:id="voxs12395-cr-0004">
<personName><givenNames>P.</givenNames> <familyName>Vandekerckhove</familyName></personName>
</creator>
</creators>
<affiliationGroup>
<affiliation countryCode="BE" type="organization" xml:id="voxs12395-aff-0001">
<orgName>Blood Service of the Belgian Red Cross</orgName> <address><city>Ghent</city> <country>Belgium</country></address></affiliation>
<affiliation countryCode="BE" type="organization" xml:id="voxs12395-aff-0002">
<orgDiv>Faculty of Medicine and Health Sciences</orgDiv> <orgName>Ghent University</orgName> <address><city>Ghent</city> <country>Belgium</country></address></affiliation>
<affiliation countryCode="BE" type="organization" xml:id="voxs12395-aff-0003">
<orgName>Belgian Red Cross Blood Service</orgName> <address><city>Namur</city> <country>Belgium</country></address></affiliation>
<affiliation countryCode="BE" type="organization" xml:id="voxs12395-aff-0004">
<orgDiv>Department of Public Health and primary Care</orgDiv> <orgName>KULeuven &#x2013; University of Leuven</orgName> <address><city>Leuven</city> <country>Belgium</country></address>
</affiliation>
</affiliationGroup>
<keywordGroup type="author">
<keyword xml:id="voxs12395-kwd-0001">blood supply management</keyword>
<keyword xml:id="voxs12395-kwd-0002">donors</keyword>
<keyword xml:id="voxs12395-kwd-0003">transfusion medicine</keyword>
</keywordGroup>
<abstractGroup>
<abstract type="main" xml:id="voxs12395-abs-0001" xml:lang="en">
<p>On 22 March 2016, Brussels was confronted with terrorist attacks using explosive devices. Two nail bombs exploded at the airport and one nail bomb exploded in the subway. Thirty&#x2010;five people were killed, and approximately 340 got injured. Stock levels were excellent for all blood products and all blood groups. The amount of blood distributed on March 22 was at the high end but in line with the amount of blood products distributed on regular Tuesdays. The total order of blood group O Rhesus D (RhD)&#x2010;negative red cell units was nonetheless approximately twice as high as normal. For three University hospitals, we investigated in detail how many blood products were transfused to each of the hospitalized victims. Overall, the number of blood products needed was not excessive. We consistently communicated to the national media that no additional blood donations were needed. Nevertheless, the number of visits to our website was fourfold higher and the number of donors presenting at the donor centres twofold higher than normal. The number of donors presenting at mobile collections was not increased, mainly because one drive was cancelled by the continuing threat. In summary, the experiences in Flanders and Wallonia, following the Brussels attacks, are in line with those in other countries indicating that the amount of surplus blood to alleviate immediate needs generally is limited and the willingness for blood donation is high. In the end, it is important to raise awareness that blood required for today&#x0027;s disaster was donated yesterday.</p>
</abstract>
</abstractGroup>
</contentMeta>
<noteGroup xml:id="voxs12395-ntgp-0101">
<note numbered="no" xml:id="voxs12395-note-1001">3A&#x2013;S01&#x2013;02</note>
</noteGroup>
</header>
<body sectionsNumbered="no" xml:id="voxs12395-body-0001">
<section xml:id="voxs12395-sec-0001">
<title type="main">Introduction</title>
<p>On 22 March 2016, Brussels was confronted with terrorist attacks. Two nail bombs exploded in the departure hall of Brussels airport at 7:58 a.m. At 9:11 a.m., a nail bomb detonated in the underground railway in the city centre. Thirty&#x2010;five people, including three terrorists, lost their lives and approximately three hundred and forty were injured. The national disaster plan was initiated, and patients were distributed over several hospitals throughout the country. Due to the continuing terrorist threat, the country was at the highest level of alarm (level 4) following the attacks. Later that day, level 4 was restricted to the area of Brussels.</p>
<p>Within this review, the supply and use of blood following this event, the effect of this attack on the influx of donors and the challenges we experienced at multiple levels of communication are summarized and compared with the literature.</p>
</section>
<section xml:id="voxs12395-sec-0002">
<title type="main">Blood supply</title>
<p>The explosions at Brussels Airport were rapidly communicated via the media. Within minutes, the stock levels of blood products in our blood establishment were consulted and evaluated. The blood establishments of the Red Cross in Flanders and Wallonia serve approximately 90&#x0025; of the hospitals in Belgium. The stock levels for red cells were excellent for all blood groups (&#x003E;5 days stock), and a sufficient amount of platelets were available. In Belgium, hospitals are generally advised to maintain an inventory of 7 days stock within their proper blood bank. Both facts allowed us to rapidly conclude that the risk of running out of blood was extremely low. This conclusion influenced our communication strategy and allowed to distribute blood products according to hospital demand. In Flanders and Wallonia, a similar communication strategy was used.</p>
<p>Immediately after the inventory of stock levels was clear, we tried to contact the two university hospitals near the scene of events. The blood bank of the university hospital in Leuven was contacted successfully but did not yet have information on the expected number of casualties and reported to have excellent stock levels. We &#x2013; proactively &#x2013; provided them with additional 20 O RhD<sup>&#x002B;</sup> and 10 O RhD<sup>&#x2212;</sup> units of red cells. Contacting the blood bank of one of the university hospital of Brussels failed due to saturation problems with the telephone network. In addition, physical road blocks as a consequence of the continuing terrorist threat inhibited blood transport from the distribution centre that normally provides this particular hospital. As we had no information on the number of casualties and did not know if the accessibility of this hospital would improve, we provided an additional 30 O RhD<sup>&#x002B;</sup> and 20 O RhD<sup>&#x2212;</sup> units from another distribution centre. The two other university hospitals in Brussels could be contacted after several attempts and readiness to supply them in case of additional need of blood components was confirmed.</p>
<p>Throughout the day, communication problems with both the regular telephone network and incorrect use of the emergency communication network caused a lack of information on the triage of patients to hospitals. It was consequently not possible to distribute blood products according to the triage <link href="#voxs12395-bib-0001"/>. Therefore, we decided to provide hospital blood banks according to their demand. As depicted in Fig. <link href="#voxs12395-fig-0001"/>a and b, the distribution of red cells was higher on March 22 compared to an average day of the week. Stock levels at the blood establishments were appropriate to respond to the requested amount. Figure <link href="#voxs12395-fig-0001"/>c and d displays the number of distributed O RhD<sup>&#x002B;</sup> and O RhD<sup>&#x2212;</sup> units. The demand of O RhD<sup>&#x2212;</sup> red cells clearly increased on March 22.</p>
<figure xml:id="voxs12395-fig-0001">
<mediaResourceGroup>
<mediaResource alt="image" href="urn:x-wiley:17512816:media:voxs12395:voxs12395-fig-0001"/>
<mediaResource alt="image" href="image_m/voxs12395-fig-0001-m.png" mimeType="image/png" rendition="webHiRes"/>
<mediaResource alt="image" href="image_n/voxs12395-fig-0001.png" mimeType="image/png" rendition="webOriginal"/>
<mediaResource alt="image" href="image_t/voxs12395-fig-0001-t.gif" mimeType="image/gif" rendition="webLoRes"/>
</mediaResourceGroup>
<caption>Distributed blood products (a) and (b) the number of platelet concentrates (open bars), red blood cell concentrates (filled bars) and virus&#x2010;inactivated plasma products (dashed bars) distributed between 15 March and 31 March 2016 are shown per day for Flanders (a) and Wallonia (b). (c) and (d) the number of O Rh&#x2010;positive red blood cells (open bars) and O Rh&#x2010;negative red blood cells (filled bars) distributed from March 15 until March 31 are displayed per day for Flanders (c) and Wallonia (d).</caption>
</figure>
</section>
<section xml:id="voxs12395-sec-0003">
<title type="main">Blood usage</title>
<p>Detailed information on the usage of blood products during the first week following hospitalization of the victims was obtained from three university hospitals in Flanders. The university hospital of Leuven hospitalized 24 patients of which 15 were severely injured and 11 needed blood products. On March 22, two platelet units, 12 units of plasma and 23 units of red cells were transfused of which 12 were transfused without cross&#x2010;matching. The university hospital of Brussels admitted 12 patients of which eight were seriously injured but only two patients needed blood products. Within the first 24 h, these two patients needed 13 units of red cells and four units of plasma. The university hospital of Ghent initially took in only one victim but later on three patients were transferred from other hospitals. Only one patient needed blood (one unit red cells on March 23 and one unit on March 24). Although some victims needed large amounts of blood, the overall usage of blood products was not excessive, confirming reports of previous disasters <link href="#voxs12395-bib-0002 #voxs12395-bib-0003 #voxs12395-bib-0004"/>.</p>
</section>
<section xml:id="voxs12395-sec-0004">
<title type="main">Donor influx</title>
<p>Previous disasters have shown to increase the willingness of donors to donate blood. The myth that blood usage is enormous and blood supply is likely to be exhausted still lives till this day. Despite immediate communication about stock levels being adequate to manage the ongoing situation, the number of visitors to the website increased fourfold and the number of registrations to donate increased 20&#x2010;fold compared to regular Tuesdays. The number of donors presenting at the donor centres doubled in Flanders on March 22. The number of donors presenting at the mobile drives in Flanders was not increased. The continuing terrorist threat, resulting in the cancellation of one scheduled mobile drive explains this finding. On March 23, the number of donors at mobile drives was approximately 15&#x0025; higher than expected, the number of donors at fixed centres was increased by half. By the end of the week, the number of donations normalized. In Wallonia, large numbers of donors came spontaneously to the donor centres. Although donors were encouraged to postpone their donation to the coming week, the number of whole blood donations doubled on March 22. Managing the afflux of donors required a significant additional effort to the collection teams.</p>
</section>
<section xml:id="voxs12395-sec-0005">
<title type="main">Communication</title>
<p>We faced difficulties with communication at several levels. First, due to the difficulties with the telephone and the emergency communication network, we were unable to obtain information on the triage of patients. Second, although we rapidly communicated to the press and the public that thanks to previous donations our stock levels were adequate and that there was no urgent need for blood, the number of phone calls from candidate donors to donor centres but also to hospitals was massive. One hospital unfortunately communicated an urgent need for blood, possibly inducing additional phone calls to hospitals demonstrating the difficulty to control communication in emergency situations. It was essential to inform the press repeatedly and the entire day that stocks were adequate. Finally, the difficulties with the telephone network also impaired normal communication with hospitals throughout the country.</p>
</section>
<section xml:id="voxs12395-sec-0006">
<title type="main">Discussion</title>
<p>Mass casualty events pose sudden demands on key services of healthcare systems. However, previous experiences with terroristic attacks learn that the availability of blood products is rarely a problem. The terroristic attacks in the north&#x2010;east of United States on 11 September 2001 resulted in approximately 3000 deaths and more than 4000 injuries. Nationwide, more than 475 000 blood units were collected following these events but only 258 units of red cells were transfused <link href="#voxs12395-bib-0002"/>. The bombings in London on 7 July 2005 caused 56 deaths and approximately 360 injuries. In total, only 440 units of red cells were transfused <link href="#voxs12395-bib-0004"/>. The amount of blood products ordered was three times the number of products used initially, illustrating the risk of overordering blood products.</p>
<p>Although individual patients may need a large amount of blood products, the overall number of blood products needed is usually limited,. The AABB Disaster Operations Handbook calculates an average of three units of O red cells per expected hospital admission <link href="#voxs12395-bib-0001"/>. A similar advice is given by Bala <i>et al</i>. <link href="#voxs12395-bib-0005"/> Others recommend three units of red cells per patient expected to need a transfusion <link href="#voxs12395-bib-0006"/>, In the university hospitals of Leuven and Brussels, the average usage of red blood cells per admitted patient was low and below the three units of red cells per casualty. Similarly, Shinar and co&#x2010;workers reviewed 1645 terrorist attacks between 2000 and 2005 involving 7497 victims and reported a mean number of 1&#x00B7;3 units of red cells per casualty and 6&#x00B7;7 units of red cells per severe or moderately injured patient <link href="#voxs12395-bib-0007"/>. In case, more detailed information on the triage of patients is available, more specific guidance can be provided as was done during the preparation of the 2012 London Olympics <link href="#voxs12395-bib-0008"/>. During mass casualty events, detailed triage information is however most often not available. The implementation of data management systems may facilitate the availability of triage data as it enables to track patient transfers from the scene to the hospital and from one facility to another.</p>
<p>Stock levels in individual hospitals should be assessed during major incident planning and are influenced by the local (geographical) situation and distance to the supplying blood establishment. Whereas most hospitals in the US aim for a three&#x2010;day supply of blood <link href="#voxs12395-bib-0009"/>, stock levels of red cells in hospitals in Norway, due to the more difficult access, match for 10 to 14 days of average hospital activity <link href="#voxs12395-bib-0008"/>. To ensure a rapid response following a mass casualty event, blood suppliers should maintain current contact information with the local emergency response network and participate in disaster exercises. Blood establishments should keep in mind that limitations in transport occur frequently following mass casualty events.</p>
<p>To be prepared for a major incident, hospitals should have an approach to handle massive haemorrhage including guidance on ratios red cells&#x002F;plasma&#x002F;platelets and measures to ensure patient sampling prior to the first transfusion <link href="#voxs12395-bib-0010"/>. Policies to switch from O RhD<sup>&#x2212;</sup> to O RhD<sup>&#x002B;</sup> in women above 50 and in males (e.g. after demonstrating the absence of anti&#x2010;D) are helpful to limit the amount of O RhD<sup>&#x2212;</sup> cells used <link href="#voxs12395-bib-0008"/>. Reverting from O red cells to ABO identical red cells during mass casualty events requires reliable identification procedures to be in place <link href="#voxs12395-bib-0006"/> as well as guidance on how to handle mixed fields in blood grouping following the initial administration of O red cells <link href="#voxs12395-bib-0008"/>.</p>
<p>During times of disasters, including terroristic attacks, surges of blood donors can rapidly distort the blood collection system. Working with the media to repeatedly and consistently inform the public on the actual need of blood donation is mandatory to limit the influx of donors. In most instances, the message is that no additional blood is needed immediately after the event but that donors should contact the local blood centre to schedule a donation for the upcoming weeks <link href="#voxs12395-bib-0009"/>.</p>
</section>
<section xml:id="voxs12395-sec-0007">
<title type="main">Conclusion</title>
<p>In line with the experiences during previous attacks and disasters, the use of blood products was not excessive and normal stock levels allowed adequate supply. In case of a terrorist threat, blood establishments can however expect restricted mobility and transportation in affected areas. Blood establishments should be prepared for high number of candidate donors both contacting blood centres via telephone or website and visiting fixed donor centres and mobile drives. The communication of a clear, consistent and persisting message to all media is essential to direct donors towards future rather than immediate donation and to avoid potential donors to inadequately contact hospitals. It remains vital to raise awareness that blood required for today&#x0027;s disaster was donated yesterday.</p>
</section>
<section type="acknowledgments" xml:id="voxs12395-sec-0008">
<title type="main">Acknowledgements</title>
<p>V.C wrote the manuscript. T.N, I.DB. and PVDK provided essential information. All authors critically reviewed the manuscript. The authors thank Dr. Hendrik Feys for critical reading and graphical support, Dr. Apr. Valerie Pede, Apr Annelies Fraeyman and Dr Pieter Gys for providing data on the usage of blood products.</p>
</section>
<section xml:id="voxs12395-sec-0009">
<title type="main">Conflict of interest</title>
<p>The authors declare no conflict of interests.</p>
</section>
<bibliography cited="yes" style="numbered" xml:id="voxs12395-bibl-0001">
<title type="main">References</title>
<bib xml:id="voxs12395-bib-0001">
<citation type="other" xml:id="voxs12395-cit-0001"><groupName>AABB</groupName>: <otherTitle>Disaster operation handbook</otherTitle>. <url href="https://www.aabb.org/programs/disasterresponse/Documents/disastophndbkv2.pdf">https://www.aabb.org/programs/disasterresponse/Documents/disastophndbkv2.pdf</url>. (Last accessed 17 August 2017)</citation>
</bib>
<bib xml:id="voxs12395-bib-0002">
<citation type="journal" xml:id="voxs12395-cit-0002"><author><familyName>Schmidt</familyName> <givenNames>PJ</givenNames></author>: <articleTitle>Blood and disaster&#x2013;supply and demand</articleTitle>. <journalTitle>N Engl J Med</journalTitle> <pubYear year="2002">2002</pubYear>; <vol>346</vol>:<pageFirst>617</pageFirst>&#x2013;<pageLast>620</pageLast></citation>
</bib>
<bib xml:id="voxs12395-bib-0003">
<citation type="journal" xml:id="voxs12395-cit-0003"><author><familyName>Kuruppu</familyName> <givenNames>KK</givenNames></author>: <articleTitle>Management of blood system in disasters</articleTitle>. <journalTitle>Biologicals</journalTitle> <pubYear year="2010">2010</pubYear>; <vol>38</vol>:<pageFirst>87</pageFirst>&#x2013;<pageLast>90</pageLast></citation>
</bib>
<bib xml:id="voxs12395-bib-0004">
<citation type="journal" xml:id="voxs12395-cit-0004"><author><familyName>Glasgow</familyName> <givenNames>SM</givenNames></author>, <author><familyName>Allard</familyName> <givenNames>S</givenNames></author>, <author><familyName>Doughty</familyName> <givenNames>H</givenNames></author>, <i>et al</i>.: <articleTitle>Blood and bombs: the demand and use of blood following the London Bombings of 7 July 2005&#x2013;a retrospective review</articleTitle>. <journalTitle>Transfus Med</journalTitle> <pubYear year="2012">2012</pubYear>; <vol>22</vol>:<pageFirst>244</pageFirst>&#x2013;<pageLast>250</pageLast></citation>
</bib>
<bib xml:id="voxs12395-bib-0005">
<citation type="journal" xml:id="voxs12395-cit-0005"><author><familyName>Bala</familyName> <givenNames>M</givenNames></author>, <author><familyName>Kaufman</familyName> <givenNames>T</givenNames></author>, <author><familyName>Keidar</familyName> <givenNames>A</givenNames></author>, <i>et al</i>.: <articleTitle>Defining the need for blood and blood products transfusion following suicide bombing attacks on a civilian population: a level I single&#x2010;centre experience</articleTitle>. <journalTitle>Injury</journalTitle> <pubYear year="2014">2014</pubYear>; <vol>45</vol>:<pageFirst>50</pageFirst>&#x2013;<pageLast>55</pageLast></citation>
</bib>
<bib xml:id="voxs12395-bib-0006">
<citation type="journal" xml:id="voxs12395-cit-0006"><author><familyName>Dann</familyName> <givenNames>EJ</givenNames></author>, <author><familyName>Bonstein</familyName> <givenNames>L</givenNames></author>, <author><familyName>Arbov</familyName> <givenNames>L</givenNames></author>, <i>et al</i>.: <articleTitle>Blood bank protocols for large&#x2010;scale civilian casualty events: experience from terrorist bombing in Israel</articleTitle>. <journalTitle>Transfus Med</journalTitle> <pubYear year="2007">2007</pubYear>; <vol>17</vol>:<pageFirst>135</pageFirst>&#x2013;<pageLast>139</pageLast></citation>
</bib>
<bib xml:id="voxs12395-bib-0007">
<citation type="journal" xml:id="voxs12395-cit-0007"><author><familyName>Shinar</familyName> <givenNames>E</givenNames></author>, <author><familyName>Yahalom</familyName> <givenNames>V</givenNames></author>, <author><familyName>Silverman</familyName> <givenNames>BG</givenNames></author>: <articleTitle>Meeting blood requirements following terrorist attacks: the Israeli experience</articleTitle>. <journalTitle>Curr Opin Hematol</journalTitle> <pubYear year="2006">2006</pubYear>; <vol>13</vol>:<pageFirst>452</pageFirst>&#x2013;<pageLast>456</pageLast></citation>
</bib>
<bib xml:id="voxs12395-bib-0008">
<citation type="journal" xml:id="voxs12395-cit-0008"><author><familyName>Doughty</familyName> <givenNames>H</givenNames></author>, <author><familyName>Glasgow</familyName> <givenNames>S</givenNames></author>, <author><familyName>Kristoffersen</familyName> <givenNames>E</givenNames></author>: <articleTitle>Mass casualty events: blood transfusion emergency preparedness across the continuum of care</articleTitle>. <journalTitle>Transfusion</journalTitle> <pubYear year="2016">2016</pubYear>; <vol>56</vol>(<issue>Suppl 2</issue>):<pageFirst>S208</pageFirst>&#x2013;<pageLast>S216</pageLast></citation>
</bib>
<bib xml:id="voxs12395-bib-0009">
<citation type="other" xml:id="voxs12395-cit-0009"><groupName>CDC</groupName>: <otherTitle>Surge capacity for terrorist Bombing</otherTitle>. <url href="http://emergency.cdc.gov/masscasualties/surgecapacite.asp">http://emergency.cdc.gov/masscasualties/surgecapacite.asp</url>. (Last accessed 17 August 2017)</citation>
</bib>
<bib xml:id="voxs12395-bib-0010">
<citation type="journal" xml:id="voxs12395-cit-0010"><author><familyName>Hunt</familyName> <givenNames>BJ</givenNames></author>, <author><familyName>Allard</familyName> <givenNames>S</givenNames></author>, <author><familyName>Keeling</familyName> <givenNames>D</givenNames></author>, <i>et al</i>., <groupName>British Committee for Standards in H</groupName>: <articleTitle>A practical guideline for the haematological management of major haemorrhage</articleTitle>. <journalTitle>Br J Haematol</journalTitle> <pubYear year="2015">2015</pubYear>; <vol>170</vol>:<pageFirst>788</pageFirst>&#x2013;<pageLast>803</pageLast></citation>
</bib>
</bibliography>
</body>
</component>
