<?xml version="1.0" encoding="US-ASCII" standalone="yes"?>
<component type="serialArticle" version="2.0" xml:id="voxs12375" xml:lang="en" xmlns="http://www.wiley.com/namespaces/wiley" xmlns:wiley="http://www.wiley.com/namespaces/wiley/wiley">
<header>
<publicationMeta level="product">
<doi origin="wiley" registered="yes">10.1111/(ISSN)1751-2824</doi>
<issn type="print">1751-2816</issn>
<issn type="electronic">1751-2824</issn>
<idGroup>
<id type="product" value="VOXS"/>
</idGroup>
<titleGroup>
<title sort="ISBT SCIENCE SERIES" type="main">ISBT Science Series</title>
<title type="short">VOXS</title>
</titleGroup>
</publicationMeta>
<publicationMeta level="part" position="10"><doi origin="wiley">10.1111/voxs.2018.13.issue-1</doi>
<titleGroup>
<title type="specialIssueTitle">27th Regional Congress of the International Society of Blood Transfusion, Copenhagen, Denmark, June 17&#x2010;21, part II</title>
</titleGroup>
<copyright ownership="thirdParty">Copyright ISBT Science Series &#x00A9; 2018 International Society of Blood Transfusion</copyright><numberingGroup><numbering type="journalVolume" number="13">13</numbering><numbering type="journalIssue">1</numbering></numberingGroup><coverDate startDate="2018-02">February 2018</coverDate>
</publicationMeta>
<publicationMeta level="unit" position="140" status="forIssue" type="reviewArticle">
<doi>10.1111/voxs.12375</doi>
<idGroup>
<id type="unit" value="VOXS12375"/>
</idGroup>
<countGroup>
<count number="6" type="pageTotal"/>
</countGroup>
<titleGroup>
<title type="articleCategory">Congress Review</title>
<title type="tocHeading1">27th Regional Congress of the International Society of Blood Transfusion, Copenhagen, Denmark, June 17&#x2010;21, part II</title>
<title type="tocHeading2">Congress Reviews</title>
</titleGroup>
<copyright ownership="thirdParty">&#x00A9; 2017 International Society of Blood Transfusion</copyright>
<eventGroup>
<event date="2017-05-31" type="manuscriptReceived"></event>
<event date="2017-07-11" type="manuscriptRevised"></event>
<event date="2017-07-12" type="manuscriptAccepted"></event>
<event agent="SPS" date="2017-07-20" type="xmlCreated"></event>
</eventGroup>
<numberingGroup><numbering type="pageFirst">87</numbering><numbering type="pageLast">92</numbering></numberingGroup>
<correspondenceTo>
<lineatedText>
<line><i>Correspondence</i>: John W. Semple, Lund University, BMC C14, Klinikgatan 26, 221 84 Lund, Sweden.</line>
<line>E&#x2010;mail: <email>john_w.semple@med.lu.se</email></line>
</lineatedText>
</correspondenceTo>
<linkGroup>
<link type="toTypesetVersion" href="file:voxs12375.pdf"/>
<link type="toAuthorManuscriptVersion" href="file:voxs12375_am.pdf"/>
</linkGroup>
</publicationMeta>
<contentMeta><countGroup><count type="figureTotal" number="0"/><count type="tableTotal" number="0"/><count type="wordTotal" number="4191"/></countGroup>
<titleGroup>
<title type="main">Platelet immunobiology: platelets as prey and predator</title>
<title type="shortAuthors">R. Kapur &#x0026; J. W. Semple</title>
</titleGroup>
<creators>
<creator affiliationRef="#voxs12375-aff-0001" creatorRole="author" xml:id="voxs12375-cr-0001">
<personName><givenNames>R.</givenNames> <familyName>Kapur</familyName></personName>
</creator>
<creator affiliationRef="#voxs12375-aff-0001 #voxs12375-aff-0002 #voxs12375-aff-0003" corresponding="yes" creatorRole="author" xml:id="voxs12375-cr-0002">
<personName><givenNames>J. W.</givenNames> <familyName>Semple</familyName></personName>
<contactDetails><email>john_w.semple@med.lu.se</email></contactDetails>
</creator>
</creators>
<affiliationGroup>
<affiliation countryCode="SE" type="organization" xml:id="voxs12375-aff-0001"><orgDiv>Division of Hematology and Transfusion Medicine</orgDiv> <orgName>Lund University</orgName> <address><city>Lund</city> <country>Sweden</country></address></affiliation>
<affiliation countryCode="CA" type="organization" xml:id="voxs12375-aff-0002"><orgName>Keenan Research Centre for Biomedical Science</orgName> <orgName>St. Michael&#x0027;s Hospital</orgName> <address><city>Toronto</city> <countryPart>ON</countryPart> <country>Canada</country></address></affiliation>
<affiliation countryCode="CA" type="organization" xml:id="voxs12375-aff-0003"><orgDiv>Departments of Pharmacology, Medicine and Laboratory Medicine and Pathobiology</orgDiv> <orgName>University of Toronto</orgName> <address><city>Toronto</city> <countryPart>ON</countryPart> <country>Canada</country></address></affiliation>
</affiliationGroup>
<keywordGroup type="author">
<keyword xml:id="voxs12375-kwd-0001">neonatal alloimmune thrombocytopenia</keyword>
<keyword xml:id="voxs12375-kwd-0002">platelet immunobiology</keyword>
<keyword xml:id="voxs12375-kwd-0003">immune thrombocytopenia</keyword>
</keywordGroup>
<abstractGroup>
<abstract type="main" xml:id="voxs12375-abs-0001" xml:lang="en">
<p>The immune response against platelets is a complex process involving many aspects of the innate and adaptive immune system. Immune destruction of platelets and megakaryocytes and the thrombocytopenia that ensues can cause different clinically significant haematological disorders such as foetal and neonatal alloimmune thrombocytopenia (FNAIT), transfusion&#x2010;induced platelet refractoriness or immune thrombocytopenia (ITP). These conditions are frequently difficult to manage so an understanding of the biological nature of these adverse conditions is critical for an understanding of how to potentially reduce them. Superimposed on these immune platelet attack mechanisms are the immune characteristics of the platelets themselves. This paper will give an overview of how the immune system recognizes platelet antigens and mounts efficient effector mechanism to mediate thrombocytopenia. It will also present evidence to suggest that platelets also play a role in stimulating these responses and suppressing them: a scenario where the &#x2018;prey&#x2019; can become the &#x2018;predator&#x2019;.</p>
</abstract>
</abstractGroup>
</contentMeta>
<noteGroup xml:id="voxs12375-ntgp-0001">
<note numbered="no" xml:id="voxs12375-note-1001">4C&#x2013;S26&#x2013;01</note>
</noteGroup>
</header>
<body sectionsNumbered="no" xml:id="voxs12375-body-0001">
<section xml:id="voxs12375-sec-0001">
<title type="main">Introduction</title>
<section xml:id="voxs12375-sec-0002">
<title type="main">Innate and adaptive immunity and platelets</title>
<p>Innate immunity occurs naturally and is the result of the inherent genetic composition of the host. The innate immune system is comprised of non&#x2010;specific defence mechanisms and is activated by danger signals derived from a wide variety of insults from tissue damage to infectious assaults. These signals affect many different aspects of host physiology such as anatomical barriers, for example the skin, secretions like stomach acid or lysozyme and cellular players such as neutrophils, macrophages and Natural Killer cells <link href="#voxs12375-bib-0001 #voxs12375-bib-0002 #voxs12375-bib-0003 #voxs12375-bib-0004 #voxs12375-bib-0005"/>. These different aspects work closely in unison to defend the host against infections in a relatively non&#x2010;specific but direct manner within minutes to hours upon antigen appearance. One of the major functions of innate immunity is to recruit leucocytes to sites of inflammation caused by, for example, infections. This recruitment is mediated <i>via</i> the initial generation of potent molecules including lipid moieties, for example prostaglandins, chemokines and cytokines. Once recruited, leucocytes then initiate several host mechanisms of defence such as targeting infectious agents for destruction, enhancing the clearance of dangerous cells and, if necessary, recruitment and activation of the adaptive immune system through, for example, antigen presentation <link href="#voxs12375-bib-0001 #voxs12375-bib-0002 #voxs12375-bib-0003 #voxs12375-bib-0004 #voxs12375-bib-0005"/>.</p>
<p>On the other hand, adaptive immunity refers to the antigen&#x2010;specific immune response comprised exclusively of B and T lymphocytes and, in contrast to innate immunity, this system is slow to react to infectious agents as its activation is dependent on whether the innate immune system calls it into play. Once recruited and activated, however, T and B lymphocytes are exquisitely specific for antigens <i>via</i> the expression of genetically rearranged receptors and are able to uniquely generate memory pools to mount a quick anamnestic response to a reoccurrence of the offending infection <link href="#voxs12375-bib-0001 #voxs12375-bib-0004"/>. It is now clear that adaptive and innate immunity are inextricably linked where the innate immune system appears to be the ultimate controller of both.</p>
<p>Platelets are the smallest circulating cells in the blood and are generated in the bone marrow from large parental cells called megakaryocyte in a process termed proplatelet&#x2010;formation. Their primary physiological role is to maintain vascular integrity by responding to endothelial injury which leads to the eventual formation of a clot to arrest bleeding and initiate wound repair <link href="#voxs12375-bib-0006 #voxs12375-bib-0007 #voxs12375-bib-0008"/>. Platelets can also be targeted by the innate and adaptive immune system through for example, transfusion of allogeneic platelets, foetal&#x002F;maternal incompatibility and autoimmune processes that attack the host&#x0027;s own platelets. What is fascinating though is that although platelets can be targeted by immunity and prematurely destroyed there are multiple lines of evidence to suggest that the platelets themselves have a critical role in the modulation of inflammatory and immune processes. In this scenario, the platelet &#x2018;prey&#x2019; can, in some circumstances, become the &#x2018;predator&#x2019; and significantly modulate host immunity and potentially dictate their own immunological fate. This paper will discuss how platelets are targeted by innate and adaptive immune processes and, perhaps more interestingly, how the platelets themselves may modulate host immunity.</p>
</section>
</section>
<section xml:id="voxs12375-sec-0003">
<title type="main">Platelets as both prey and predator</title>
<section xml:id="voxs12375-sec-0004">
<title type="main">Allo&#x2010; and autoimmune destruction of platelets</title>
<p>Platelets express a cluster of human platelet antigens (HPAs) and their diversity has evolved due to single&#x2010;nucleotide polymorphisms resulting in amino acid substitutions localized on the main platelet receptors: GPIIb&#x002F;IIIa (integrin &#x03B1;IIb&#x03B2;3 or CD41&#x002F;CD61: the fibrinogen receptor), the GPIb&#x2010;V&#x2010;IX (von Willebrand factor receptor) and the GPIa&#x002F;IIa complex (&#x03B1;2&#x03B2;1, CD29, a collagen receptor) <link href="#voxs12375-bib-0009 #voxs12375-bib-0010"/>. HPA&#x2010;15 is localized on the platelet membrane protein CD109 [a glycosylphosphatidylinositol (GPI)&#x2010;linked glycoprotein located on the plasma membrane and belonging to the transforming growth factor&#x2010;&#x03B2; receptor system] <link href="#voxs12375-bib-0011"/>. GPIIb&#x2010;IIIa integrin also harbours the HPA&#x2010;1a&#x002F;b antigens, the most clinically relevant platelet antigens in foetal or neonatal alloimmune thrombocytopenia (FNAIT) which is a potentially devastating bleeding disorder resulting in destruction of foetal platelets and which occurs when an HPA&#x2010;negative mother is pregnant with a HPA&#x2010;positive foetus and becomes alloimmunized against the foetal HPA antigens, upon mixing of foetal blood with the mother&#x0027;s blood <link href="#voxs12375-bib-0012 #voxs12375-bib-0013"/>. This results in the formation of anti&#x2010;HPA&#x2010;specific IgG&#x2010;alloantibodies, which cross the placenta and destroy the foetal or neonatal platelets. This destruction occurs by phagocytes <i>via</i> their FcgRs which recognize and subsequently internalize the antibody&#x2010;opsonized platelets <i>via</i> the Fc&#x2010;tail of the anti&#x2010;HPA alloantibody resulting in antibody&#x2010;mediated platelet phagocytosis leading to foetal thrombocytopenia <link href="#voxs12375-bib-0012 #voxs12375-bib-0013"/>. Because antibody titre or isotype does not strictly correlate with FNAIT disease severity, other factors are likely to be involved. The strength of the interaction between IgG and FcgR indeed depends on several factors, such as the IgG subclass formed during the immune response, the relative affinity to FcgRs, the expression levels of FcgR allotypes, the FcgR copy number variation, various cytokines and importantly also the IgG&#x2010;Fc glycosylation patterns <link href="#voxs12375-bib-0014"/>. IgG antibodies are glycoproteins which contain a branched sugar moiety attached to the Asn297 residue in their Fc region and this glycan is thus essential for the maintenance of a functional structure and for binding of IgG with FcgR <link href="#voxs12375-bib-0015 #voxs12375-bib-0016 #voxs12375-bib-0017 #voxs12375-bib-0018"/>. These glycans may contain variable amounts of galactose and sialic acid and may additionally carry a bisecting N&#x2010;acetylglucosamine (GlcNAc) and core fucose. Variations in this carbohydrate composition can significantly affect antibody affinity to the FcgR and thereby antibody&#x2010;mediated effector functions. It was found that anti&#x2010;HPA&#x2010;1a alloantibodies display lowered Fc&#x2010;fucosylation <link href="#voxs12375-bib-0015"/>, which was shown to increase binding to FcgRIIIa&#x002F;b, which enhanced antibody&#x2010;mediated platelet phagocytosis <link href="#voxs12375-bib-0015"/>. Moreover, these fucosylation patterns correlated with increased clinical disease severity <link href="#voxs12375-bib-0015"/>. A follow&#x2010;up study investigating 166 FNAIT cases confirmed these results and found using multiple logistic regression analysis that anti&#x2010;HPA&#x2010;1a&#x2010;fucosylation combined with galactosylation and antibody levels correlated with bleeding severity <link href="#voxs12375-bib-0019"/>. Another factor which was found to influence anti&#x2010;HPA&#x2010;1a&#x2010;mediated platelet phagocytosis <i>in vitro</i>, as well as antibody&#x2010;mediated thrombocytopenia <i>in vivo</i>, was the acute phase protein C&#x2010;reactive protein (CRP) <link href="#voxs12375-bib-0020"/>. CRP is a well&#x2010;established biomarker for acute infections and inflammation. As CRP levels rapidly increase during acute infections and inflammation, they also seem to be functionally active in promoting antibody&#x2010;mediated platelet destruction. Elevated CRP levels may therefore at least provide one explanation of why acute infections may trigger thrombocytopenia.</p>
<p>Allogeneic platelet transfusions also frequently trigger the formation of anti&#x2010;human leucocyte antigen (HLA)&#x2010;specific alloantibodies, which destroy the platelets in subsequent transfusions inducing a state of platelet refractoriness and depriving the transfused recipient from an effective transfusion <link href="#voxs12375-bib-0021"/>. Interestingly, anti&#x2010;HLA antibodies from refractory thrombocytopenia patients do not display a decrease in Fc&#x2010;fucosylation <link href="#voxs12375-bib-0015"/>, indicating a difference with anti&#x2010;HPA&#x2010;1a&#x2010;mediated platelet destruction in FNAIT.</p>
<p>Immune thrombocytopenia (ITP) is an autoimmune bleeding disorder characterized by low platelet counts (&#x003C;100&#x002A;10<sup>9</sup>&#x002F;l) <link href="#voxs12375-bib-0022"/>. In ITP, platelets are opsonized by platelet&#x2010;specific IgG&#x2010;autoantibodies, leading to FcgR&#x2010;mediated platelet phagocytosis by splenic macrophages <link href="#voxs12375-bib-0023 #voxs12375-bib-0024"/>. However, the pathogenesis of ITP is highly complex <link href="#voxs12375-bib-0025 #voxs12375-bib-0026"/>, and two other forms of platelet destruction are also described in ITP, which are due to CD8&#x002B; cytotoxic T lymphocytes <link href="#voxs12375-bib-0027"/> or due to antiplatelet GPIIIa49&#x2010;66 IgG antibodies which enabled platelet fragmentation independent of complement and through induction of reactive oxygen species (ROS) <link href="#voxs12375-bib-0028"/>. Initial management of ITP may include treatment with intravenous immunoglobulin (IVIg) <link href="#voxs12375-bib-0029"/>. The working mechanism of IVIg is actively under investigation and still a matter of debate. In the disease setting of ITP, IVIg may be effective therapeutically by activating Fc&#x03B3;Rs on DCs <link href="#voxs12375-bib-0030"/> while other studies have suggested that IVIg is effective <i>via</i> sialic acid and SIGN&#x2010;R1 (murine ortolog of human DC&#x2010;SIGN on DCs) <link href="#voxs12375-bib-0031"/>. In addition, it has been described that IVIg may raise platelet counts in ITP by increasing peripheral numbers of tolerizing DCs <link href="#voxs12375-bib-0032"/> and CD4&#x002B;CD25&#x002B;FoxP3&#x002B; T regulatory cells <link href="#voxs12375-bib-0033"/>. Interestingly, CRP levels were also found to be increased in paediatric ITP patients and treatment with IVIg correlated with increased platelet counts, decreased levels of CRP and with reduced clinical bleeding severity <link href="#voxs12375-bib-0020"/>. Moreover, an increased CRP value at diagnosis appeared to be predictive for slower platelet count recovery after 3 months <link href="#voxs12375-bib-0020"/>. This was recently validated in a cohort of newly diagnosed adult ITP patients, in which increased CRP levels at diagnosis were shown to negatively predict platelet count recovery after treatment with steroids <link href="#voxs12375-bib-0034"/>.</p>
</section>
<section xml:id="voxs12375-sec-0005">
<title type="main">Platelets as immune cells: the &#x2018;prey&#x2019; becomes the &#x2018;predator&#x2019;</title>
<p>Despite the fact that platelets are targeted for destruction in an allo&#x2010; or autoimmune setting, it has now increasingly become clear that platelets are also capable of conveying non&#x2010;haemostatic immune functions <link href="#voxs12375-bib-0035 #voxs12375-bib-0036 #voxs12375-bib-0037"/>. Platelets are able to battle invading pathogens and communicate with a variety of effector cells <i>via</i> sophisticated channels, thereby controlling immune responses.</p>
<p>Platelets can sense the threat of invading pathogens or damage during inflammation, <i>via</i> their immune receptors called pattern recognition receptors. These include immunoglobulin or complement receptors as well as Toll like receptors (TLR, TLR1&#x2013;9 are expressed on human and murine platelets) <link href="#voxs12375-bib-0023"/>. These receptors directly bind invading pathogens and microbes, including their derived products. Platelets can not only sense external danger signals, but also internal danger signals <i>via</i> TLR9, which was shown to be active during oxidative stress, through stimulation of platelet activation and granule secretion, aggregation <i>in vitro</i> and thrombosis <i>in vivo</i> <link href="#voxs12375-bib-0038"/>. Besides recognizing pathogens, platelets can also harbour pathogens on their plasma membrane as well as internally <link href="#voxs12375-bib-0039 #voxs12375-bib-0040"/>, including viruses <link href="#voxs12375-bib-0040 #voxs12375-bib-0041"/>, bacteria <link href="#voxs12375-bib-0042 #voxs12375-bib-0043 #voxs12375-bib-0044"/> and parasites <link href="#voxs12375-bib-0045"/>. Platelets can also surround or encapsulate the bacterium <i>Staphylococcus aureus</i>, driving the pathogen into clusters, thereby restricting the bacterial growth <link href="#voxs12375-bib-0046"/>. This was shown to occur <i>via</i> secretion of the antimicrobial peptide &#x03B2;&#x2010;defensin and signalling through neutrophil extracellular traps (NETs) <link href="#voxs12375-bib-0046"/>. Bacteria (methicillin&#x2010;resistant <i>S. aureus and Bacillus cereus</i>) were also trapped on hepatic Kupffer cells, dependent upon platelet&#x2010;adhesion receptor GP1b <link href="#voxs12375-bib-0047"/>. Additionally, during sepsis neutrophils were also shown to be activated by platelet TLR4, which triggered the release of NETs in blood vessels, trapping bacteria in liver and lungs <link href="#voxs12375-bib-0048"/>. Platelets also appear to be involved in the clearance of bacterial infections, such as in infective endocarditis, where thrombin&#x2010;stimulated platelets facilitated the clearance of <i>streptococci</i> <link href="#voxs12375-bib-0049"/>. Platelets could also redirect the course of the bacteria <i>Listeria monocytogenes</i> from less immunogenic phagocytes towards the more immunologically active splenic CD8&#x03B1;<sup>&#x002B;</sup> dendritic cells, <i>via</i> GP1b and complement component C3 <link href="#voxs12375-bib-0050"/>.</p>
<p>Furthermore, platelets can communicate with target cells <i>via</i> release of CD40L upon platelet activation, secretion of varies cytokines and chemokines, shedding of platelet microparticles and through their MHC class I <link href="#voxs12375-bib-0035 #voxs12375-bib-0036 #voxs12375-bib-0037"/>. Platelet&#x2010;derived CD40L has been shown to enhance CD8&#x002B; T cell responses during infection with <i>Listeria monocytogenes</i> <link href="#voxs12375-bib-0051 #voxs12375-bib-0052"/>, bind to dendritic cells impairing differentiation, suppressing pro&#x2010;inflammatory dendritic cell cytokines and increasing the anti&#x2010;inflammatory dendritic cell cytokine IL&#x2010;10 <link href="#voxs12375-bib-0053"/>. Platelets can also stimulate B cell differentiation and antibody&#x2010;class switching through CD40L <link href="#voxs12375-bib-0054 #voxs12375-bib-0055"/>. Regarding the various cytokines and chemokines secreted by platelets, TGF&#x2010;&#x03B2; levels for instance, seem regulated by platelets during ITP, as low levels of TGF&#x2010;&#x03B2; were observed during active disease, while the levels normalized again upon effective treatment of ITP which increased the platelet counts <link href="#voxs12375-bib-0056 #voxs12375-bib-0057"/>. Platelets also facilitate communication <i>via</i> shedding of their platelet microparticles. Platelets can equip their microparticles with a hetergenous cargo, which can consist of various cytokines and chemokines, potent lipid mediators, enzymes, surface receptors (e.g., CD40L), autoantigens, nucleic acids (e.g., micro RNA), transcription factors or respiratory competent mitochondria <link href="#voxs12375-bib-0058 #voxs12375-bib-0059 #voxs12375-bib-0060 #voxs12375-bib-0061 #voxs12375-bib-0062 #voxs12375-bib-0063 #voxs12375-bib-0064"/>. So through their microparticles, platelets can efficiently regulate various immune functions, dependent on their specific cargo. Platelets carry two different MHC class I molecules: plasma membrane bound and intracellularly <link href="#voxs12375-bib-0065"/>. The MHC class I molecules on the platelet plasma membrane are mainly adsorbed from plasma and consist predominantly of denatured heavy chains. The membrane&#x2010;bound MHC appears to be unstable because the molecules can passively dissociate from the platelet surface upon blood bank storage or upon elution with chloroquine diphosphate or acid washing without influencing the integrity of the platelet membrane <link href="#voxs12375-bib-0066 #voxs12375-bib-0067 #voxs12375-bib-0068 #voxs12375-bib-0069 #voxs12375-bib-0070 #voxs12375-bib-0071 #voxs12375-bib-0072"/>. Interestingly, these denatured MHC class I molecules are incapable of stimulating CD8&#x002B; T cell&#x2010;mediated cytotoxicity <link href="#voxs12375-bib-0072"/> but can mediate an immunosuppressive&#x2010;like reaction to transfused blood cells. In syngeneic settings, platelet activation can lead to expression of nascent MHC class I molecules, which are capable of presenting antigens to CD8&#x002B; T cells. Activated platelets were shown to present malarial peptides to malaria&#x2010;specific T cells, resulting in enhanced immunity against the parasite <link href="#voxs12375-bib-0073"/>. Therefore, the response towards T cells (suppression or activation) seems to be dependent upon the type of MHC class I, plasma membrane&#x2010;bound or intracellularly.</p>
</section>
</section>
<section xml:id="voxs12375-sec-0006">
<title type="main">Conclusion</title>
<p>Platelets can be targeted and destroyed by the immune system in a variety of ways; however, evidence is accumulating that platelets themselves can critically modulate and regulate inflammatory immune responses as well. The platelet &#x2018;prey&#x2019; has thus the ability to transform into the &#x2018;predator&#x2019; and potentially dictate a plethora of biological immune responses.</p>
</section>
<bibliography cited="yes" style="numbered" xml:id="voxs12375-bibl-0001">
<title type="main">References</title>
<bib xml:id="voxs12375-bib-0001">
<citation type="journal" xml:id="voxs12375-cit-0001"><author><familyName>Janeway</familyName> <nameSuffix>Jr</nameSuffix> <givenNames>CA</givenNames></author>: <articleTitle>The immune system evolved to discriminate infectious nonself from noninfectious self</articleTitle>. <journalTitle>Immunol Today</journalTitle> <pubYear year="1992">1992</pubYear>; <vol>13</vol>:<pageFirst>11</pageFirst>&#x2013;<pageLast>16</pageLast></citation>
</bib>
<bib xml:id="voxs12375-bib-0002">
<citation type="journal" xml:id="voxs12375-cit-0002"><author><familyName>Janeway</familyName> <givenNames>CA</givenNames> <nameSuffix>Jr</nameSuffix></author>, <author><familyName>Medzhitov</familyName> <givenNames>R</givenNames></author>: <articleTitle>Innate immune recognition</articleTitle>. <journalTitle>Annu Rev Immunol</journalTitle> <pubYear year="2002">2002</pubYear>; <vol>20</vol>:<pageFirst>197</pageFirst>&#x2013;<pageLast>216</pageLast></citation>
</bib>
<bib xml:id="voxs12375-bib-0003">
<citation type="journal" xml:id="voxs12375-cit-0003"><author><familyName>Janeway</familyName> <givenNames>CA</givenNames> <nameSuffix>Jr</nameSuffix></author>: <articleTitle>Approaching the asymptote? Evolution and revolution in immunology</articleTitle>. <journalTitle>Cold Spring Harb Symp Quant Biol</journalTitle> <pubYear year="1989">1989</pubYear>; <vol>54</vol>(<issue>Pt 1</issue>):<pageFirst>1</pageFirst>&#x2013;<pageLast>13</pageLast></citation>
</bib>
<bib xml:id="voxs12375-bib-0004">
<citation type="journal" xml:id="voxs12375-cit-0004"><author><familyName>Fearon</familyName> <givenNames>DT</givenNames></author>, <author><familyName>Locksley</familyName> <givenNames>RM</givenNames></author>: <articleTitle>The instructive role of innate immunity in the acquired immune response</articleTitle>. <journalTitle>Science</journalTitle> <pubYear year="1996">1996</pubYear>; <vol>272</vol>:<pageFirst>50</pageFirst>&#x2013;<pageLast>53</pageLast></citation>
</bib>
<bib xml:id="voxs12375-bib-0005">
<citation type="journal" xml:id="voxs12375-cit-0005"><author><familyName>Nathan</familyName> <givenNames>C</givenNames></author>: <articleTitle>Points of control in inflammation</articleTitle>. <journalTitle>Nature</journalTitle> <pubYear year="2002">2002</pubYear>; <vol>420</vol>:<pageFirst>846</pageFirst>&#x2013;<pageLast>852</pageLast></citation>
</bib>
<bib xml:id="voxs12375-bib-0006">
<citation type="journal" xml:id="voxs12375-cit-0006"><author><familyName>Nieswandt</familyName> <givenNames>B</givenNames></author>, <author><familyName>Varga&#x2010;Szabo</familyName> <givenNames>D</givenNames></author>, <author><familyName>Elvers</familyName> <givenNames>M</givenNames></author>: <articleTitle>Integrins in platelet activation</articleTitle>. <journalTitle>J Thromb Haemost</journalTitle> <pubYear year="2009">2009</pubYear>; <vol>7</vol>(<issue>Suppl. 1</issue>):<pageFirst>206</pageFirst>&#x2013;<pageLast>209</pageLast></citation>
</bib>
<bib xml:id="voxs12375-bib-0007">
<citation type="journal" xml:id="voxs12375-cit-0007"><author><familyName>Andrews</familyName> <givenNames>RK</givenNames></author>, <author><familyName>Berndt</familyName> <givenNames>MC</givenNames></author>: <articleTitle>Platelet physiology and thrombosis</articleTitle>. <journalTitle>Thromb Res</journalTitle> <pubYear year="2004">2004</pubYear>; <vol>114</vol>:<pageFirst>447</pageFirst>&#x2013;<pageLast>453</pageLast></citation>
</bib>
<bib xml:id="voxs12375-bib-0008">
<citation type="journal" xml:id="voxs12375-cit-0008"><author><familyName>Ho&#x2010;Tin&#x2010;Noe</familyName> <givenNames>B</givenNames></author>, <author><familyName>Demers</familyName> <givenNames>M</givenNames></author>, <author><familyName>Wagner</familyName> <givenNames>DD</givenNames></author>: <articleTitle>How platelets safeguard vascular integrity</articleTitle>. <journalTitle>J Thromb Haemost</journalTitle> <pubYear year="2011">2011</pubYear>; <vol>9</vol>(<issue>Suppl. 1</issue>):56&#x2010;65</citation>
</bib>
<bib xml:id="voxs12375-bib-0009">
<citation type="journal" xml:id="voxs12375-cit-0009"><author><familyName>Landau</familyName> <givenNames>M</givenNames></author>, <author><familyName>Rosenberg</familyName> <givenNames>N</givenNames></author>: <articleTitle>Molecular insight into human platelet antigens: structural and evolutionary conservation analyses offer new perspective to immunogenic disorders</articleTitle>. <journalTitle>Transfusion</journalTitle> <pubYear year="2011">2011</pubYear>; <vol>51</vol>:<pageFirst>558</pageFirst>&#x2013;<pageLast>569</pageLast></citation>
</bib>
<bib xml:id="voxs12375-bib-0010">
<citation type="journal" xml:id="voxs12375-cit-0010"><author><familyName>Rozman</familyName> <givenNames>P</givenNames></author>: <articleTitle>Platelet antigens. The role of human platelet alloantigens (HPA) in blood transfusion and transplantation</articleTitle>. <journalTitle>Transpl Immunol</journalTitle> <pubYear year="2002">2002</pubYear>; <vol>10</vol>:<pageFirst>165</pageFirst>&#x2013;<pageLast>181</pageLast></citation>
</bib>
<bib xml:id="voxs12375-bib-0011">
<citation type="journal" xml:id="voxs12375-cit-0011"><author><familyName>Schuh</familyName> <givenNames>AC</givenNames></author>, <author><familyName>Watkins</familyName> <givenNames>NA</givenNames></author>, <author><familyName>Nguyen</familyName> <givenNames>Q</givenNames></author>, <i>et al</i>.: <articleTitle>A tyrosine703serine polymorphism of CD109 defines the Gov platelet alloantigens</articleTitle>. <journalTitle>Blood</journalTitle> <pubYear year="2002">2002</pubYear>; <vol>99</vol>:<pageFirst>1692</pageFirst>&#x2013;<pageLast>1698</pageLast></citation>
</bib>
<bib xml:id="voxs12375-bib-0012">
<citation type="journal" xml:id="voxs12375-cit-0012"><author><familyName>Kaplan</familyName> <givenNames>C</givenNames></author>: <articleTitle>Neonatal alloimmune thrombocytopenia: a 50&#x2010;year story</articleTitle>. <journalTitle>Immunohematology</journalTitle> <pubYear year="2007">2007</pubYear>; <vol>23</vol>:<pageFirst>9</pageFirst>&#x2013;<pageLast>13</pageLast></citation>
</bib>
<bib xml:id="voxs12375-bib-0013">
<citation type="journal" xml:id="voxs12375-cit-0013"><author><familyName>Tiller</familyName> <givenNames>H</givenNames></author>, <author><familyName>Husebekk</familyName> <givenNames>A</givenNames></author>, <author><familyName>Ahlen</familyName> <givenNames>MT</givenNames></author>, <i>et al</i>.: <articleTitle>Current perspectives on fetal and neonatal alloimmune thrombocytopenia &#x2013; increasing clinical concerns and new treatment opportunities</articleTitle>. <journalTitle>Int J Womens Health</journalTitle> <pubYear year="2017">2017</pubYear>; <vol>9</vol>:<pageFirst>223</pageFirst>&#x2013;<pageLast>234</pageLast></citation>
</bib>
<bib xml:id="voxs12375-bib-0014">
<citation type="journal" xml:id="voxs12375-cit-0014"><author><familyName>Kapur</familyName> <givenNames>R</givenNames></author>, <author><familyName>Einarsdottir</familyName> <givenNames>HK</givenNames></author>, <author><familyName>Vidarsson</familyName> <givenNames>G</givenNames></author>: <articleTitle>IgG&#x2010;effector functions: &#x201C;the good, the bad and the ugly&#x201D;</articleTitle>. <journalTitle>Immunol Lett</journalTitle> <pubYear year="2014">2014</pubYear>; <vol>160</vol>:<pageFirst>139</pageFirst>&#x2013;<pageLast>144</pageLast></citation>
</bib>
<bib xml:id="voxs12375-bib-0015">
<citation type="journal" xml:id="voxs12375-cit-0015"><author><familyName>Kapur</familyName> <givenNames>R</givenNames></author>, <author><familyName>Kustiawan</familyName> <givenNames>I</givenNames></author>, <author><familyName>Vestrheim</familyName> <givenNames>A</givenNames></author>, <i>et al</i>.: <articleTitle>A prominent lack of IgG1&#x2010;Fc fucosylation of platelet alloantibodies in pregnancy</articleTitle>. <journalTitle>Blood</journalTitle> <pubYear year="2014">2014</pubYear>; <vol>123</vol>:<pageFirst>471</pageFirst>&#x2013;<pageLast>480</pageLast></citation>
</bib>
<bib xml:id="voxs12375-bib-0016">
<citation type="journal" xml:id="voxs12375-cit-0016"><author><familyName>Shields</familyName> <givenNames>RL</givenNames></author>, <author><familyName>Lai</familyName> <givenNames>J</givenNames></author>, <author><familyName>Keck</familyName> <givenNames>R</givenNames></author>, <i>et al</i>.: <articleTitle>Lack of fucose on human IgG1 N&#x2010;linked oligosaccharide improves binding to human Fcgamma RIII and antibody&#x2010;dependent cellular toxicity</articleTitle>. <journalTitle>J Biol Chem</journalTitle> <pubYear year="2002">2002</pubYear>; <vol>277</vol>:<pageFirst>26733</pageFirst>&#x2013;<pageLast>26740</pageLast></citation>
</bib>
<bib xml:id="voxs12375-bib-0017">
<citation type="journal" xml:id="voxs12375-cit-0017"><author><familyName>Sondermann</familyName> <givenNames>P</givenNames></author>, <author><familyName>Huber</familyName> <givenNames>R</givenNames></author>, <author><familyName>Oosthuizen</familyName> <givenNames>V</givenNames></author>, <i>et al</i>.: <articleTitle>The 3.2&#x2010;A crystal structure of the human IgG1 Fc fragment&#x2010;Fc gammaRIII complex</articleTitle>. <journalTitle>Nature</journalTitle> <pubYear year="2000">2000</pubYear>; <vol>406</vol>:<pageFirst>267</pageFirst>&#x2013;<pageLast>273</pageLast></citation>
</bib>
<bib xml:id="voxs12375-bib-0018">
<citation type="journal" xml:id="voxs12375-cit-0018"><author><familyName>Ferrara</familyName> <givenNames>C</givenNames></author>, <author><familyName>Grau</familyName> <givenNames>S</givenNames></author>, <author><familyName>Jager</familyName> <givenNames>C</givenNames></author>, <i>et al</i>.: <articleTitle>Unique carbohydrate&#x2010;carbohydrate interactions are required for high affinity binding between FcgammaRIII and antibodies lacking core fucose</articleTitle>. <journalTitle>Proc Natl Acad Sci U S A</journalTitle> <pubYear year="2011">2011</pubYear>; <vol>108</vol>:<pageFirst>12669</pageFirst>&#x2013;<pageLast>12674</pageLast></citation>
</bib>
<bib xml:id="voxs12375-bib-0019">
<citation type="journal" xml:id="voxs12375-cit-0019"><author><familyName>Sonneveld</familyName> <givenNames>ME</givenNames></author>, <author><familyName>Natunen</familyName> <givenNames>S</givenNames></author>, <author><familyName>Sainio</familyName> <givenNames>S</givenNames></author>, <i>et al</i>.: <articleTitle>Glycosylation pattern of anti&#x2010;platelet IgG is stable during pregnancy and predicts clinical outcome in alloimmune thrombocytopenia</articleTitle>. <journalTitle>Br J Haematol</journalTitle> <pubYear year="2016">2016</pubYear>; <vol>174</vol>:<pageFirst>310</pageFirst>&#x2013;<pageLast>320</pageLast></citation>
</bib>
<bib xml:id="voxs12375-bib-0020">
<citation type="journal" xml:id="voxs12375-cit-0020"><author><familyName>Kapur</familyName> <givenNames>R</givenNames></author>, <author><familyName>Heitink&#x2010;Polle</familyName> <givenNames>KM</givenNames></author>, <author><familyName>Porcelijn</familyName> <givenNames>L</givenNames></author>, <i>et al</i>.: <articleTitle>C&#x2010;reactive protein enhances IgG&#x2010;mediated phagocyte responses and thrombocytopenia</articleTitle>. <journalTitle>Blood</journalTitle> <pubYear year="2015">2015</pubYear>; <vol>125</vol>:<pageFirst>1793</pageFirst>&#x2013;<pageLast>1802</pageLast></citation>
</bib>
<bib xml:id="voxs12375-bib-0021">
<citation type="journal" xml:id="voxs12375-cit-0021"><author><familyName>Delaflor&#x2010;Weiss</familyName> <givenNames>E</givenNames></author>, <author><familyName>Mintz</familyName> <givenNames>PD</givenNames></author>: <articleTitle>The evaluation and management of platelet refractoriness and alloimmunization</articleTitle>. <journalTitle>Transfus Med Rev</journalTitle> <pubYear year="2000">2000</pubYear>; <vol>14</vol>:<pageFirst>180</pageFirst>&#x2013;<pageLast>196</pageLast></citation>
</bib>
<bib xml:id="voxs12375-bib-0022">
<citation type="journal" xml:id="voxs12375-cit-0022"><author><familyName>Rodeghiero</familyName> <givenNames>F</givenNames></author>, <author><familyName>Stasi</familyName> <givenNames>R</givenNames></author>, <author><familyName>Gernsheimer</familyName> <givenNames>T</givenNames></author>, <i>et al</i>.: <articleTitle>Standardization of terminology, definitions and outcome criteria in immune thrombocytopenic purpura of adults and children: report from an international working group</articleTitle>. <journalTitle>Blood</journalTitle> <pubYear year="2009">2009</pubYear>; <vol>113</vol>:<pageFirst>2386</pageFirst>&#x2013;<pageLast>2393</pageLast></citation>
</bib>
<bib xml:id="voxs12375-bib-0023">
<citation type="journal" xml:id="voxs12375-cit-0023"><author><familyName>Semple</familyName> <givenNames>JW</givenNames></author>, <author><familyName>Italiano</familyName> <nameSuffix>Jr</nameSuffix> <givenNames>JE</givenNames></author>, <author><familyName>Freedman</familyName> <givenNames>J</givenNames></author>: <articleTitle>Platelets and the immune continuum</articleTitle>. <journalTitle>Nat Rev Immunol</journalTitle> <pubYear year="2011">2011</pubYear>; <vol>11</vol>:<pageFirst>264</pageFirst>&#x2013;<pageLast>274</pageLast></citation>
</bib>
<bib xml:id="voxs12375-bib-0024">
<citation type="journal" xml:id="voxs12375-cit-0024"><author><familyName>Harrington</familyName> <givenNames>WJ</givenNames></author>, <author><familyName>Minnich</familyName> <givenNames>V</givenNames></author>, <author><familyName>Hollingsworth</familyName> <givenNames>JW</givenNames></author>, <i>et al</i>.: <articleTitle>Demonstration of a thrombocytopenic factor in the blood of patients with thrombocytopenic purpura</articleTitle>. <journalTitle>J Lab Clin Med</journalTitle> <pubYear year="1951">1951</pubYear>; <vol>38</vol>:<pageFirst>1</pageFirst>&#x2013;<pageLast>10</pageLast></citation>
</bib>
<bib xml:id="voxs12375-bib-0025">
<citation type="journal" xml:id="voxs12375-cit-0025"><author><familyName>McKenzie</familyName> <givenNames>CG</givenNames></author>, <author><familyName>Guo</familyName> <givenNames>L</givenNames></author>, <author><familyName>Freedman</familyName> <givenNames>J</givenNames></author>, <i>et al</i>.: <articleTitle>Cellular immune dysfunction in immune thrombocytopenia (ITP)</articleTitle>. <journalTitle>Br J Haematol</journalTitle> <pubYear year="2013">2013</pubYear>; <vol>163</vol>:<pageFirst>10</pageFirst>&#x2013;<pageLast>23</pageLast></citation>
</bib>
<bib xml:id="voxs12375-bib-0026">
<citation type="journal" xml:id="voxs12375-cit-0026"><author><familyName>Zufferey</familyName> <givenNames>A</givenNames></author>, <author><familyName>Kapur</familyName> <givenNames>R</givenNames></author>, <author><familyName>Semple</familyName> <givenNames>JW</givenNames></author>: <articleTitle>Pathogenesis and Therapeutic Mechanisms in Immune Thrombocytopenia (ITP)</articleTitle>. <journalTitle>J Clin Med</journalTitle> <pubYear year="2017">2017</pubYear>; doi: <accessionId ref="info:doi/10.3390/jcm6020016">10.3390&#x002F;jcm6020016</accessionId></citation>
</bib>
<bib xml:id="voxs12375-bib-0027">
<citation type="journal" xml:id="voxs12375-cit-0027"><author><familyName>Olsson</familyName> <givenNames>B</givenNames></author>, <author><familyName>Andersson</familyName> <givenNames>PO</givenNames></author>, <author><familyName>Jernas</familyName> <givenNames>M</givenNames></author>, <i>et al</i>.: <articleTitle>T&#x2010;cell&#x2010;mediated cytotoxicity toward platelets in chronic idiopathic thrombocytopenic purpura</articleTitle>. <journalTitle>Nat Med</journalTitle> <pubYear year="2003">2003</pubYear>; <vol>9</vol>:<pageFirst>1123</pageFirst>&#x2013;<pageLast>1124</pageLast></citation>
</bib>
<bib xml:id="voxs12375-bib-0028">
<citation type="journal" xml:id="voxs12375-cit-0028"><author><familyName>Nardi</familyName> <givenNames>M</givenNames></author>, <author><familyName>Tomlinson</familyName> <givenNames>S</givenNames></author>, <author><familyName>Greco</familyName> <givenNames>MA</givenNames></author>, <i>et al</i>.: <articleTitle>Complement&#x2010;independent, peroxide&#x2010;induced antibody lysis of platelets in HIV&#x2010;1&#x2010;related immune thrombocytopenia</articleTitle>. <journalTitle>Cell</journalTitle> <pubYear year="2001">2001</pubYear>; <vol>106</vol>:<pageFirst>551</pageFirst>&#x2013;<pageLast>561</pageLast></citation>
</bib>
<bib xml:id="voxs12375-bib-0029">
<citation type="journal" xml:id="voxs12375-cit-0029"><author><familyName>Provan</familyName> <givenNames>D</givenNames></author>, <author><familyName>Stasi</familyName> <givenNames>R</givenNames></author>, <author><familyName>Newland</familyName> <givenNames>AC</givenNames></author>, <i>et al</i>.: <articleTitle>International consensus report on the investigation and management of primary immune thrombocytopenia</articleTitle>. <journalTitle>Blood</journalTitle> <pubYear year="2010">2010</pubYear>; <vol>115</vol>:<pageFirst>168</pageFirst>&#x2013;<pageLast>186</pageLast></citation>
</bib>
<bib xml:id="voxs12375-bib-0030">
<citation type="journal" xml:id="voxs12375-cit-0030"><author><familyName>Siragam</familyName> <givenNames>V</givenNames></author>, <author><familyName>Crow</familyName> <givenNames>AR</givenNames></author>, <author><familyName>Brinc</familyName> <givenNames>D</givenNames></author>, <i>et al</i>.: <articleTitle>Intravenous immunoglobulin ameliorates ITP via activating Fc gamma receptors on dendritic cells</articleTitle>. <journalTitle>Nat Med</journalTitle> <pubYear year="2006">2006</pubYear>; <vol>12</vol>:<pageFirst>688</pageFirst>&#x2013;<pageLast>692</pageLast></citation>
</bib>
<bib xml:id="voxs12375-bib-0031">
<citation type="journal" xml:id="voxs12375-cit-0031"><author><familyName>Schwab</familyName> <givenNames>I</givenNames></author>, <author><familyName>Biburger</familyName> <givenNames>M</givenNames></author>, <author><familyName>Kronke</familyName> <givenNames>G</givenNames></author>, <i>et al</i>.: <articleTitle>IVIg&#x2010;mediated amelioration of ITP in mice is dependent on sialic acid and SIGNR1</articleTitle>. <journalTitle>Eur J Immunol</journalTitle> <pubYear year="2012">2012</pubYear>; <vol>42</vol>:<pageFirst>826</pageFirst>&#x2013;<pageLast>830</pageLast></citation>
</bib>
<bib xml:id="voxs12375-bib-0032">
<citation type="journal" xml:id="voxs12375-cit-0032"><author><familyName>Kapur</familyName> <givenNames>R</givenNames></author>, <author><familyName>Aslam</familyName> <givenNames>R</givenNames></author>, <author><familyName>Kim</familyName> <givenNames>M</givenNames></author>, <i>et al</i>.: <articleTitle>Thymic&#x2010;derived tolerizing dendritic cells are upregulated in the spleen upon treatment with intravenous immunoglobulin in a murine model of immune thrombocytopenia</articleTitle>. <journalTitle>Platelets</journalTitle> <pubYear year="2017">2017</pubYear>; <vol>28</vol>:<pageFirst>521</pageFirst>&#x2013;<pageLast>524</pageLast></citation>
</bib>
<bib xml:id="voxs12375-bib-0033">
<citation type="journal" xml:id="voxs12375-cit-0033"><author><familyName>Aslam</familyName> <givenNames>R</givenNames></author>, <author><familyName>Hu</familyName> <givenNames>Y</givenNames></author>, <author><familyName>Gebremeskel</familyName> <givenNames>S</givenNames></author>, <i>et al</i>.: <articleTitle>Thymic retention of CD4 &#x002B; CD25 &#x002B; FoxP3 &#x002B; T regulatory cells is associated with their peripheral deficiency and thrombocytopenia in a murine model of immune thrombocytopenia</articleTitle>. <journalTitle>Blood</journalTitle> <pubYear year="2012">2012</pubYear>; <vol>120</vol>:<pageFirst>2127</pageFirst>&#x2013;<pageLast>2132</pageLast></citation>
</bib>
<bib xml:id="voxs12375-bib-0034">
<citation type="journal" xml:id="voxs12375-cit-0034"><author><familyName>Rama</familyName> <givenNames>Kishore Y</givenNames></author>, <author><familyName>Prashantha</familyName> <givenNames>B</givenNames></author>, <author><familyName>Girish</familyName> <givenNames>M</givenNames></author>, <i>et al</i>.: <articleTitle>Increased C&#x2010;reactive protein levels at diagnosis negatively predict platelet count recovery after steroid&#x2010;treatment in newly diagnosed adult immune thrombocytopenia patients</articleTitle>. <journalTitle>Thromb Res</journalTitle> <pubYear year="2017">2017</pubYear>; <vol>152</vol>:<pageFirst>61</pageFirst>&#x2013;<pageLast>63</pageLast></citation>
</bib>
<bib xml:id="voxs12375-bib-0035">
<citation type="journal" xml:id="voxs12375-cit-0035"><author><familyName>Kapur</familyName> <givenNames>R</givenNames></author>, <author><familyName>Zufferey</familyName> <givenNames>A</givenNames></author>, <author><familyName>Boilard</familyName> <givenNames>E</givenNames></author>, <i>et al</i>.: <articleTitle>Nouvelle cuisine: platelets served with inflammation</articleTitle>. <journalTitle>J Immunol</journalTitle> <pubYear year="2015">2015</pubYear>; <vol>194</vol>:<pageFirst>5579</pageFirst>&#x2013;<pageLast>5587</pageLast></citation>
</bib>
<bib xml:id="voxs12375-bib-0036">
<citation type="journal" xml:id="voxs12375-cit-0036"><author><familyName>Kapur</familyName> <givenNames>R</givenNames></author>, <author><familyName>Semple</familyName> <givenNames>JW</givenNames></author>: <articleTitle>The nonhemostatic immune functions of platelets</articleTitle>. <journalTitle>Semin Hematol</journalTitle> <pubYear year="2016">2016</pubYear>; <vol>53</vol>(<issue>Suppl. 1</issue>):<pageFirst>S2</pageFirst>&#x2013;<pageLast>S6</pageLast></citation>
</bib>
<bib xml:id="voxs12375-bib-0037">
<citation type="journal" xml:id="voxs12375-cit-0037"><author><familyName>Kapur</familyName> <givenNames>R</givenNames></author>, <author><familyName>Semple</familyName> <givenNames>JW</givenNames></author>: <articleTitle>Platelets as immune&#x2010;sensing cells</articleTitle>. <journalTitle>Blood Adv</journalTitle> <pubYear year="2016">2016</pubYear>; <vol>1</vol>:<pageFirst>10</pageFirst>&#x2013;<pageLast>14</pageLast></citation>
</bib>
<bib xml:id="voxs12375-bib-0038">
<citation type="journal" xml:id="voxs12375-cit-0038"><author><familyName>Panigrahi</familyName> <givenNames>S</givenNames></author>, <author><familyName>Ma</familyName> <givenNames>Y</givenNames></author>, <author><familyName>Hong</familyName> <givenNames>L</givenNames></author>, <i>et al</i>.: <articleTitle>Engagement of platelet toll&#x2010;like receptor 9 by novel endogenous ligands promotes platelet hyperreactivity and thrombosis</articleTitle>. <journalTitle>Circ Res</journalTitle> <pubYear year="2013">2013</pubYear>; <vol>112</vol>:<pageFirst>103</pageFirst>&#x2013;<pageLast>112</pageLast></citation>
</bib>
<bib xml:id="voxs12375-bib-0039">
<citation type="journal" xml:id="voxs12375-cit-0039"><author><familyName>Youssefian</familyName> <givenNames>T</givenNames></author>, <author><familyName>Drouin</familyName> <givenNames>A</givenNames></author>, <author><familyName>Masse</familyName> <givenNames>JM</givenNames></author>, <i>et al</i>.: <articleTitle>Host defense role of platelets: engulfment of HIV and Staphylococcus aureus occurs in a specific subcellular compartment and is enhanced by platelet activation</articleTitle>. <journalTitle>Blood</journalTitle> <pubYear year="2002">2002</pubYear>; <vol>99</vol>:<pageFirst>4021</pageFirst>&#x2013;<pageLast>4029</pageLast></citation>
</bib>
<bib xml:id="voxs12375-bib-0040">
<citation type="journal" xml:id="voxs12375-cit-0040"><author><familyName>Flaujac</familyName> <givenNames>C</givenNames></author>, <author><familyName>Boukour</familyName> <givenNames>S</givenNames></author>, <author><familyName>Cramer&#x2010;Borde</familyName> <givenNames>E</givenNames></author>: <articleTitle>Platelets and viruses: an ambivalent relationship</articleTitle>. <journalTitle>Cell Mol Life Sci</journalTitle> <pubYear year="2010">2010</pubYear>; <vol>67</vol>:<pageFirst>545</pageFirst>&#x2013;<pageLast>556</pageLast></citation>
</bib>
<bib xml:id="voxs12375-bib-0041">
<citation type="journal" xml:id="voxs12375-cit-0041"><author><familyName>Assinger</familyName> <givenNames>A</givenNames></author>: <articleTitle>Platelets and infection &#x2013; an emerging role of platelets in viral infection</articleTitle>. <journalTitle>Front Immunol</journalTitle> <pubYear year="2014">2014</pubYear>; <vol>5</vol>:<pageFirst>649</pageFirst></citation>
</bib>
<bib xml:id="voxs12375-bib-0042">
<citation type="journal" xml:id="voxs12375-cit-0042"><author><familyName>Yeaman</familyName> <givenNames>MR</givenNames></author>: <articleTitle>Bacterial&#x2010;platelet interactions: virulence meets host defense</articleTitle>. <journalTitle>Future Microbiol</journalTitle> <pubYear year="2010">2010</pubYear>; <vol>5</vol>:<pageFirst>471</pageFirst>&#x2013;<pageLast>506</pageLast></citation>
</bib>
<bib xml:id="voxs12375-bib-0043">
<citation type="journal" xml:id="voxs12375-cit-0043"><author><familyName>Yeaman</familyName> <givenNames>MR</givenNames></author>: <articleTitle>Platelets in defense against bacterial pathogens</articleTitle>. <journalTitle>Cell Mol Life Sci</journalTitle> <pubYear year="2010">2010</pubYear>; <vol>67</vol>:<pageFirst>525</pageFirst>&#x2013;<pageLast>544</pageLast></citation>
</bib>
<bib xml:id="voxs12375-bib-0044">
<citation type="journal" xml:id="voxs12375-cit-0044"><author><familyName>Kerrigan</familyName> <givenNames>SW</givenNames></author>, <author><familyName>Cox</familyName> <givenNames>D</givenNames></author>: <articleTitle>Platelet&#x2010;bacterial interactions</articleTitle>. <journalTitle>Cell Mol Life Sci</journalTitle> <pubYear year="2010">2010</pubYear>; <vol>67</vol>:<pageFirst>513</pageFirst>&#x2013;<pageLast>523</pageLast></citation>
</bib>
<bib xml:id="voxs12375-bib-0045">
<citation type="journal" xml:id="voxs12375-cit-0045"><author><familyName>McMorran</familyName> <givenNames>BJ</givenNames></author>, <author><familyName>Marshall</familyName> <givenNames>VM</givenNames></author>, <author><familyNamePrefix>de</familyNamePrefix> <familyName>Graaf</familyName> <givenNames>C</givenNames></author>, <i>et al</i>.: <articleTitle>Platelets kill intraerythrocytic malarial parasites and mediate survival to infection</articleTitle>. <journalTitle>Science</journalTitle> <pubYear year="2009">2009</pubYear>; <vol>323</vol>:<pageFirst>797</pageFirst>&#x2013;<pageLast>800</pageLast></citation>
</bib>
<bib xml:id="voxs12375-bib-0046">
<citation type="journal" xml:id="voxs12375-cit-0046"><author><familyName>Kraemer</familyName> <givenNames>BF</givenNames></author>, <author><familyName>Campbell</familyName> <givenNames>RA</givenNames></author>, <author><familyName>Schwertz</familyName> <givenNames>H</givenNames></author>, <i>et al</i>.: <articleTitle>Novel anti&#x2010;bacterial activities of beta&#x2010;defensin 1 in human platelets: suppression of pathogen growth and signaling of neutrophil extracellular trap formation</articleTitle>. <journalTitle>PLoS Pathog</journalTitle> <pubYear year="2011">2011</pubYear>; <vol>7</vol>:<pageFirst>e1002355</pageFirst></citation>
</bib>
<bib xml:id="voxs12375-bib-0047">
<citation type="journal" xml:id="voxs12375-cit-0047"><author><familyName>Wong</familyName> <givenNames>CH</givenNames></author>, <author><familyName>Jenne</familyName> <givenNames>CN</givenNames></author>, <author><familyName>Petri</familyName> <givenNames>B</givenNames></author>, <i>et al</i>.: <articleTitle>Nucleation of platelets with blood&#x2010;borne pathogens on Kupffer cells precedes other innate immunity and contributes to bacterial clearance</articleTitle>. <journalTitle>Nat Immunol</journalTitle> <pubYear year="2013">2013</pubYear>; <vol>14</vol>:<pageFirst>785</pageFirst>&#x2013;<pageLast>792</pageLast></citation>
</bib>
<bib xml:id="voxs12375-bib-0048">
<citation type="journal" xml:id="voxs12375-cit-0048"><author><familyName>Clark</familyName> <givenNames>SR</givenNames></author>, <author><familyName>Ma</familyName> <givenNames>AC</givenNames></author>, <author><familyName>Tavener</familyName> <givenNames>SA</givenNames></author>, <i>et al</i>.: <articleTitle>Platelet TLR4 activates neutrophil extracellular traps to ensnare bacteria in septic blood</articleTitle>. <journalTitle>Nat Med</journalTitle> <pubYear year="2007">2007</pubYear>; <vol>13</vol>:<pageFirst>463</pageFirst>&#x2013;<pageLast>469</pageLast></citation>
</bib>
<bib xml:id="voxs12375-bib-0049">
<citation type="journal" xml:id="voxs12375-cit-0049"><author><familyName>Dankert</familyName> <givenNames>J</givenNames></author>, <author>der<familyName>van</familyName> <givenNames>Werff J</givenNames></author>, <author><familyName>Zaat</familyName> <givenNames>SA</givenNames></author>, <i>et al</i>.: <articleTitle>Involvement of bactericidal factors from thrombin&#x2010;stimulated platelets in clearance of adherent viridans streptococci in experimental infective endocarditis</articleTitle>. <journalTitle>Infect Immun</journalTitle> <pubYear year="1995">1995</pubYear>; <vol>63</vol>:<pageFirst>663</pageFirst>&#x2013;<pageLast>671</pageLast></citation>
</bib>
<bib xml:id="voxs12375-bib-0050">
<citation type="journal" xml:id="voxs12375-cit-0050"><author><familyName>Verschoor</familyName> <givenNames>A</givenNames></author>, <author><familyName>Neuenhahn</familyName> <givenNames>M</givenNames></author>, <author><familyName>Navarini</familyName> <givenNames>AA</givenNames></author>, <i>et al</i>.: <articleTitle>A platelet&#x2010;mediated system for shuttling blood&#x2010;borne bacteria to CD8alpha&#x002B; dendritic cells depends on glycoprotein GPIb and complement C3</articleTitle>. <journalTitle>Nat Immunol</journalTitle> <pubYear year="2011">2011</pubYear>; <vol>12</vol>:<pageFirst>1194</pageFirst>&#x2013;<pageLast>1201</pageLast></citation>
</bib>
<bib xml:id="voxs12375-bib-0051">
<citation type="journal" xml:id="voxs12375-cit-0051"><author><familyName>Elzey</familyName> <givenNames>BD</givenNames></author>, <author><familyName>Schmidt</familyName> <givenNames>NW</givenNames></author>, <author><familyName>Crist</familyName> <givenNames>SA</givenNames></author>, <i>et al</i>.: <articleTitle>Platelet&#x2010;derived CD154 enables T&#x2010;cell priming and protection against Listeria monocytogenes challenge</articleTitle>. <journalTitle>Blood</journalTitle> <pubYear year="2008">2008</pubYear>; <vol>111</vol>:<pageFirst>3684</pageFirst>&#x2013;<pageLast>3691</pageLast></citation>
</bib>
<bib xml:id="voxs12375-bib-0052">
<citation type="journal" xml:id="voxs12375-cit-0052"><author><familyName>Iannacone</familyName> <givenNames>M</givenNames></author>, <author><familyName>Sitia</familyName> <givenNames>G</givenNames></author>, <author><familyName>Isogawa</familyName> <givenNames>M</givenNames></author>, <i>et al</i>.: <articleTitle>Platelets mediate cytotoxic T lymphocyte&#x2010;induced liver damage</articleTitle>. <journalTitle>Nat Med</journalTitle> <pubYear year="2005">2005</pubYear>; <vol>11</vol>:<pageFirst>1167</pageFirst>&#x2013;<pageLast>1169</pageLast></citation>
</bib>
<bib xml:id="voxs12375-bib-0053">
<citation type="journal" xml:id="voxs12375-cit-0053"><author><familyName>Kissel</familyName> <givenNames>K</givenNames></author>, <author><familyName>Berber</familyName> <givenNames>S</givenNames></author>, <author><familyName>Nockher</familyName> <givenNames>A</givenNames></author>, <i>et al</i>.: <articleTitle>Human platelets target dendritic cell differentiation and production of proinflammatory cytokines</articleTitle>. <journalTitle>Transfusion</journalTitle> <pubYear year="2006">2006</pubYear>; <vol>46</vol>:<pageFirst>818</pageFirst>&#x2013;<pageLast>827</pageLast></citation>
</bib>
<bib xml:id="voxs12375-bib-0054">
<citation type="journal" xml:id="voxs12375-cit-0054"><author>von<familyName>Hundelshausen</familyName> <givenNames>P</givenNames></author>, <author><familyName>Weber</familyName> <givenNames>C</givenNames></author>: <articleTitle>Platelets as immune cells: bridging inflammation and cardiovascular disease</articleTitle>. <journalTitle>Circ Res</journalTitle> <pubYear year="2007">2007</pubYear>; <vol>100</vol>:<pageFirst>27</pageFirst>&#x2013;<pageLast>40</pageLast></citation>
</bib>
<bib xml:id="voxs12375-bib-0055">
<citation type="journal" xml:id="voxs12375-cit-0055"><author><familyName>Elzey</familyName> <givenNames>BD</givenNames></author>, <author><familyName>Tian</familyName> <givenNames>J</givenNames></author>, <author><familyName>Jensen</familyName> <givenNames>RJ</givenNames></author>, <i>et al</i>.: <articleTitle>Platelet&#x2010;mediated modulation of adaptive immunity. A communication link between innate and adaptive immune compartments</articleTitle>. <journalTitle>Immunity</journalTitle> <pubYear year="2003">2003</pubYear>; <vol>19</vol>:<pageFirst>9</pageFirst>&#x2013;<pageLast>19</pageLast></citation>
</bib>
<bib xml:id="voxs12375-bib-0056">
<citation type="journal" xml:id="voxs12375-cit-0056"><author><familyName>Andersson</familyName> <givenNames>PO</givenNames></author>, <author><familyName>Stockelberg</familyName> <givenNames>D</givenNames></author>, <author><familyName>Jacobsson</familyName> <givenNames>S</givenNames></author>, <i>et al</i>.: <articleTitle>A transforming growth factor&#x2010;beta1&#x2010;mediated bystander immune suppression could be associated with remission of chronic idiopathic thrombocytopenic purpura</articleTitle>. <journalTitle>Ann Hematol</journalTitle> <pubYear year="2000">2000</pubYear>; <vol>79</vol>:<pageFirst>507</pageFirst>&#x2013;<pageLast>513</pageLast></citation>
</bib>
<bib xml:id="voxs12375-bib-0057">
<citation type="journal" xml:id="voxs12375-cit-0057"><author><familyName>Andersson</familyName> <givenNames>PO</givenNames></author>, <author><familyName>Olsson</familyName> <givenNames>A</givenNames></author>, <author><familyName>Wadenvik</familyName> <givenNames>H</givenNames></author>: <articleTitle>Reduced transforming growth factor&#x2010;beta1 production by mononuclear cells from patients with active chronic idiopathic thrombocytopenic purpura</articleTitle>. <journalTitle>Br J Haematol</journalTitle> <pubYear year="2002">2002</pubYear>; <vol>116</vol>:<pageFirst>862</pageFirst>&#x2013;<pageLast>867</pageLast></citation>
</bib>
<bib xml:id="voxs12375-bib-0058">
<citation type="journal" xml:id="voxs12375-cit-0058"><author><familyName>Laffont</familyName> <givenNames>B</givenNames></author>, <author><familyName>Corduan</familyName> <givenNames>A</givenNames></author>, <author><familyName>Ple</familyName> <givenNames>H</givenNames></author>, <i>et al</i>.: <articleTitle>Activated platelets can deliver mRNA regulatory Ago2&#x002A;microRNA complexes to endothelial cells via microparticles</articleTitle>. <journalTitle>Blood</journalTitle> <pubYear year="2013">2013</pubYear>; <vol>122</vol>:<pageFirst>253</pageFirst>&#x2013;<pageLast>261</pageLast></citation>
</bib>
<bib xml:id="voxs12375-bib-0059">
<citation type="journal" xml:id="voxs12375-cit-0059"><author><familyName>Cloutier</familyName> <givenNames>N</givenNames></author>, <author><familyName>Tan</familyName> <givenNames>S</givenNames></author>, <author><familyName>Boudreau</familyName> <givenNames>LH</givenNames></author>, <i>et al</i>.: <articleTitle>The exposure of autoantigens by microparticles underlies the formation of potent inflammatory components: the microparticle&#x2010;associated immune complexes</articleTitle>. <journalTitle>EMBO Mol Med</journalTitle> <pubYear year="2013">2013</pubYear>; <vol>5</vol>:<pageFirst>235</pageFirst>&#x2013;<pageLast>249</pageLast></citation>
</bib>
<bib xml:id="voxs12375-bib-0060">
<citation type="journal" xml:id="voxs12375-cit-0060"><author><familyName>Nurden</familyName> <givenNames>AT</givenNames></author>: <articleTitle>Platelets, inflammation and tissue regeneration</articleTitle>. <journalTitle>Thromb Haemost</journalTitle> <pubYear year="2011">2011</pubYear>; <vol>105</vol>(<issue>Suppl. 1</issue>):<pageFirst>S13</pageFirst>&#x2013;<pageLast>S33</pageLast></citation>
</bib>
<bib xml:id="voxs12375-bib-0061">
<citation type="journal" xml:id="voxs12375-cit-0061"><author><familyName>Reid</familyName> <givenNames>VL</givenNames></author>, <author><familyName>Webster</familyName> <givenNames>NR</givenNames></author>: <articleTitle>Role of microparticles in sepsis</articleTitle>. <journalTitle>Br J Anaesth</journalTitle> <pubYear year="2012">2012</pubYear>; <vol>109</vol>:<pageFirst>503</pageFirst>&#x2013;<pageLast>513</pageLast></citation>
</bib>
<bib xml:id="voxs12375-bib-0062">
<citation type="journal" xml:id="voxs12375-cit-0062"><author><familyName>Boudreau</familyName> <givenNames>LH</givenNames></author>, <author><familyName>Duchez</familyName> <givenNames>AC</givenNames></author>, <author><familyName>Cloutier</familyName> <givenNames>N</givenNames></author>, <i>et al</i>.: <articleTitle>Platelets release mitochondria serving as substrate for bactericidal group IIA&#x2010;secreted phospholipase A2 to promote inflammation</articleTitle>. <journalTitle>Blood</journalTitle> <pubYear year="2014">2014</pubYear>; <vol>124</vol>:<pageFirst>2173</pageFirst>&#x2013;<pageLast>2183</pageLast></citation>
</bib>
<bib xml:id="voxs12375-bib-0063">
<citation type="journal" xml:id="voxs12375-cit-0063"><author><familyName>Ray</familyName> <givenNames>DM</givenNames></author>, <author><familyName>Spinelli</familyName> <givenNames>SL</givenNames></author>, <author><familyName>Pollock</familyName> <givenNames>SJ</givenNames></author>, <i>et al</i>.: <articleTitle>Peroxisome proliferator&#x2010;activated receptor gamma and retinoid X receptor transcription factors are released from activated human platelets and shed in microparticles</articleTitle>. <journalTitle>Thromb Haemost</journalTitle> <pubYear year="2008">2008</pubYear>; <vol>99</vol>:<pageFirst>86</pageFirst>&#x2013;<pageLast>95</pageLast></citation>
</bib>
<bib xml:id="voxs12375-bib-0064">
<citation type="journal" xml:id="voxs12375-cit-0064"><author><familyName>Garcia</familyName> <givenNames>BA</givenNames></author>, <author><familyName>Smalley</familyName> <givenNames>DM</givenNames></author>, <author><familyName>Cho</familyName> <givenNames>H</givenNames></author>, <i>et al</i>.: <articleTitle>The platelet microparticle proteome</articleTitle>. <journalTitle>J Proteome Res</journalTitle> <pubYear year="2005">2005</pubYear>; <vol>4</vol>:<pageFirst>1516</pageFirst>&#x2013;<pageLast>1521</pageLast></citation>
</bib>
<bib xml:id="voxs12375-bib-0065">
<citation type="journal" xml:id="voxs12375-cit-0065"><author><familyName>Shulman</familyName> <givenNames>NR</givenNames></author>, <author><familyName>Aster</familyName> <givenNames>RH</givenNames></author>, <author><familyName>Pearson</familyName> <givenNames>HA</givenNames></author>, <i>et al</i>.: <articleTitle>Immunoreactions involving platelet. VI. Reactions of maternal isoantibodies responsible for neonatal purpura. Differentiation of a second platelet antigen system</articleTitle>. <journalTitle>J Clin Invest</journalTitle> <pubYear year="1962">1962</pubYear>; <vol>41</vol>:<pageFirst>1059</pageFirst>&#x2013;<pageLast>1069</pageLast></citation>
</bib>
<bib xml:id="voxs12375-bib-0066">
<citation type="journal" xml:id="voxs12375-cit-0066"><author><familyName>Blumberg</familyName> <givenNames>N</givenNames></author>, <author><familyName>Masel</familyName> <givenNames>D</givenNames></author>, <author><familyName>Mayer</familyName> <givenNames>T</givenNames></author>, <i>et al</i>.: <articleTitle>Removal of HLA&#x2010;A,B antigens from platelets</articleTitle>. <journalTitle>Blood</journalTitle> <pubYear year="1984">1984</pubYear>; <vol>63</vol>:<pageFirst>448</pageFirst>&#x2013;<pageLast>450</pageLast></citation>
</bib>
<bib xml:id="voxs12375-bib-0067">
<citation type="journal" xml:id="voxs12375-cit-0067"><author><familyName>Kao</familyName> <givenNames>KJ</givenNames></author>, <author><familyName>Cook</familyName> <givenNames>DJ</givenNames></author>, <author><familyName>Scornik</familyName> <givenNames>JC</givenNames></author>: <articleTitle>Quantitative analysis of platelet surface HLA by W6&#x002F;32 anti&#x2010;HLA monoclonal antibody</articleTitle>. <journalTitle>Blood</journalTitle> <pubYear year="1986">1986</pubYear>; <vol>68</vol>:<pageFirst>627</pageFirst>&#x2013;<pageLast>632</pageLast></citation>
</bib>
<bib xml:id="voxs12375-bib-0068">
<citation type="journal" xml:id="voxs12375-cit-0068"><author><familyName>Kao</familyName> <givenNames>KJ</givenNames></author>: <articleTitle>Plasma and platelet HLA in normal individuals: quantitation by competitive enzyme&#x2010;linked immunoassay</articleTitle>. <journalTitle>Blood</journalTitle> <pubYear year="1987">1987</pubYear>; <vol>70</vol>:<pageFirst>282</pageFirst>&#x2013;<pageLast>286</pageLast></citation>
</bib>
<bib xml:id="voxs12375-bib-0069">
<citation type="journal" xml:id="voxs12375-cit-0069"><author><familyName>Kao</familyName> <givenNames>KJ</givenNames></author>: <articleTitle>Selective elution of HLA antigens and beta 2&#x2010;microglobulin from human platelets by chloroquine diphosphate</articleTitle>. <journalTitle>Transfusion</journalTitle> <pubYear year="1988">1988</pubYear>; <vol>28</vol>:<pageFirst>14</pageFirst>&#x2013;<pageLast>17</pageLast></citation>
</bib>
<bib xml:id="voxs12375-bib-0070">
<citation type="journal" xml:id="voxs12375-cit-0070"><author><familyName>Neumuller</familyName> <givenNames>J</givenNames></author>, <author><familyName>Tohidast&#x2010;Akrad</familyName> <givenNames>M</givenNames></author>, <author><familyName>Fischer</familyName> <givenNames>M</givenNames></author>, <i>et al</i>.: <articleTitle>Influence of chloroquine or acid treatment of human platelets on the antigenicity of HLA and the &#x2018;thrombocyte&#x2010;specific&#x2019; glycoproteins Ia&#x002F;IIa, IIb, and IIb&#x002F;IIIa</articleTitle>. <journalTitle>Vox Sang</journalTitle> <pubYear year="1993">1993</pubYear>; <vol>65</vol>:<pageFirst>223</pageFirst>&#x2013;<pageLast>231</pageLast></citation>
</bib>
<bib xml:id="voxs12375-bib-0071">
<citation type="journal" xml:id="voxs12375-cit-0071"><author><familyName>Ghio</familyName> <givenNames>M</givenNames></author>, <author><familyName>Contini</familyName> <givenNames>P</givenNames></author>, <author><familyName>Mazzei</familyName> <givenNames>C</givenNames></author>, <i>et al</i>.: <articleTitle>Soluble HLA class I, HLA class II, and Fas ligand in blood components: a possible key to explain the immunomodulatory effects of allogeneic blood transfusions</articleTitle>. <journalTitle>Blood</journalTitle> <pubYear year="1999">1999</pubYear>; <vol>93</vol>:<pageFirst>1770</pageFirst>&#x2013;<pageLast>1777</pageLast></citation>
</bib>
<bib xml:id="voxs12375-bib-0072">
<citation type="journal" xml:id="voxs12375-cit-0072"><author><familyName>Gouttefangeas</familyName> <givenNames>C</givenNames></author>, <author><familyName>Diehl</familyName> <givenNames>M</givenNames></author>, <author><familyName>Keilholz</familyName> <givenNames>W</givenNames></author>, <i>et al</i>.: <articleTitle>Thrombocyte HLA molecules retain nonrenewable endogenous peptides of megakaryocyte lineage and do not stimulate direct allocytotoxicity in vitro</articleTitle>. <journalTitle>Blood</journalTitle> <pubYear year="2000">2000</pubYear>; <vol>95</vol>:<pageFirst>3168</pageFirst>&#x2013;<pageLast>3175</pageLast></citation>
</bib>
<bib xml:id="voxs12375-bib-0073">
<citation type="journal" xml:id="voxs12375-cit-0073"><author><familyName>Chapman</familyName> <givenNames>LM</givenNames></author>, <author><familyName>Aggrey</familyName> <givenNames>AA</givenNames></author>, <author><familyName>Field</familyName> <givenNames>DJ</givenNames></author>, <i>et al</i>.: <articleTitle>Platelets present antigen in the context of MHC class I</articleTitle>. <journalTitle>J Immunol</journalTitle> <pubYear year="2012">2012</pubYear>; <vol>189</vol>:<pageFirst>916</pageFirst>&#x2013;<pageLast>923</pageLast></citation>
</bib>
</bibliography>
</body>
</component>
