<?xml version="1.0" encoding="US-ASCII" standalone="yes"?>
<component type="serialArticle" version="2.0" xml:id="voxs12390" xml:lang="en" xmlns="http://www.wiley.com/namespaces/wiley" xmlns:wiley="http://www.wiley.com/namespaces/wiley/wiley">
<header>
<publicationMeta level="product">
<doi origin="wiley" registered="yes">10.1111/(ISSN)1751-2824</doi>
<issn type="print">1751-2816</issn>
<issn type="electronic">1751-2824</issn>
<idGroup>
<id type="product" value="VOXS"/>
</idGroup>
<titleGroup>
<title sort="ISBT SCIENCE SERIES" type="main">ISBT Science Series</title>
<title type="short">VOXS</title>
</titleGroup>
</publicationMeta>
<publicationMeta level="part" position="10"><doi origin="wiley">10.1111/voxs.2018.13.issue-1</doi>
<titleGroup>
<title type="specialIssueTitle">27th Regional Congress of the International Society of Blood Transfusion, Copenhagen, Denmark, June 17&#x2010;21, part II</title>
</titleGroup>
<copyright ownership="thirdParty">Copyright ISBT Science Series &#x00A9; 2018 International Society of Blood Transfusion</copyright><numberingGroup><numbering type="journalVolume" number="13">13</numbering><numbering type="journalIssue">1</numbering></numberingGroup><coverDate startDate="2018-02">February 2018</coverDate>
</publicationMeta>
<publicationMeta level="unit" position="10" status="forIssue" type="frontmatter">
<doi>10.1111/voxs.12390</doi>
<idGroup>
<id type="unit" value="VOXS12390"/>
</idGroup>
<countGroup>
<count number="2" type="pageTotal"/>
</countGroup>
<titleGroup>
<title type="articleCategory">Issue Information</title>
<title type="tocHeading1">Issue Information</title>
</titleGroup>
<copyright ownership="thirdParty">Copyright ISBT Science Series &#x00A9; 2018 International Society of Blood Transfusion</copyright>
<eventGroup>
<event agent="SPS" date="2016-12-21" type="xmlCreated"/>
</eventGroup>
<numberingGroup>
<numbering type="pageFirst">1</numbering>
<numbering type="pageLast">2</numbering>
</numberingGroup>
<linkGroup>
<link type="toTypesetVersion" href="file:voxs12390.pdf"/>
</linkGroup>
</publicationMeta>
<contentMeta>
<countGroup>
<count number="0" type="figureTotal"/>
<count number="0" type="tableTotal"/>
<count number="50" type="wordTotal"/>
</countGroup>
<titleGroup>
<title type="main">Issue Information</title>
</titleGroup>
</contentMeta>
</header>
</component>